Hour,Minute,Second,Microsecond,IR1
10,25,27,589000,42269.0
10,25,27,593000,42270.0
10,25,27,606000,42269.0
10,25,27,614000,42270.0
10,25,27,626000,42274.0
10,25,27,634000,42286.0
10,25,27,647000,42287.0
10,25,27,659000,42280.0
10,25,27,667000,42281.0
10,25,27,679000,42264.0
10,25,27,688000,42282.0
10,25,27,700000,42286.0
10,25,27,708000,42293.0
10,25,27,720000,42283.0
10,25,27,733000,42266.0
10,25,27,741000,42245.0
10,25,27,753000,42235.0
10,25,27,761000,42229.0
10,25,27,774000,42214.0
10,25,27,782000,42206.0
10,25,27,794000,42205.0
10,25,27,806000,42215.0
10,25,27,815000,42225.0
10,25,27,827000,42228.0
10,25,27,835000,42218.0
10,25,27,847000,42227.0
10,25,27,856000,42236.0
10,25,27,868000,42250.0
10,25,27,880000,42236.0
10,25,27,888000,42223.0
10,25,27,901000,42218.0
10,25,27,909000,42227.0
10,25,27,921000,42226.0
10,25,27,929000,42240.0
10,25,27,942000,42225.0
10,25,27,954000,42225.0
10,25,27,962000,42243.0
10,25,27,974000,42243.0
10,25,27,982000,42248.0
10,25,27,995000,42243.0
10,25,28,3000,42241.0
10,25,28,15000,42250.0
10,25,28,28000,42278.0
10,25,28,36000,42300.0
10,25,28,48000,42313.0
10,25,28,56000,42305.0
10,25,28,69000,42295.0
10,25,28,77000,42298.0
10,25,28,89000,42301.0
10,25,28,101000,42307.0
10,25,28,109000,42316.0
10,25,28,122000,42325.0
10,25,28,135000,42334.0
10,25,28,142000,42336.0
10,25,28,150000,42329.0
10,25,28,163000,42323.0
10,25,28,175000,42329.0
10,25,28,183000,42340.0
10,25,28,195000,42343.0
10,25,28,204000,42343.0
10,25,28,216000,42332.0
10,25,28,224000,42324.0
10,25,28,236000,42332.0
10,25,28,249000,42338.0
10,25,28,257000,42351.0
10,25,28,269000,42360.0
10,25,28,277000,42364.0
10,25,28,290000,42369.0
10,25,28,298000,42370.0
10,25,28,310000,42363.0
10,25,28,322000,42362.0
10,25,28,331000,42370.0
10,25,28,343000,42370.0
10,25,28,351000,42376.0
10,25,28,363000,42381.0
10,25,28,372000,42376.0
10,25,28,384000,42383.0
10,25,28,396000,42388.0
10,25,28,404000,42272.0
10,25,28,417000,41683.0
10,25,28,425000,40496.0
10,25,28,437000,39678.0
10,25,28,445000,39506.0
10,25,28,458000,39518.0
10,25,28,470000,39816.0
10,25,28,478000,39977.0
10,25,28,490000,40140.0
10,25,28,499000,40397.0
10,25,28,511000,40661.0
10,25,28,523000,40965.0
10,25,28,531000,41240.0
10,25,28,544000,41460.0
10,25,28,552000,41652.0
10,25,28,564000,41802.0
10,25,28,572000,41892.0
10,25,28,585000,41970.0
10,25,28,597000,42018.0
10,25,28,605000,42048.0
10,25,28,617000,42087.0
10,25,28,626000,42122.0
10,25,28,638000,42121.0
10,25,28,646000,42160.0
10,25,28,670000,42182.0
10,25,28,673000,42201.0
10,25,28,679000,42210.0
10,25,28,691000,42227.0
10,25,28,699000,42238.0
10,25,28,712000,42252.0
10,25,28,720000,42257.0
10,25,28,732000,42247.0
10,25,28,744000,42253.0
10,25,28,753000,42257.0
10,25,28,765000,42273.0
10,25,28,773000,42276.0
10,25,28,785000,42275.0
10,25,28,793000,42282.0
10,25,28,806000,42301.0
10,25,28,818000,42312.0
10,25,28,826000,42319.0
10,25,28,839000,42312.0
10,25,28,847000,42306.0
10,25,28,859000,42307.0
10,25,28,867000,42294.0
10,25,28,879000,42291.0
10,25,28,892000,42288.0
10,25,28,900000,42288.0
10,25,28,912000,42283.0
10,25,28,920000,42278.0
10,25,28,933000,42287.0
10,25,28,941000,42287.0
10,25,28,953000,42262.0
10,25,28,965000,42244.0
10,25,28,974000,42244.0
10,25,28,986000,42243.0
10,25,28,994000,42227.0
10,25,29,6000,42222.0
10,25,29,15000,42192.0
10,25,29,27000,42181.0
10,25,29,39000,42166.0
10,25,29,47000,42129.0
10,25,29,60000,42121.0
10,25,29,68000,42091.0
10,25,29,80000,42080.0
10,25,29,88000,42059.0
10,25,29,101000,42056.0
10,25,29,113000,42026.0
10,25,29,121000,41997.0
10,25,29,133000,41989.0
10,25,29,142000,41964.0
10,25,29,161000,41949.0
10,25,29,167000,41927.0
10,25,29,174000,41907.0
10,25,29,187000,41886.0
10,25,29,195000,41851.0
10,25,29,207000,41783.0
10,25,29,215000,41673.0
10,25,29,228000,41602.0
10,25,29,236000,41641.0
10,25,29,248000,41781.0
10,25,29,260000,41966.0
10,25,29,269000,42171.0
10,25,29,281000,42373.0
10,25,29,289000,42482.0
10,25,29,301000,42422.0
10,25,29,310000,42219.0
10,25,29,322000,42134.0
10,25,29,334000,42213.0
10,25,29,342000,42263.0
10,25,29,355000,42329.0
10,25,29,363000,42338.0
10,25,29,375000,42355.0
10,25,29,383000,42414.0
10,25,29,396000,42482.0
10,25,29,408000,42535.0
10,25,29,416000,42569.0
10,25,29,428000,42570.0
10,25,29,437000,42513.0
10,25,29,449000,42409.0
10,25,29,457000,42324.0
10,25,29,469000,42290.0
10,25,29,482000,42307.0
10,25,29,490000,42321.0
10,25,29,502000,42361.0
10,25,29,510000,42443.0
10,25,29,523000,42498.0
10,25,29,531000,42525.0
10,25,29,543000,42512.0
10,25,29,555000,42521.0
10,25,29,563000,42538.0
10,25,29,576000,42581.0
10,25,29,584000,42630.0
10,25,29,596000,42674.0
10,25,29,604000,42664.0
10,25,29,617000,42623.0
10,25,29,629000,42528.0
10,25,29,637000,42269.0
10,25,29,649000,41790.0
10,25,29,658000,41108.0
10,25,29,670000,40431.0
10,25,29,678000,39947.0
10,25,29,690000,39658.0
10,25,29,703000,39546.0
10,25,29,711000,39599.0
10,25,29,723000,39655.0
10,25,29,731000,39720.0
10,25,29,744000,39977.0
10,25,29,752000,40354.0
10,25,29,764000,40735.0
10,25,29,776000,41135.0
10,25,29,785000,41534.0
10,25,29,797000,41795.0
10,25,29,805000,41989.0
10,25,29,817000,42126.0
10,25,29,826000,42272.0
10,25,29,838000,42412.0
10,25,29,850000,42513.0
10,25,29,858000,42502.0
10,25,29,871000,42461.0
10,25,29,879000,42469.0
10,25,29,891000,42507.0
10,25,29,899000,42499.0
10,25,29,912000,42508.0
10,25,29,924000,42512.0
10,25,29,932000,42526.0
10,25,29,944000,42567.0
10,25,29,953000,42614.0
10,25,29,965000,42616.0
10,25,29,973000,42566.0
10,25,29,985000,42536.0
10,25,29,998000,42386.0
10,25,30,6000,42015.0
10,25,30,18000,41077.0
10,25,30,26000,40489.0
10,25,30,39000,40004.0
10,25,30,47000,39621.0
10,25,30,59000,39482.0
10,25,30,71000,39737.0
10,25,30,80000,40230.0
10,25,30,92000,40493.0
10,25,30,100000,40623.0
10,25,30,112000,40900.0
10,25,30,121000,41213.0
10,25,30,133000,41542.0
10,25,30,145000,41833.0
10,25,30,153000,42064.0
10,25,30,170000,42259.0
10,25,30,175000,42405.0
10,25,30,186000,42486.0
10,25,30,194000,42548.0
10,25,30,207000,42625.0
10,25,30,219000,42730.0
10,25,30,227000,42818.0
10,25,30,239000,42800.0
10,25,30,247000,42773.0
10,25,30,260000,42790.0
10,25,30,268000,42840.0
10,25,30,280000,42874.0
10,25,30,292000,42843.0
10,25,30,301000,42734.0
10,25,30,313000,42453.0
10,25,30,321000,41728.0
10,25,30,333000,40807.0
10,25,30,342000,40342.0
10,25,30,354000,40356.0
10,25,30,366000,40525.0
10,25,30,374000,40632.0
10,25,30,387000,40685.0
10,25,30,395000,40794.0
10,25,30,407000,40977.0
10,25,30,415000,41128.0
10,25,30,428000,41170.0
10,25,30,440000,41221.0
10,25,30,448000,41362.0
10,25,30,460000,41628.0
10,25,30,469000,41794.0
10,25,30,481000,42001.0
10,25,30,489000,42181.0
10,25,30,501000,42359.0
10,25,30,514000,42476.0
10,25,30,522000,42548.0
10,25,30,534000,42602.0
10,25,30,542000,42631.0
10,25,30,555000,42661.0
10,25,30,563000,42661.0
10,25,30,575000,42685.0
10,25,30,587000,42696.0
10,25,30,596000,42706.0
10,25,30,608000,42719.0
10,25,30,616000,42734.0
10,25,30,628000,42755.0
10,25,30,637000,42794.0
10,25,30,649000,42749.0
10,25,30,661000,42795.0
10,25,30,669000,42769.0
10,25,30,684000,42814.0
10,25,30,700000,42764.0
10,25,30,705000,42787.0
10,25,30,710000,42730.0
10,25,30,723000,42722.0
10,25,30,735000,42739.0
10,25,30,743000,42787.0
10,25,30,755000,42723.0
10,25,30,764000,42684.0
10,25,30,776000,42625.0
10,25,30,784000,42487.0
10,25,30,796000,42190.0
10,25,30,808000,41683.0
10,25,30,817000,40976.0
10,25,30,829000,40215.0
10,25,30,837000,39676.0
10,25,30,850000,39599.0
10,25,30,858000,39915.0
10,25,30,870000,40103.0
10,25,30,882000,40306.0
10,25,30,891000,40529.0
10,25,30,903000,40729.0
10,25,30,911000,40972.0
10,25,30,923000,41240.0
10,25,30,931000,41469.0
10,25,30,944000,41662.0
10,25,30,956000,41834.0
10,25,30,964000,41949.0
10,25,30,977000,42039.0
10,25,30,985000,42130.0
10,25,30,997000,42201.0
10,25,31,5000,42264.0
10,25,31,17000,42294.0
10,25,31,30000,42342.0
10,25,31,38000,42342.0
10,25,31,50000,42377.0
10,25,31,58000,42404.0
10,25,31,71000,42434.0
10,25,31,79000,42461.0
10,25,31,91000,42471.0
10,25,31,103000,42467.0
10,25,31,112000,42473.0
10,25,31,124000,42478.0
10,25,31,132000,42483.0
10,25,31,144000,42484.0
10,25,31,153000,42474.0
10,25,31,165000,42469.0
10,25,31,177000,42467.0
10,25,31,185000,42460.0
10,25,31,198000,42475.0
10,25,31,206000,42481.0
10,25,31,218000,42483.0
10,25,31,226000,42506.0
10,25,31,239000,42491.0
10,25,31,250000,42501.0
10,25,31,259000,42507.0
10,25,31,271000,42523.0
10,25,31,280000,42530.0
10,25,31,292000,42540.0
10,25,31,300000,42531.0
10,25,31,312000,42551.0
10,25,31,325000,42549.0
10,25,31,333000,42570.0
10,25,31,345000,42572.0
10,25,31,353000,42566.0
10,25,31,366000,42571.0
10,25,31,374000,42576.0
10,25,31,386000,42560.0
10,25,31,398000,42550.0
10,25,31,407000,42543.0
10,25,31,419000,42526.0
10,25,31,427000,42527.0
10,25,31,439000,42536.0
10,25,31,448000,42552.0
10,25,31,460000,42548.0
10,25,31,472000,42556.0
10,25,31,480000,42552.0
10,25,31,493000,42554.0
10,25,31,501000,42556.0
10,25,31,513000,42546.0
10,25,31,521000,42553.0
10,25,31,534000,42556.0
10,25,31,545000,42567.0
10,25,31,554000,42567.0
10,25,31,566000,42574.0
10,25,31,575000,42522.0
10,25,31,587000,41919.0
10,25,31,595000,40604.0
10,25,31,607000,39811.0
10,25,31,620000,39484.0
10,25,31,628000,39358.0
10,25,31,640000,39463.0
10,25,31,648000,39861.0
10,25,31,661000,40029.0
10,25,31,669000,40242.0
10,25,31,681000,40563.0
10,25,31,692000,40880.0
10,25,31,701000,41182.0
10,25,31,714000,41473.0
10,25,31,722000,41685.0
10,25,31,734000,41843.0
10,25,31,742000,41960.0
10,25,31,755000,42054.0
10,25,31,766000,42144.0
10,25,31,775000,42215.0
10,25,31,787000,42248.0
10,25,31,796000,42267.0
10,25,31,808000,42260.0
10,25,31,816000,42274.0
10,25,31,828000,42277.0
10,25,31,840000,42290.0
10,25,31,849000,42303.0
10,25,31,861000,42306.0
10,25,31,869000,42315.0
10,25,31,882000,42327.0
10,25,31,890000,42323.0
10,25,31,902000,42324.0
10,25,31,914000,42329.0
10,25,31,923000,42321.0
10,25,31,935000,42330.0
10,25,31,943000,42324.0
10,25,31,955000,42320.0
10,25,31,964000,42322.0
10,25,31,976000,42317.0
10,25,31,988000,42311.0
10,25,31,996000,42308.0
10,25,32,9000,42296.0
10,25,32,17000,42285.0
10,25,32,29000,42289.0
10,25,32,37000,42294.0
10,25,32,50000,42296.0
10,25,32,62000,42300.0
10,25,32,70000,42299.0
10,25,32,82000,42301.0
10,25,32,91000,42317.0
10,25,32,103000,42316.0
10,25,32,111000,42305.0
10,25,32,123000,42295.0
10,25,32,136000,42286.0
10,25,32,144000,42287.0
10,25,32,156000,42281.0
10,25,32,164000,42248.0
10,25,32,176000,42224.0
10,25,32,198000,42252.0
10,25,32,205000,42295.0
10,25,32,210000,42301.0
10,25,32,218000,42286.0
10,25,32,230000,42271.0
10,25,32,238000,42266.0
10,25,32,250000,42254.0
10,25,32,259000,42229.0
10,25,32,271000,42232.0
10,25,32,282000,42265.0
10,25,32,291000,42293.0
10,25,32,304000,42274.0
10,25,32,312000,42210.0
10,25,32,324000,42141.0
10,25,32,332000,42148.0
10,25,32,345000,42233.0
10,25,32,356000,42301.0
10,25,32,365000,42316.0
10,25,32,377000,42291.0
10,25,32,385000,42274.0
10,25,32,398000,42268.0
10,25,32,406000,42259.0
10,25,32,418000,42260.0
10,25,32,431000,42264.0
10,25,32,439000,42254.0
10,25,32,451000,42174.0
10,25,32,459000,42223.0
10,25,32,471000,42199.0
10,25,32,480000,42173.0
10,25,32,492000,42148.0
10,25,32,504000,42130.0
10,25,32,512000,42076.0
10,25,32,525000,42026.0
10,25,32,533000,41970.0
10,25,32,545000,41935.0
10,25,32,553000,41917.0
10,25,32,566000,41909.0
10,25,32,578000,41913.0
10,25,32,586000,41941.0
10,25,32,598000,41962.0
10,25,32,607000,41963.0
10,25,32,619000,41948.0
10,25,32,627000,41946.0
10,25,32,639000,41953.0
10,25,32,652000,41976.0
10,25,32,660000,42028.0
10,25,32,672000,42051.0
10,25,32,680000,42050.0
10,25,32,693000,42042.0
10,25,32,712000,42042.0
10,25,32,718000,42018.0
10,25,32,724000,41967.0
10,25,32,734000,41900.0
10,25,32,745000,41840.0
10,25,32,754000,41828.0
10,25,32,765000,41839.0
10,25,32,775000,41798.0
10,25,32,787000,41684.0
10,25,32,798000,41465.0
10,25,32,807000,41135.0
10,25,32,820000,40661.0
10,25,32,828000,39858.0
10,25,32,839000,38995.0
10,25,32,847000,38529.0
10,25,32,860000,38059.0
10,25,32,872000,38140.0
10,25,32,880000,38597.0
10,25,32,892000,38992.0
10,25,32,901000,39014.0
10,25,32,913000,39022.0
10,25,32,922000,39332.0
10,25,32,934000,39690.0
10,25,32,946000,39982.0
10,25,32,955000,40280.0
10,25,32,967000,40612.0
10,25,32,975000,40916.0
10,25,32,988000,41126.0
10,25,32,996000,41239.0
10,25,33,8000,41287.0
10,25,33,19000,41382.0
10,25,33,29000,41509.0
10,25,33,41000,41618.0
10,25,33,49000,41681.0
10,25,33,61000,41695.0
10,25,33,69000,41700.0
10,25,33,82000,41794.0
10,25,33,93000,41840.0
10,25,33,102000,41831.0
10,25,33,115000,41806.0
10,25,33,123000,41811.0
10,25,33,134000,41832.0
10,25,33,143000,41845.0
10,25,33,155000,41925.0
10,25,33,167000,41999.0
10,25,33,175000,42025.0
10,25,33,188000,42032.0
10,25,33,200000,42032.0
10,25,33,209000,42047.0
10,25,33,217000,42092.0
10,25,33,229000,42148.0
10,25,33,241000,42184.0
10,25,33,250000,42151.0
10,25,33,262000,42114.0
10,25,33,270000,42086.0
10,25,33,282000,42076.0
10,25,33,291000,42086.0
10,25,33,303000,42075.0
10,25,33,315000,42071.0
10,25,33,323000,42055.0
10,25,33,336000,42060.0
10,25,33,344000,42050.0
10,25,33,356000,42049.0
10,25,33,364000,42068.0
10,25,33,377000,42092.0
10,25,33,389000,42123.0
10,25,33,398000,42113.0
10,25,33,409000,42068.0
10,25,33,419000,42103.0
10,25,33,431000,42183.0
10,25,33,439000,42271.0
10,25,33,451000,42300.0
10,25,33,463000,42357.0
10,25,33,472000,42454.0
10,25,33,484000,42537.0
10,25,33,492000,42556.0
10,25,33,505000,42545.0
10,25,33,513000,42567.0
10,25,33,525000,42595.0
10,25,33,536000,42682.0
10,25,33,546000,42746.0
10,25,33,558000,42875.0
10,25,33,566000,42888.0
10,25,33,578000,42914.0
10,25,33,587000,42949.0
10,25,33,599000,42973.0
10,25,33,610000,43003.0
10,25,33,619000,43018.0
10,25,33,632000,43037.0
10,25,33,640000,43040.0
10,25,33,652000,42997.0
10,25,33,659000,42815.0
10,25,33,672000,42562.0
10,25,33,684000,42296.0
10,25,33,693000,42158.0
10,25,33,705000,42167.0
10,25,33,714000,42216.0
10,25,33,726000,42232.0
10,25,33,734000,42205.0
10,25,33,745000,42170.0
10,25,33,758000,42144.0
10,25,33,766000,42127.0
10,25,33,778000,42086.0
10,25,33,786000,42062.0
10,25,33,799000,42051.0
10,25,33,807000,42044.0
10,25,33,819000,42054.0
10,25,33,831000,42033.0
10,25,33,839000,42010.0
10,25,33,852000,41992.0
10,25,33,860000,41985.0
10,25,33,872000,41988.0
10,25,33,880000,41992.0
10,25,33,893000,41990.0
10,25,33,905000,41987.0
10,25,33,913000,42068.0
10,25,33,925000,42270.0
10,25,33,934000,42529.0
10,25,33,946000,42690.0
10,25,33,954000,42828.0
10,25,33,966000,42889.0
10,25,33,979000,42919.0
10,25,33,987000,42960.0
10,25,33,999000,43041.0
10,25,34,8000,43159.0
10,25,34,21000,43294.0
10,25,34,29000,43279.0
10,25,34,41000,43281.0
10,25,34,52000,43180.0
10,25,34,62000,43186.0
10,25,34,74000,43119.0
10,25,34,82000,42905.0
10,25,34,94000,42501.0
10,25,34,106000,41934.0
10,25,34,115000,41075.0
10,25,34,126000,40173.0
10,25,34,135000,39627.0
10,25,34,148000,39379.0
10,25,34,156000,39398.0
10,25,34,168000,39678.0
10,25,34,179000,39984.0
10,25,34,188000,40242.0
10,25,34,200000,40520.0
10,25,34,208000,40836.0
10,25,34,220000,41147.0
10,25,34,229000,41426.0
10,25,34,241000,41686.0
10,25,34,253000,41953.0
10,25,34,261000,42183.0
10,25,34,274000,42334.0
10,25,34,282000,42433.0
10,25,34,294000,42483.0
10,25,34,302000,42537.0
10,25,34,315000,42607.0
10,25,34,327000,42651.0
10,25,34,335000,42681.0
10,25,34,347000,42741.0
10,25,34,356000,42761.0
10,25,34,368000,42739.0
10,25,34,376000,42799.0
10,25,34,388000,42861.0
10,25,34,401000,42884.0
10,25,34,409000,42901.0
10,25,34,421000,42910.0
10,25,34,429000,42926.0
10,25,34,442000,42891.0
10,25,34,450000,42629.0
10,25,34,462000,41980.0
10,25,34,474000,41058.0
10,25,34,483000,40339.0
10,25,34,495000,39898.0
10,25,34,503000,39612.0
10,25,34,515000,39608.0
10,25,34,523000,39676.0
10,25,34,536000,39580.0
10,25,34,548000,39411.0
10,25,34,556000,39401.0
10,25,34,569000,39612.0
10,25,34,577000,39704.0
10,25,34,589000,39783.0
10,25,34,597000,39906.0
10,25,34,609000,40258.0
10,25,34,622000,40483.0
10,25,34,630000,40661.0
10,25,34,642000,40777.0
10,25,34,650000,40871.0
10,25,34,663000,40919.0
10,25,34,671000,40880.0
10,25,34,683000,40681.0
10,25,34,695000,40302.0
10,25,34,705000,39956.0
10,25,34,716000,40345.0
10,25,34,725000,40551.0
10,25,34,736000,40555.0
10,25,34,746000,40613.0
10,25,34,757000,40789.0
10,25,34,769000,40892.0
10,25,34,777000,40994.0
10,25,34,790000,41224.0
10,25,34,798000,41479.0
10,25,34,810000,41704.0
10,25,34,818000,41894.0
10,25,34,831000,42048.0
10,25,34,843000,42157.0
10,25,34,851000,42258.0
10,25,34,863000,42380.0
10,25,34,872000,42504.0
10,25,34,884000,42578.0
10,25,34,892000,42627.0
10,25,34,904000,42699.0
10,25,34,917000,42773.0
10,25,34,925000,42780.0
10,25,34,937000,42868.0
10,25,34,945000,42897.0
10,25,34,958000,42922.0
10,25,34,966000,42943.0
10,25,34,978000,42971.0
10,25,34,990000,42984.0
10,25,34,999000,42986.0
10,25,35,11000,42993.0
10,25,35,19000,42993.0
10,25,35,31000,42982.0
10,25,35,40000,42981.0
10,25,35,52000,42977.0
10,25,35,64000,42966.0
10,25,35,72000,42946.0
10,25,35,85000,42934.0
10,25,35,93000,42897.0
10,25,35,105000,42803.0
10,25,35,113000,42867.0
10,25,35,126000,42876.0
10,25,35,138000,42870.0
10,25,35,146000,42754.0
10,25,35,158000,42690.0
10,25,35,167000,42640.0
10,25,35,179000,42645.0
10,25,35,187000,42632.0
10,25,35,199000,42633.0
10,25,35,212000,42655.0
10,25,35,229000,42690.0
10,25,35,239000,42689.0
10,25,35,244000,42653.0
10,25,35,253000,42637.0
10,25,35,261000,42633.0
10,25,35,273000,42620.0
10,25,35,285000,41825.0
10,25,35,293000,40602.0
10,25,35,306000,40582.0
10,25,35,314000,41245.0
10,25,35,326000,41825.0
10,25,35,334000,42337.0
10,25,35,347000,42658.0
10,25,35,359000,42776.0
10,25,35,367000,42753.0
10,25,35,379000,42670.0
10,25,35,388000,42565.0
10,25,35,400000,42533.0
10,25,35,408000,42425.0
10,25,35,420000,42455.0
10,25,35,433000,42534.0
10,25,35,441000,42621.0
10,25,35,453000,42660.0
10,25,35,461000,42765.0
10,25,35,474000,42901.0
10,25,35,482000,42940.0
10,25,35,494000,42977.0
10,25,35,506000,42973.0
10,25,35,515000,42975.0
10,25,35,527000,42957.0
10,25,35,535000,42968.0
10,25,35,547000,42934.0
10,25,35,556000,42927.0
10,25,35,568000,42911.0
10,25,35,580000,42920.0
10,25,35,588000,42915.0
10,25,35,601000,42931.0
10,25,35,609000,42923.0
10,25,35,621000,42968.0
10,25,35,629000,42985.0
10,25,35,642000,42993.0
10,25,35,654000,42984.0
10,25,35,662000,42864.0
10,25,35,674000,42349.0
10,25,35,683000,41364.0
10,25,35,695000,40647.0
10,25,35,703000,40214.0
10,25,35,715000,40332.0
10,25,35,728000,40684.0
10,25,35,736000,41083.0
10,25,35,752000,41493.0
10,25,35,758000,41837.0
10,25,35,769000,42101.0
10,25,35,777000,42268.0
10,25,35,789000,42353.0
10,25,35,801000,42419.0
10,25,35,810000,42451.0
10,25,35,822000,42480.0
10,25,35,830000,42508.0
10,25,35,842000,42500.0
10,25,35,851000,42458.0
10,25,35,863000,42411.0
10,25,35,875000,42384.0
10,25,35,883000,42349.0
10,25,35,896000,42276.0
10,25,35,905000,42220.0
10,25,35,916000,42185.0
10,25,35,924000,42163.0
10,25,35,937000,42162.0
10,25,35,949000,42152.0
10,25,35,957000,42156.0
10,25,35,969000,42150.0
10,25,35,977000,42109.0
10,25,35,990000,42070.0
10,25,35,998000,42037.0
10,25,36,10000,42032.0
10,25,36,22000,42037.0
10,25,36,31000,42032.0
10,25,36,43000,41989.0
10,25,36,51000,41996.0
10,25,36,63000,42079.0
10,25,36,72000,42120.0
10,25,36,84000,42079.0
10,25,36,96000,41980.0
10,25,36,104000,41914.0
10,25,36,117000,41930.0
10,25,36,125000,42050.0
10,25,36,137000,42013.0
10,25,36,145000,41929.0
10,25,36,158000,41973.0
10,25,36,170000,41984.0
10,25,36,178000,42003.0
10,25,36,190000,42025.0
10,25,36,199000,42029.0
10,25,36,211000,41997.0
10,25,36,219000,41862.0
10,25,36,231000,41597.0
10,25,36,254000,41345.0
10,25,36,261000,41274.0
10,25,36,266000,41319.0
10,25,36,272000,41331.0
10,25,36,285000,41308.0
10,25,36,293000,41271.0
10,25,36,305000,41255.0
10,25,36,317000,41266.0
10,25,36,326000,41263.0
10,25,36,338000,41216.0
10,25,36,346000,41159.0
10,25,36,358000,41133.0
10,25,36,367000,41118.0
10,25,36,379000,41048.0
10,25,36,391000,40908.0
10,25,36,399000,40763.0
10,25,36,412000,40673.0
10,25,36,420000,40603.0
10,25,36,432000,40442.0
10,25,36,440000,40087.0
10,25,36,454000,39419.0
10,25,36,465000,38315.0
10,25,36,473000,37457.0
10,25,36,485000,37213.0
10,25,36,494000,37285.0
10,25,36,506000,37303.0
10,25,36,514000,37293.0
10,25,36,526000,37646.0
10,25,36,539000,38080.0
10,25,36,547000,38394.0
10,25,36,559000,38621.0
10,25,36,567000,38809.0
10,25,36,580000,38999.0
10,25,36,588000,39069.0
10,25,36,600000,39206.0
10,25,36,612000,39177.0
10,25,36,621000,39189.0
10,25,36,633000,39186.0
10,25,36,641000,39132.0
10,25,36,653000,39065.0
10,25,36,661000,39003.0
10,25,36,674000,38944.0
10,25,36,686000,38904.0
10,25,36,694000,38837.0
10,25,36,707000,38798.0
10,25,36,715000,38791.0
10,25,36,727000,38789.0
10,25,36,735000,38744.0
10,25,36,747000,38598.0
10,25,36,767000,38532.0
10,25,36,773000,38559.0
10,25,36,781000,38429.0
10,25,36,788000,38225.0
10,25,36,801000,38836.0
10,25,36,809000,39992.0
10,25,36,821000,40651.0
10,25,36,833000,40995.0
10,25,36,842000,41322.0
10,25,36,854000,41658.0
10,25,36,862000,41953.0
10,25,36,874000,42243.0
10,25,36,883000,42599.0
10,25,36,895000,42956.0
10,25,36,907000,43231.0
10,25,36,915000,43541.0
10,25,36,928000,43853.0
10,25,36,936000,44183.0
10,25,36,948000,44521.0
10,25,36,956000,44848.0
10,25,36,969000,45205.0
10,25,36,981000,45615.0
10,25,36,989000,45825.0
10,25,37,1000,45986.0
10,25,37,10000,46103.0
10,25,37,22000,46148.0
10,25,37,30000,46161.0
10,25,37,42000,46125.0
10,25,37,55000,46016.0
10,25,37,63000,45882.0
10,25,37,75000,45683.0
10,25,37,83000,45217.0
10,25,37,96000,44791.0
10,25,37,104000,44275.0
10,25,37,116000,43736.0
10,25,37,128000,43272.0
10,25,37,137000,42907.0
10,25,37,149000,42546.0
10,25,37,157000,42332.0
10,25,37,169000,42211.0
10,25,37,178000,42007.0
10,25,37,190000,41526.0
10,25,37,202000,40693.0
10,25,37,210000,39925.0
10,25,37,223000,39285.0
10,25,37,231000,38895.0
10,25,37,243000,38626.0
10,25,37,263000,38394.0
10,25,37,269000,37970.0
10,25,37,276000,37459.0
10,25,37,284000,37025.0
10,25,37,296000,36763.0
10,25,37,305000,36634.0
10,25,37,317000,36442.0
10,25,37,325000,35962.0
10,25,37,337000,35179.0
10,25,37,350000,34024.0
10,25,37,358000,32982.0
10,25,37,370000,32178.0
10,25,37,378000,31539.0
10,25,37,391000,30734.0
10,25,37,399000,29504.0
10,25,37,411000,28852.0
10,25,37,423000,28527.0
10,25,37,431000,28684.0
10,25,37,444000,28929.0
10,25,37,452000,29526.0
10,25,37,464000,30246.0
10,25,37,472000,30958.0
10,25,37,485000,31463.0
10,25,37,497000,31634.0
10,25,37,505000,31425.0
10,25,37,517000,30896.0
10,25,37,526000,30326.0
10,25,37,538000,29878.0
10,25,37,546000,29455.0
10,25,37,558000,29019.0
10,25,37,571000,28708.0
10,25,37,579000,28498.0
10,25,37,591000,28401.0
10,25,37,599000,28468.0
10,25,37,612000,28680.0
10,25,37,620000,28990.0
10,25,37,632000,29373.0
10,25,37,644000,29768.0
10,25,37,653000,30161.0
10,25,37,665000,30532.0
10,25,37,673000,30907.0
10,25,37,685000,31213.0
10,25,37,694000,31457.0
10,25,37,706000,31613.0
10,25,37,718000,31752.0
10,25,37,726000,31861.0
10,25,37,739000,31921.0
10,25,37,747000,31912.0
10,25,37,759000,31763.0
10,25,37,767000,31486.0
10,25,37,780000,31096.0
10,25,37,792000,30679.0
10,25,37,800000,30599.0
10,25,37,812000,30721.0
10,25,37,821000,31136.0
10,25,37,833000,31700.0
10,25,37,841000,32190.0
10,25,37,853000,32645.0
10,25,37,866000,32986.0
10,25,37,874000,33414.0
10,25,37,886000,33670.0
10,25,37,894000,33864.0
10,25,37,907000,33950.0
10,25,37,915000,33860.0
10,25,37,927000,33830.0
10,25,37,939000,33920.0
10,25,37,948000,33972.0
10,25,37,960000,33935.0
10,25,37,968000,33883.0
10,25,37,980000,33828.0
10,25,37,989000,33837.0
10,25,38,1000,33859.0
10,25,38,13000,33849.0
10,25,38,21000,33802.0
10,25,38,34000,33760.0
10,25,38,42000,33756.0
10,25,38,54000,33734.0
10,25,38,62000,33742.0
10,25,38,75000,33795.0
10,25,38,87000,33790.0
10,25,38,95000,33738.0
10,25,38,107000,33628.0
10,25,38,115000,33387.0
10,25,38,128000,32685.0
10,25,38,136000,31929.0
10,25,38,148000,31029.0
10,25,38,161000,30674.0
10,25,38,169000,31148.0
10,25,38,181000,31504.0
10,25,38,189000,31778.0
10,25,38,201000,32147.0
10,25,38,210000,32502.0
10,25,38,222000,32745.0
10,25,38,234000,32941.0
10,25,38,242000,33094.0
10,25,38,255000,33238.0
10,25,38,264000,33353.0
10,25,38,275000,33419.0
10,25,38,284000,33480.0
10,25,38,296000,33512.0
10,25,38,308000,33563.0
10,25,38,318000,33606.0
10,25,38,328000,33664.0
10,25,38,337000,33701.0
10,25,38,349000,33747.0
10,25,38,357000,33851.0
10,25,38,369000,33815.0
10,25,38,382000,33840.0
10,25,38,390000,33844.0
10,25,38,402000,33842.0
10,25,38,410000,33864.0
10,25,38,423000,33920.0
10,25,38,431000,33982.0
10,25,38,443000,34016.0
10,25,38,455000,34028.0
10,25,38,464000,34032.0
10,25,38,476000,34026.0
10,25,38,484000,34015.0
10,25,38,496000,33990.0
10,25,38,505000,33938.0
10,25,38,517000,33890.0
10,25,38,529000,33798.0
10,25,38,537000,33597.0
10,25,38,550000,33262.0
10,25,38,558000,32552.0
10,25,38,570000,31685.0
10,25,38,578000,30867.0
10,25,38,591000,30471.0
10,25,38,603000,30485.0
10,25,38,611000,30451.0
10,25,38,623000,30569.0
10,25,38,632000,31148.0
10,25,38,644000,31677.0
10,25,38,652000,31875.0
10,25,38,664000,32242.0
10,25,38,677000,32636.0
10,25,38,685000,32957.0
10,25,38,697000,33225.0
10,25,38,705000,33430.0
10,25,38,718000,33589.0
10,25,38,726000,33704.0
10,25,38,738000,33780.0
10,25,38,750000,33839.0
10,25,38,759000,33889.0
10,25,38,771000,33919.0
10,25,38,779000,33925.0
10,25,38,797000,33932.0
10,25,38,804000,33944.0
10,25,38,812000,33962.0
10,25,38,824000,33980.0
10,25,38,832000,33988.0
10,25,38,845000,34003.0
10,25,38,853000,34008.0
10,25,38,865000,34108.0
10,25,38,877000,34076.0
10,25,38,885000,34106.0
10,25,38,898000,34138.0
10,25,38,906000,34147.0
10,25,38,918000,34109.0
10,25,38,926000,33917.0
10,25,38,939000,33608.0
10,25,38,951000,33186.0
10,25,38,959000,32604.0
10,25,38,971000,31961.0
10,25,38,980000,31526.0
10,25,38,992000,31332.0
10,25,39,0,31220.0
10,25,39,12000,31251.0
10,25,39,25000,31331.0
10,25,39,33000,31306.0
10,25,39,45000,31186.0
10,25,39,53000,31049.0
10,25,39,66000,31035.0
10,25,39,74000,31005.0
10,25,39,86000,30980.0
10,25,39,98000,30959.0
10,25,39,107000,30940.0
10,25,39,119000,30941.0
10,25,39,127000,30938.0
10,25,39,139000,30946.0
10,25,39,148000,30941.0
10,25,39,160000,30937.0
10,25,39,172000,30941.0
10,25,39,180000,30946.0
10,25,39,193000,30948.0
10,25,39,201000,30936.0
10,25,39,213000,30939.0
10,25,39,221000,30935.0
10,25,39,234000,30930.0
10,25,39,246000,30915.0
10,25,39,254000,30894.0
10,25,39,266000,30885.0
10,25,39,277000,30891.0
10,25,39,287000,30897.0
10,25,39,295000,30899.0
10,25,39,307000,30901.0
10,25,39,320000,30891.0
10,25,39,328000,30891.0
10,25,39,340000,30883.0
10,25,39,348000,30884.0
10,25,39,361000,30880.0
10,25,39,369000,30876.0
10,25,39,381000,30848.0
10,25,39,393000,30834.0
10,25,39,402000,30848.0
10,25,39,414000,30846.0
10,25,39,422000,30830.0
10,25,39,434000,30802.0
10,25,39,443000,30773.0
10,25,39,455000,30714.0
10,25,39,467000,30510.0
10,25,39,475000,29859.0
10,25,39,488000,33018.0
10,25,39,496000,34275.0
10,25,39,508000,35001.0
10,25,39,516000,35146.0
10,25,39,529000,34824.0
10,25,39,541000,34158.0
10,25,39,549000,33378.0
10,25,39,561000,32050.0
10,25,39,569000,31618.0
10,25,39,582000,32232.0
10,25,39,590000,32772.0
10,25,39,602000,32864.0
10,25,39,615000,32811.0
10,25,39,623000,32997.0
10,25,39,635000,33355.0
10,25,39,643000,33656.0
10,25,39,656000,33876.0
10,25,39,694000,34055.0
10,25,39,732000,34188.0
10,25,39,771000,34312.0
10,25,39,815000,34430.0
10,25,39,857000,34500.0
10,25,39,898000,34546.0
10,25,39,940000,34579.0
10,25,39,978000,34588.0
10,25,40,16000,34605.0
10,25,40,21000,34615.0
10,25,40,26000,34634.0
10,25,40,31000,34640.0
10,25,40,36000,34634.0
10,25,40,41000,34623.0
10,25,40,46000,34621.0
10,25,40,51000,34614.0
10,25,40,56000,34628.0
10,25,40,60000,34652.0
10,25,40,65000,34661.0
10,25,40,70000,34690.0
10,25,40,75000,34693.0
10,25,40,80000,34690.0
10,25,40,85000,34699.0
10,25,40,90000,34685.0
10,25,40,95000,34609.0
10,25,40,100000,34597.0
10,25,40,105000,34595.0
10,25,40,110000,34611.0
10,25,40,115000,34630.0
10,25,40,120000,34609.0
10,25,40,124000,34626.0
10,25,40,128000,34630.0
10,25,40,132000,34636.0
10,25,40,137000,34629.0
10,25,40,142000,34629.0
10,25,40,147000,34630.0
10,25,40,153000,34616.0
10,25,40,158000,34617.0
10,25,40,163000,34609.0
10,25,40,168000,34608.0
10,25,40,174000,34611.0
10,25,40,179000,34613.0
10,25,40,184000,34619.0
10,25,40,189000,34629.0
10,25,40,195000,34652.0
10,25,40,200000,34677.0
10,25,40,205000,34687.0
10,25,40,210000,34713.0
10,25,40,216000,34736.0
10,25,40,221000,34754.0
10,25,40,226000,34786.0
10,25,40,232000,34810.0
10,25,40,237000,34815.0
10,25,40,242000,34810.0
10,25,40,247000,34803.0
10,25,40,253000,34797.0
10,25,40,258000,34799.0
10,25,40,266000,34794.0
10,25,40,278000,34783.0
10,25,40,286000,34783.0
10,25,40,306000,34776.0
10,25,40,314000,34774.0
10,25,40,320000,34783.0
10,25,40,327000,34768.0
10,25,40,339000,34749.0
10,25,40,352000,34714.0
10,25,40,360000,34641.0
10,25,40,372000,34460.0
10,25,40,380000,33947.0
10,25,40,393000,33041.0
10,25,40,401000,32271.0
10,25,40,413000,32870.0
10,25,40,425000,33267.0
10,25,40,434000,32951.0
10,25,40,446000,32252.0
10,25,40,454000,32250.0
10,25,40,466000,32782.0
10,25,40,475000,33009.0
10,25,40,487000,32991.0
10,25,40,499000,33104.0
10,25,40,507000,33321.0
10,25,40,520000,33511.0
10,25,40,528000,33678.0
10,25,40,540000,33857.0
10,25,40,548000,33965.0
10,25,40,561000,34022.0
10,25,40,573000,34076.0
10,25,40,581000,34135.0
10,25,40,593000,34184.0
10,25,40,602000,34213.0
10,25,40,614000,34239.0
10,25,40,622000,34253.0
10,25,40,634000,34271.0
10,25,40,647000,34363.0
10,25,40,655000,34324.0
10,25,40,667000,34330.0
10,25,40,675000,34337.0
10,25,40,688000,34360.0
10,25,40,696000,34386.0
10,25,40,708000,34413.0
10,25,40,720000,34441.0
10,25,40,729000,34468.0
10,25,40,741000,34501.0
10,25,40,749000,34543.0
10,25,40,761000,34569.0
10,25,40,770000,34590.0
10,25,40,782000,34612.0
10,25,40,794000,34619.0
10,25,40,802000,34614.0
10,25,40,815000,34708.0
10,25,40,823000,35038.0
10,25,40,835000,35437.0
10,25,40,843000,35726.0
10,25,40,856000,35849.0
10,25,40,868000,35852.0
10,25,40,876000,35869.0
10,25,40,888000,35903.0
10,25,40,897000,35927.0
10,25,40,909000,35938.0
10,25,40,917000,35941.0
10,25,40,929000,35956.0
10,25,40,942000,35966.0
10,25,40,950000,35969.0
10,25,40,962000,35981.0
10,25,40,970000,35990.0
10,25,40,983000,35999.0
10,25,40,991000,36008.0
10,25,41,3000,36017.0
10,25,41,15000,36027.0
10,25,41,23000,36033.0
10,25,41,36000,36027.0
10,25,41,44000,36024.0
10,25,41,56000,36028.0
10,25,41,64000,36024.0
10,25,41,77000,36022.0
10,25,41,89000,36009.0
10,25,41,97000,35991.0
10,25,41,110000,35972.0
10,25,41,118000,35908.0
10,25,41,130000,35741.0
10,25,41,138000,35544.0
10,25,41,150000,35374.0
10,25,41,163000,35106.0
10,25,41,171000,34918.0
10,25,41,183000,34944.0
10,25,41,191000,35005.0
10,25,41,204000,35016.0
10,25,41,212000,35009.0
10,25,41,224000,34996.0
10,25,41,236000,34997.0
10,25,41,245000,34971.0
10,25,41,257000,34951.0
10,25,41,265000,34945.0
10,25,41,277000,34935.0
10,25,41,286000,34934.0
10,25,41,298000,34929.0
10,25,41,319000,34919.0
10,25,41,326000,34935.0
10,25,41,331000,34945.0
10,25,41,339000,34944.0
10,25,41,351000,34957.0
10,25,41,359000,34961.0
10,25,41,372000,34952.0
10,25,41,384000,34962.0
10,25,41,392000,34937.0
10,25,41,404000,34860.0
10,25,41,413000,34874.0
10,25,41,425000,34894.0
10,25,41,433000,34903.0
10,25,41,445000,34908.0
10,25,41,458000,34915.0
10,25,41,466000,34904.0
10,25,41,478000,34916.0
10,25,41,486000,34913.0
10,25,41,499000,34926.0
10,25,41,507000,34935.0
10,25,41,519000,34935.0
10,25,41,531000,34930.0
10,25,41,540000,34902.0
10,25,41,552000,34788.0
10,25,41,560000,34495.0
10,25,41,572000,34073.0
10,25,41,585000,33794.0
10,25,41,593000,34601.0
10,25,41,605000,36162.0
10,25,41,613000,37300.0
10,25,41,626000,37658.0
10,25,41,634000,37870.0
10,25,41,646000,37968.0
10,25,41,658000,38154.0
10,25,41,667000,38218.0
10,25,41,679000,38249.0
10,25,41,687000,38360.0
10,25,41,699000,38335.0
10,25,41,707000,37955.0
10,25,41,720000,37030.0
10,25,41,732000,35498.0
10,25,41,740000,34221.0
10,25,41,753000,34061.0
10,25,41,761000,34279.0
10,25,41,773000,34387.0
10,25,41,781000,34497.0
10,25,41,794000,34382.0
10,25,41,806000,33905.0
10,25,41,814000,33797.0
10,25,41,826000,33863.0
10,25,41,838000,33979.0
10,25,41,847000,34101.0
10,25,41,855000,34209.0
10,25,41,867000,34312.0
10,25,41,879000,34387.0
10,25,41,888000,34429.0
10,25,41,900000,34477.0
10,25,41,908000,34515.0
10,25,41,920000,34553.0
10,25,41,929000,34547.0
10,25,41,941000,34531.0
10,25,41,953000,34542.0
10,25,41,961000,34555.0
10,25,41,974000,34569.0
10,25,41,982000,34581.0
10,25,41,994000,34603.0
10,25,42,2000,34581.0
10,25,42,15000,34554.0
10,25,42,27000,34495.0
10,25,42,35000,34401.0
10,25,42,47000,34169.0
10,25,42,56000,33783.0
10,25,42,68000,33199.0
10,25,42,76000,32364.0
10,25,42,88000,31593.0
10,25,42,101000,31441.0
10,25,42,109000,31377.0
10,25,42,121000,31901.0
10,25,42,129000,32158.0
10,25,42,142000,32167.0
10,25,42,150000,32388.0
10,25,42,162000,32676.0
10,25,42,174000,32986.0
10,25,42,183000,33210.0
10,25,42,195000,33422.0
10,25,42,203000,33584.0
10,25,42,215000,33717.0
10,25,42,224000,33834.0
10,25,42,236000,33897.0
10,25,42,248000,33967.0
10,25,42,256000,33996.0
10,25,42,269000,34032.0
10,25,42,277000,34090.0
10,25,42,289000,34122.0
10,25,42,297000,34135.0
10,25,42,310000,34148.0
10,25,42,322000,34155.0
10,25,42,335000,34209.0
10,25,42,342000,34232.0
10,25,42,351000,34258.0
10,25,42,363000,34232.0
10,25,42,371000,34240.0
10,25,42,383000,34168.0
10,25,42,396000,34019.0
10,25,42,404000,33667.0
10,25,42,416000,32906.0
10,25,42,424000,32592.0
10,25,42,437000,33077.0
10,25,42,445000,33372.0
10,25,42,457000,33222.0
10,25,42,469000,32824.0
10,25,42,478000,32726.0
10,25,42,490000,33173.0
10,25,42,498000,33642.0
10,25,42,510000,33688.0
10,25,42,518000,33452.0
10,25,42,531000,33470.0
10,25,42,543000,33654.0
10,25,42,551000,33848.0
10,25,42,563000,33993.0
10,25,42,572000,34104.0
10,25,42,584000,34203.0
10,25,42,592000,34264.0
10,25,42,604000,34334.0
10,25,42,617000,34378.0
10,25,42,625000,34404.0
10,25,42,637000,34420.0
10,25,42,645000,34433.0
10,25,42,658000,34463.0
10,25,42,666000,34463.0
10,25,42,678000,34455.0
10,25,42,690000,34404.0
10,25,42,699000,34224.0
10,25,42,711000,33896.0
10,25,42,719000,33274.0
10,25,42,731000,32615.0
10,25,42,740000,31977.0
10,25,42,752000,31738.0
10,25,42,764000,31665.0
10,25,42,772000,32014.0
10,25,42,785000,32403.0
10,25,42,793000,32532.0
10,25,42,805000,32685.0
10,25,42,813000,32899.0
10,25,42,826000,33167.0
10,25,42,838000,33374.0
10,25,42,864000,33534.0
10,25,42,871000,33663.0
10,25,42,877000,33787.0
10,25,42,883000,33871.0
10,25,42,887000,33933.0
10,25,42,899000,33981.0
10,25,42,912000,34086.0
10,25,42,920000,34061.0
10,25,42,932000,34077.0
10,25,42,940000,34092.0
10,25,42,953000,34100.0
10,25,42,961000,34097.0
10,25,42,973000,34194.0
10,25,42,985000,34527.0
10,25,42,994000,34960.0
10,25,43,6000,35309.0
10,25,43,14000,35488.0
10,25,43,26000,35531.0
10,25,43,35000,35574.0
10,25,43,47000,35620.0
10,25,43,59000,35636.0
10,25,43,67000,35649.0
10,25,43,80000,35670.0
10,25,43,88000,35682.0
10,25,43,100000,35686.0
10,25,43,108000,35702.0
10,25,43,121000,35711.0
10,25,43,133000,35714.0
10,25,43,141000,35722.0
10,25,43,153000,35727.0
10,25,43,161000,35727.0
10,25,43,174000,35720.0
10,25,43,182000,35716.0
10,25,43,195000,35717.0
10,25,43,208000,35727.0
10,25,43,216000,35738.0
10,25,43,228000,35743.0
10,25,43,236000,35756.0
10,25,43,249000,35771.0
10,25,43,257000,35776.0
10,25,43,269000,35784.0
10,25,43,281000,35799.0
10,25,43,289000,35793.0
10,25,43,302000,35772.0
10,25,43,310000,35762.0
10,25,43,322000,35765.0
10,25,43,336000,35764.0
10,25,43,344000,35739.0
10,25,43,355000,35697.0
10,25,43,363000,35659.0
10,25,43,375000,35562.0
10,25,43,384000,35278.0
10,25,43,396000,34885.0
10,25,43,404000,34553.0
10,25,43,416000,34332.0
10,25,43,429000,34271.0
10,25,43,437000,34368.0
10,25,43,449000,34358.0
10,25,43,457000,34378.0
10,25,43,470000,34366.0
10,25,43,478000,34364.0
10,25,43,490000,34383.0
10,25,43,502000,34386.0
10,25,43,511000,34376.0
10,25,43,523000,34348.0
10,25,43,531000,34311.0
10,25,43,543000,34313.0
10,25,43,552000,34316.0
10,25,43,564000,34324.0
10,25,43,576000,34326.0
10,25,43,584000,34350.0
10,25,43,597000,34374.0
10,25,43,605000,34398.0
10,25,43,617000,34399.0
10,25,43,625000,34386.0
10,25,43,638000,34423.0
10,25,43,650000,34418.0
10,25,43,658000,34330.0
10,25,43,670000,34066.0
10,25,43,679000,33511.0
10,25,43,691000,32815.0
10,25,43,699000,32267.0
10,25,43,711000,31977.0
10,25,43,724000,31904.0
10,25,43,732000,32490.0
10,25,43,744000,32856.0
10,25,43,752000,32881.0
10,25,43,765000,33008.0
10,25,43,773000,33212.0
10,25,43,785000,33425.0
10,25,43,797000,33610.0
10,25,43,806000,33778.0
10,25,43,818000,33877.0
10,25,43,826000,33950.0
10,25,43,838000,34010.0
10,25,43,846000,34091.0
10,25,43,859000,34173.0
10,25,43,871000,34226.0
10,25,43,879000,34263.0
10,25,43,892000,34309.0
10,25,43,900000,34358.0
10,25,43,912000,34402.0
10,25,43,920000,34455.0
10,25,43,933000,34500.0
10,25,43,945000,34535.0
10,25,43,953000,34545.0
10,25,43,965000,34605.0
10,25,43,973000,34588.0
10,25,43,986000,34608.0
10,25,43,994000,34630.0
10,25,44,6000,34645.0
10,25,44,18000,34688.0
10,25,44,27000,34734.0
10,25,44,39000,34779.0
10,25,44,47000,34779.0
10,25,44,59000,34796.0
10,25,44,68000,34882.0
10,25,44,80000,35111.0
10,25,44,92000,35309.0
10,25,44,100000,35302.0
10,25,44,113000,35328.0
10,25,44,121000,35366.0
10,25,44,133000,35373.0
10,25,44,145000,35444.0
10,25,44,154000,35434.0
10,25,44,166000,35406.0
10,25,44,174000,35427.0
10,25,44,186000,35497.0
10,25,44,195000,35483.0
10,25,44,207000,35442.0
10,25,44,219000,35420.0
10,25,44,227000,35410.0
10,25,44,240000,35384.0
10,25,44,248000,35430.0
10,25,44,260000,35500.0
10,25,44,268000,35574.0
10,25,44,281000,35607.0
10,25,44,293000,35603.0
10,25,44,301000,35652.0
10,25,44,313000,35703.0
10,25,44,322000,35731.0
10,25,44,334000,35741.0
10,25,44,342000,35723.0
10,25,44,355000,35613.0
10,25,44,367000,35357.0
10,25,44,375000,35145.0
10,25,44,387000,35069.0
10,25,44,395000,35169.0
10,25,44,408000,35329.0
10,25,44,416000,35482.0
10,25,44,428000,35595.0
10,25,44,440000,35630.0
10,25,44,449000,35598.0
10,25,44,461000,35568.0
10,25,44,469000,35545.0
10,25,44,481000,35533.0
10,25,44,490000,35592.0
10,25,44,502000,35622.0
10,25,44,514000,35647.0
10,25,44,522000,35579.0
10,25,44,535000,35148.0
10,25,44,543000,34339.0
10,25,44,555000,33513.0
10,25,44,563000,32691.0
10,25,44,576000,31925.0
10,25,44,588000,31314.0
10,25,44,596000,30648.0
10,25,44,608000,30006.0
10,25,44,617000,29499.0
10,25,44,629000,29122.0
10,25,44,637000,28927.0
10,25,44,649000,28913.0
10,25,44,662000,29081.0
10,25,44,670000,29373.0
10,25,44,682000,29570.0
10,25,44,690000,29705.0
10,25,44,703000,29796.0
10,25,44,711000,29888.0
10,25,44,723000,30007.0
10,25,44,735000,30202.0
10,25,44,743000,30397.0
10,25,44,756000,30551.0
10,25,44,764000,30600.0
10,25,44,776000,30780.0
10,25,44,784000,30801.0
10,25,44,797000,30866.0
10,25,44,809000,30942.0
10,25,44,817000,31054.0
10,25,44,829000,31202.0
10,25,44,838000,31316.0
10,25,44,850000,31392.0
10,25,44,858000,31375.0
10,25,44,870000,31232.0
10,25,44,884000,31220.0
10,25,44,891000,31278.0
10,25,44,903000,31342.0
10,25,44,911000,31376.0
10,25,44,924000,31393.0
10,25,44,932000,31403.0
10,25,44,944000,31402.0
10,25,44,956000,31405.0
10,25,44,965000,31401.0
10,25,44,977000,31368.0
10,25,44,985000,31359.0
10,25,44,997000,31354.0
10,25,45,6000,31321.0
10,25,45,18000,31314.0
10,25,45,30000,31305.0
10,25,45,38000,31314.0
10,25,45,51000,31317.0
10,25,45,59000,31311.0
10,25,45,71000,31338.0
10,25,45,79000,31591.0
10,25,45,92000,31884.0
10,25,45,104000,31904.0
10,25,45,112000,31817.0
10,25,45,124000,31763.0
10,25,45,133000,31723.0
10,25,45,145000,31663.0
10,25,45,153000,31603.0
10,25,45,165000,31517.0
10,25,45,178000,31448.0
10,25,45,186000,31378.0
10,25,45,198000,31321.0
10,25,45,206000,31264.0
10,25,45,219000,31210.0
10,25,45,227000,31177.0
10,25,45,239000,31164.0
10,25,45,251000,31164.0
10,25,45,260000,31151.0
10,25,45,272000,31127.0
10,25,45,280000,31098.0
10,25,45,292000,31068.0
10,25,45,300000,31038.0
10,25,45,313000,31007.0
10,25,45,325000,30978.0
10,25,45,333000,30943.0
10,25,45,346000,30914.0
10,25,45,354000,30880.0
10,25,45,378000,30836.0
10,25,45,387000,30803.0
10,25,45,396000,30783.0
10,25,45,406000,30757.0
10,25,45,414000,30711.0
10,25,45,421000,30663.0
10,25,45,428000,30629.0
10,25,45,440000,30587.0
10,25,45,448000,30538.0
10,25,45,460000,30511.0
10,25,45,472000,30474.0
10,25,45,481000,30426.0
10,25,45,493000,30378.0
10,25,45,501000,30324.0
10,25,45,513000,30252.0
10,25,45,522000,30133.0
10,25,45,534000,30329.0
10,25,45,546000,31003.0
10,25,45,554000,31782.0
10,25,45,567000,32552.0
10,25,45,575000,33465.0
10,25,45,587000,34351.0
10,25,45,595000,34936.0
10,25,45,608000,35294.0
10,25,45,620000,35523.0
10,25,45,628000,35677.0
10,25,45,640000,35754.0
10,25,45,649000,35733.0
