-38.55,-21.39,0.04
-38.55,-21.39,0.62
-38.55,-21.39,0.64
-38.55,-21.39,1.27
-38.55,-21.39,0.97
-0.58,-0.13,0.93
-1.12,-0.36,-0.95
-1.5,-0.62,-1.14
-3.2,-0.8,1.44
-4.36,-1.15,3.4
-4.8,-1.2,4.57
-5.6,-1.44,3.16
-6.81,-1.83,1.18
-7.63,-2.15,3.47
-7.76,-2.2,3.82
-9.64,-2.53,6.29
-11.32,-2.9,3.74
-12.04,-3.18,5.21
-13.78,-3.5,1.3
-14.88,-3.68,-1.04
-15.0,-3.71,-0.82
-17.06,-4.15,1.58
-18.35,-4.27,5.75
-18.97,-4.28,7.15
-20.07,-4.61,5.36
-20.56,-4.88,3.8
-21.15,-5.07,6.24
-21.93,-5.25,9.14
-22.23,-5.37,7.26
-22.57,-5.62,7.87
-23.04,-5.88,6.24
-23.35,-6.01,4.27
-23.7,-6.09,5.75
-24.13,-6.23,7.87
-24.21,-6.3,8.44
-24.35,-6.38,9.04
-24.49,-6.39,7.98
-24.53,-6.43,7.06
-24.68,-6.48,5.23
-24.74,-6.5,5.25
-24.89,-6.58,6.63
-24.97,-6.63,6.79
-25.07,-6.66,7.55
-25.26,-6.74,9.21
-25.35,-6.76,9.6
-25.59,-6.91,10.64
-25.73,-6.93,10.87
-25.81,-6.94,11.28
-25.94,-7.01,9.81
-26.02,-7.04,10.04
-26.05,-7.08,10.35
-26.14,-7.1,9.01
-26.27,-7.14,10.24
-26.32,-7.16,9.91
-26.41,-7.18,9.27
-26.41,-7.19,9.19
-26.41,-7.25,9.38
-26.45,-7.27,10.1
-26.53,-7.27,8.66
-26.56,-7.29,8.75
-26.68,-7.31,8.75
-26.68,-7.35,8.76
-26.75,-7.47,9.87
-26.88,-7.53,11.1
-26.9,-7.57,11.28
-27.03,-7.63,9.97
-27.08,-7.69,9.33
-27.11,-7.69,8.75
-27.24,-7.72,8.98
-27.3,-7.76,8.56
-27.35,-7.76,8.16
-27.43,-7.77,8.02
-27.53,-7.82,6.77
-27.58,-7.83,6.72
-27.62,-7.83,6.85
-27.63,-7.86,7.11
-27.7,-7.86,7.37
-27.72,-7.87,7.4
-27.93,-8.06,4.89
-28.2,-8.33,3.3
-28.58,-8.43,4.44
-29.05,-8.56,8.07
-29.38,-8.74,11.05
-29.67,-9.05,9.57
-30.1,-9.3,6.54
-30.4,-9.46,4.52
-30.48,-9.47,4.88
-31.08,-9.72,6.65
-31.52,-9.87,9.16
-31.75,-10.05,9.58
-32.09,-10.2,7.24
-32.26,-10.27,4.34
-32.34,-10.34,4.52
-32.68,-10.52,7.04
-32.86,-10.56,5.21
-33.03,-10.7,4.03
-33.23,-10.87,3.05
-33.24,-10.91,3.26
-33.38,-11.0,5.66
-33.5,-11.05,7.98
-33.61,-11.19,8.22
-33.73,-11.32,8.67
-33.74,-11.36,9.14
-33.86,-11.47,9.55
-33.94,-11.61,8.52
-34.2,-11.77,13.72
-34.25,-12.21,9.17
-34.34,-12.38,11.25
-34.77,-12.41,11.57
-34.85,-12.68,7.66
-34.87,-12.83,3.86
-35.15,-13.17,6.65
-35.24,-13.2,9.01
-35.33,-13.38,9.53
-35.56,-13.41,12.09
-35.56,-13.41,10.35
-35.68,-13.6,10.82
-35.77,-13.61,9.12
-35.81,-13.61,8.2
-35.92,-13.66,10.57
-36.01,-13.72,7.65
-36.05,-13.8,8.23
-36.09,-13.92,7.29
-36.15,-13.93,4.83
-36.18,-14.0,6.14
-36.24,-14.0,8.12
-36.26,-14.13,8.45
-36.31,-14.39,8.67
-36.34,-14.46,7.7
-36.34,-14.48,8.38
-36.34,-14.51,8.59
-36.38,-14.62,8.7
-36.41,-14.71,8.96
-36.44,-14.73,9.8
-36.45,-14.74,10.88
-36.46,-14.74,10.98
-36.49,-14.79,9.37
-36.49,-14.82,9.47
-36.51,-14.83,8.8
-36.52,-14.85,9.01
-36.52,-14.86,9.11
-36.53,-14.86,8.6
-36.56,-14.87,8.98
-36.56,-14.89,9.11
-36.58,-14.91,8.56
-36.6,-14.95,8.31
-36.6,-14.95,7.39
-36.61,-14.96,6.52
-36.61,-14.96,6.71
-36.62,-14.97,6.64
-36.63,-14.97,6.75
-36.63,-14.98,7.99
-36.64,-14.99,7.71
-36.65,-15.02,9.13
-36.65,-15.02,8.99
-36.66,-15.03,8.51
-36.66,-15.05,8.98
-36.67,-15.07,8.54
-36.67,-15.08,7.88
-36.68,-15.13,7.65
-36.7,-15.15,8.9
-36.71,-15.2,9.81
-36.72,-15.23,9.41
-36.73,-15.29,8.74
-36.69,-15.29,7.05
-35.99,-15.41,6.92
-35.65,-15.59,-5.94
-36.92,-19.5,16.99
-37.17,-19.75,-22.32
-39.09,-20.23,1.66
-40.93,-19.52,7.52
-41.27,-19.12,13.55
-41.99,-18.43,39.94
-40.54,-18.22,68.59
-39.54,-17.31,102.32
-37.82,-15.22,13.03
-36.77,-13.31,61.14
-35.9,-11.67,82.17
-36.04,-10.6,94.53
-34.47,-10.28,97.91
-29.92,-10.15,107.74
-25.16,-10.37,56.45
-24.47,-10.46,10.61
-22.9,-10.31,-32.77
-22.74,-10.33,5.5
-19.83,-10.35,14.86
-16.43,-10.6,8.58
-14.98,-10.55,-15.08
-11.51,-10.68,13.34
-7.87,-10.43,42.72
-4.34,-11.36,-2.11
-1.82,-12.94,-39.24
-0.85,-14.88,14.26
2.85,-15.44,-36.72
6.86,-13.66,-68.38
10.39,-11.38,-87.25
13.33,-11.83,-93.08
14.56,-12.4,-93.92
16.72,-13.44,-100.98
17.28,-12.11,-110.14
17.39,-10.89,-122.19
17.46,-9.94,-133.1
17.38,-9.68,-142.29
17.13,-10.25,-149.83
16.41,-10.46,-155.4
15.44,-10.74,-158.89
13.97,-10.74,-161.6
12.97,-10.69,-163.43
11.96,-10.55,-164.53
9.74,-10.62,-156.88
7.76,-10.88,-140.64
6.12,-10.65,-122.1
4.94,-10.09,-105.48
4.39,-9.44,-88.76
3.82,-8.62,-76.8
3.39,-7.82,-69.31
2.84,-7.3,-61.33
2.56,-6.9,-58.68
2.42,-6.7,-49.55
2.4,-6.65,-28.33
2.37,-6.62,-5.92
2.33,-6.58,18.33
2.3,-6.52,36.73
2.32,-6.4,53.05
2.33,-6.3,67.19
2.29,-6.22,80.5
2.24,-6.04,92.65
2.08,-6.02,100.67
1.94,-5.82,102.57
1.71,-5.48,103.36
1.58,-5.39,108.14
1.71,-5.2,82.18
1.61,-5.24,90.3
1.61,-5.2,96.91
1.54,-5.45,101.7
1.5,-5.57,106.45
1.3,-5.6,107.92
1.15,-5.73,108.23
1.08,-5.94,110.01
1.08,-5.9,114.9
1.1,-5.74,119.08
1.18,-5.55,124.1
1.15,-5.49,129.11
1.13,-5.39,134.76
0.99,-5.42,139.46
0.87,-5.26,144.71
0.77,-4.87,149.96
0.77,-4.74,88.07
0.74,-4.58,106.14
0.63,-5.0,121.36
0.21,-5.76,132.76
0.06,-7.08,142.22
-0.16,-8.6,149.47
-0.18,-10.14,155.79
-0.22,-11.6,83.96
-0.35,-13.88,102.2
-0.54,-14.91,116.9
-0.66,-17.58,126.42
-0.64,-18.93,84.47
-0.65,-19.6,41.35
-0.49,-20.27,3.37
-0.0,-21.88,-28.65
0.3,-24.17,-50.99
0.34,-25.59,-68.23
0.34,-27.93,-83.25
0.35,-30.31,-96.3
0.47,-31.52,-106.69
0.64,-33.96,-113.63
0.69,-37.23,-118.28
0.72,-38.59,-123.36
0.69,-41.01,-125.24
0.67,-44.82,-126.2
0.67,-45.05,-126.4
0.71,-49.01,-126.91
0.71,-53.75,-127.18
0.72,-54.64,-128.78
0.82,-54.45,-131.4
0.78,-54.19,-134.82
0.88,-61.27,-136.63
1.07,-62.41,-137.17
1.01,-67.05,-134.12
0.96,-68.45,-128.14
0.98,-70.47,-130.05
1.05,-71.19,-132.78
1.21,-72.41,-136.47
2.17,-78.01,-137.71
1.69,-77.3,-128.7
0.85,-74.87,-97.66
0.85,-78.1,-107.37
1.07,-81.32,-115.52
2.52,-85.2,-117.37
4.28,-87.29,-114.32
4.96,-86.77,-120.12
5.74,-85.48,-126.29
6.03,-85.58,-133.05
6.19,-86.28,-121.55
9.07,-86.24,-105.02
9.48,-86.01,-89.7
18.15,-86.75,-82.87
25.85,-86.97,-82.39
32.16,-86.53,-76.32
34.53,-86.13,-70.4
41.2,-85.54,-65.29
45.43,-83.97,-58.97
50.63,-83.26,-54.92
65.47,-83.65,-54.52
71.37,-84.33,-60.75
76.11,-84.29,-59.52
79.27,-83.9,-54.11
79.74,-81.79,-48.01
81.23,-81.08,-44.79
81.8,-80.04,-43.65
84.55,-80.24,-43.59
86.84,-81.14,-44.93
87.15,-81.2,-44.43
88.76,-81.1,-44.18
92.1,-80.59,-43.36
92.95,-80.2,-43.08
95.17,-79.71,-43.05
96.62,-79.37,-43.04
97.65,-79.06,-42.95
99.89,-78.75,-42.86
103.67,-77.77,-42.61
105.3,-76.86,-42.45
110.18,-76.91,-42.17
114.62,-77.23,-42.04
117.03,-77.27,-41.99
117.75,-76.6,-41.96
119.32,-76.09,-41.87
119.81,-73.96,-41.54
122.8,-74.19,-41.27
126.77,-75.02,-41.16
129.54,-75.69,-40.9
130.47,-75.71,-40.17
130.73,-75.81,-39.1
133.63,-75.84,-38.28
137.17,-75.7,-37.94
139.85,-75.24,-37.12
141.3,-74.89,-36.49
142.27,-75.35,-36.25
143.09,-76.37,-35.98
143.37,-77.94,-35.75
143.04,-79.89,-36.0
142.97,-80.63,-36.25
142.56,-80.66,-36.6
140.53,-80.75,-37.78
136.91,-82.17,-39.88
133.78,-82.01,-42.16
129.83,-83.34,-46.94
127.34,-82.3,-51.31
125.8,-79.6,-55.9
120.86,-76.53,-58.34
114.89,-74.1,-59.15
112.12,-70.32,-63.38
112.06,-66.72,-71.3
111.58,-65.71,-87.53
106.8,-60.61,-103.44
97.8,-56.67,-116.06
91.49,-52.29,-126.9
87.75,-51.03,-135.81
81.98,-49.12,-143.33
72.87,-42.98,-150.84
62.21,-39.4,-158.55
54.74,-35.72,-68.08
50.05,-33.61,-100.83
45.62,-33.83,-124.2
37.62,-31.33,-141.28
29.91,-25.6,-152.57
23.29,-22.68,-158.98
18.66,-22.66,-87.35
15.19,-22.51,-26.93
11.86,-21.28,22.44
9.25,-20.66,60.53
7.7,-19.02,6.61
6.14,-15.01,35.43
4.83,-11.53,9.43
3.54,-10.34,30.84
2.53,-8.03,60.07
1.46,-5.64,86.13
0.59,-5.61,109.98
-0.01,-3.8,127.6
-0.23,-0.05,139.05
-0.32,2.5,146.75
-0.3,4.17,152.35
-0.55,7.13,157.08
-0.7,9.19,161.92
-0.65,9.32,166.55
-0.72,12.62,170.27
-0.82,14.55,172.49
-0.9,19.68,173.71
-1.0,24.25,174.45
-1.1,27.67,174.95
-1.84,28.84,175.23
-2.64,27.91,175.49
-3.33,27.89,175.7
-3.58,29.67,175.94
-3.95,32.5,175.9
-3.88,32.93,175.95
-3.84,36.48,175.94
-3.38,38.42,175.96
-3.44,42.23,176.01
-4.25,46.07,176.03
-5.51,48.23,176.04
-5.79,47.48,176.1
-6.37,45.03,176.21
-7.3,46.07,176.32
-7.46,48.42,176.29
-7.22,52.22,176.0
-6.86,56.3,174.55
-5.95,58.55,173.49
-5.45,56.86,173.51
-3.99,55.28,173.34
-4.28,53.12,173.11
-4.49,54.03,172.98
-4.53,56.12,172.79
-4.62,59.34,172.5
-4.72,58.05,172.13
-4.96,57.67,171.75
-5.15,57.19,171.51
-4.96,58.47,170.78
-4.77,59.31,170.49
-5.14,59.06,170.51
-4.71,59.57,170.31
-2.95,60.94,170.11
-1.91,61.06,169.77
-0.98,61.28,169.32
-0.8,61.13,169.09
-0.75,60.4,169.02
-0.62,60.39,168.97
-0.72,60.67,168.9
1.76,62.81,167.37
1.6,63.07,167.39
1.53,63.55,167.44
1.46,61.94,167.7
1.45,60.48,168.01
1.72,61.32,167.91
1.73,60.93,168.1
1.66,60.41,168.32
1.17,58.64,168.74
0.92,59.16,169.07
0.82,58.1,169.52
0.82,59.23,169.6
0.82,57.81,169.89
0.41,55.22,170.35
0.15,54.14,170.68
-0.15,55.2,171.33
-0.48,58.78,171.4
-0.76,59.36,171.59
-0.9,54.92,171.93
-1.48,45.32,172.95
-1.62,42.15,173.55
-2.01,40.75,174.01
-2.6,42.25,174.27
-2.85,43.11,174.59
-2.88,41.32,174.93
-2.9,39.74,175.22
-2.98,37.6,175.47
-3.23,35.36,175.64
-3.41,34.42,175.85
-3.49,33.0,176.03
-3.81,31.71,176.2
-4.11,27.99,176.52
-4.06,28.07,176.84
-4.17,26.09,176.97
-4.27,25.41,177.08
-4.42,22.92,177.22
-4.51,19.06,177.42
-4.56,11.74,177.65
-4.66,7.72,177.77
-4.7,7.15,177.86
-4.72,9.73,177.91
-4.1,10.81,61.73
-4.01,6.28,103.21
-4.0,1.4,130.51
-4.0,-4.76,146.57
-4.17,-6.13,155.4
-3.98,-5.89,162.7
-3.37,-6.44,44.99
-2.88,-7.53,-30.62
-2.72,-10.51,-76.23
-2.91,-14.47,-22.36
-2.89,-15.37,-48.51
-2.74,-13.76,-68.09
-2.92,-18.84,-27.67
-2.7,-19.08,-60.4
-2.73,-18.85,-10.69
-2.15,-19.0,-33.38
-2.06,-25.46,-48.24
-2.07,-26.83,-11.46
-1.99,-28.78,23.63
-1.55,-33.57,-17.7
-1.28,-34.71,-53.86
-1.37,-38.3,1.36
-0.98,-39.3,-36.88
-0.73,-39.49,-74.27
-0.52,-42.26,-99.95
-0.38,-44.17,-118.82
-0.36,-45.43,-132.74
-0.35,-44.81,-143.06
-0.28,-49.79,-148.94
-0.26,-53.22,-154.01
0.24,-58.69,-156.01
0.28,-57.5,-157.3
1.34,-52.42,-157.57
1.66,-51.9,-158.42
1.14,-57.7,-158.48
1.0,-64.03,-159.82
-0.83,-66.29,-118.06
0.97,-63.95,-125.99
1.7,-63.3,-132.68
1.89,-67.18,-138.38
-5.99,-72.75,-82.68
-7.49,-74.52,-21.41
-11.79,-71.63,19.48
-10.19,-72.65,-26.19
-10.46,-75.48,17.18
-13.5,-77.26,37.35
-12.09,-76.52,49.36
-14.95,-78.1,49.82
-15.3,-75.7,59.2
-18.58,-78.64,79.98
-18.01,-80.51,108.86
-18.1,-82.44,128.31
-18.18,-82.11,142.01
-18.18,-82.04,151.54
-17.9,-81.34,158.54
-27.47,-82.79,148.17
-26.23,-83.74,153.07
-24.24,-83.84,157.86
-19.9,-83.65,80.7
-17.53,-83.65,20.03
-13.76,-83.75,-22.72
-12.61,-84.36,22.09
-8.39,-84.52,-9.7
-5.59,-84.31,-35.58
-3.72,-83.87,-56.06
-0.8,-83.36,-72.17
0.98,-82.34,-85.83
3.31,-81.68,-93.99
7.16,-84.17,-98.2
9.13,-83.26,-100.89
8.84,-78.81,-106.85
8.68,-75.08,-115.86
9.21,-74.94,-124.16
7.48,-75.11,-133.19
9.4,-77.73,-136.94
8.71,-72.5,-138.39
8.41,-66.69,-139.68
8.23,-64.12,-141.54
8.58,-62.3,-143.64
10.25,-68.66,-145.71
9.86,-66.78,-147.4
9.82,-63.61,-147.7
9.7,-60.05,-148.29
9.79,-56.97,-148.52
9.49,-54.29,-148.94
8.87,-52.78,-148.95
8.81,-55.97,-150.62
8.75,-54.79,-153.51
8.7,-50.76,-156.75
8.67,-46.36,-159.47
8.51,-43.27,-160.78
8.43,-41.88,-161.53
8.25,-42.8,-162.83
8.21,-42.75,-163.92
8.18,-41.67,-165.08
8.14,-39.62,-166.17
8.09,-36.86,-166.92
7.7,-33.84,-167.45
7.5,-34.16,-167.79
7.26,-34.29,-168.82
7.24,-32.47,-169.74
7.04,-31.55,-170.89
6.62,-28.31,-172.7
6.59,-26.05,-173.75
6.46,-23.36,-174.42
6.38,-22.0,-174.7
6.11,-19.52,-175.13
5.34,-18.04,-176.41
4.81,-17.88,-177.12
4.25,-18.59,-177.91
3.99,-17.03,-178.01
3.72,-15.84,-178.22
3.62,-13.06,-178.25
3.35,-11.29,-178.51
2.96,-9.15,-178.71
2.23,-7.88,-105.95
1.41,-6.49,-44.09
0.88,-5.79,0.22
0.61,-4.88,29.32
0.59,-4.65,-3.35
0.6,-3.72,-25.91
0.43,-2.76,4.91
0.1,-2.75,33.56
-0.2,-2.79,57.94
-0.54,-2.99,76.43
-0.66,-3.41,87.76
-0.73,-3.55,95.87
-1.05,-3.29,101.32
-0.96,-2.9,107.84
-1.59,-2.57,116.35
-1.9,-2.67,125.08
-1.98,-2.43,133.11
-2.65,-2.3,138.51
-1.0,-2.12,139.57
-1.0,-1.7,141.15
1.09,-1.65,141.17
3.78,-1.14,142.69
6.77,-0.76,144.63
11.25,-0.88,126.82
11.93,-3.14,109.69
14.03,-2.11,114.6
19.54,-5.34,81.3
17.49,-4.45,92.61
19.59,-4.86,48.71
23.72,-5.29,21.66
28.03,-7.17,-1.91
30.09,-7.77,-22.71
32.06,-7.68,-47.74
34.52,-7.62,-68.36
30.47,-7.6,-32.66
34.35,-7.42,-21.54
36.22,-7.53,-25.33
36.95,-7.79,-39.97
41.76,-7.7,-56.66
44.18,-7.7,-68.36
40.77,-7.73,-60.8
40.8,-7.55,-53.39
45.93,-7.37,-22.51
51.34,-8.0,-37.45
49.8,-7.92,-36.24
48.85,-7.59,-23.91
48.32,-7.26,-23.81
49.93,-6.9,-17.61
54.42,-6.69,-18.61
55.29,-6.46,-8.73
58.58,-5.33,13.86
59.91,-4.89,38.21
58.96,-5.15,62.85
58.84,-5.54,84.08
60.17,-5.99,96.51
64.82,-6.15,68.78
66.68,-6.07,56.43
68.0,-5.26,50.63
65.68,-5.37,51.15
65.4,-5.85,53.99
66.67,-6.23,59.66
67.87,-5.45,67.2
68.33,-5.13,72.7
68.34,-4.76,76.98
68.31,-4.29,83.08
68.2,-4.42,91.03
68.29,-3.93,99.3
68.36,-3.85,110.67
68.49,-3.46,120.45
68.53,-3.29,128.83
68.46,-3.23,136.11
68.21,-3.08,142.03
67.94,-2.78,146.47
65.84,-2.74,150.07
61.02,-2.72,153.11
60.1,-2.69,156.23
61.44,-2.47,159.67
61.98,-2.2,162.26
65.79,-1.94,81.15
59.43,-1.91,98.35
52.04,-1.73,112.71
49.73,-1.66,124.86
50.24,-1.65,135.15
55.96,-1.58,146.3
57.45,-1.28,152.76
52.91,-0.01,155.64
40.34,-0.99,155.87
40.47,-1.11,157.53
37.28,-1.1,159.24
39.61,-0.31,161.78
41.88,-0.26,164.17
38.4,-0.07,166.13
26.05,0.55,164.74
26.66,-0.09,164.9
49.0,0.18,91.68
28.98,0.18,115.32
26.65,-0.85,133.06
28.44,-1.34,136.58
19.42,-1.61,137.41
17.79,-0.8,139.61
20.82,-2.12,145.7
20.33,-1.55,151.85
22.2,-2.2,157.19
20.51,-2.28,70.79
17.69,-0.98,102.48
8.91,-1.38,120.85
4.47,-1.65,134.86
4.34,-1.09,151.6
9.89,4.89,7.46
-0.84,3.13,74.45
-1.85,0.79,107.8
-7.79,-2.38,130.94
-9.96,-3.43,147.56
-12.07,-4.47,155.78
-10.88,-5.27,157.18
-12.89,-7.92,118.11
-17.75,-6.61,134.11
-21.66,-5.28,144.41
-23.5,-4.01,149.11
-22.15,-4.26,124.34
-25.68,-5.45,129.71
-24.98,-6.81,57.72
-30.49,-6.58,91.71
-29.18,-2.94,24.57
-23.46,-4.0,-4.78
-24.8,-5.83,-61.69
-25.31,-9.38,-102.11
-25.87,-11.18,-128.86
-25.88,-12.45,-142.26
-26.23,-11.93,-75.07
-26.28,-11.7,-98.8
-26.39,-11.95,-121.45
-27.1,-11.86,-138.8
-27.09,-11.37,-146.36
-27.09,-10.05,-148.08
-27.12,-9.18,-149.67
-27.13,-8.47,-150.67
-27.0,-4.9,-150.77
-27.47,-3.09,-156.33
-27.75,-2.7,-161.97
-29.37,-2.74,-167.54
-30.52,-3.47,-171.87
-30.52,-3.62,-172.66
-30.59,-3.83,-173.4
-30.71,-3.84,-173.31
-30.81,-3.75,-173.24
-30.8,-3.63,-172.85
-30.8,-3.79,-172.91
-30.78,-3.95,-172.33
-30.78,-4.04,-171.89
-30.8,-4.18,-172.63
-31.4,-4.8,-173.09
-32.09,-3.99,-172.89
-31.59,-3.76,-171.57
-31.05,-3.76,-169.65
-30.93,-4.32,-169.06
-30.02,-5.23,-163.96
-27.64,-5.51,-161.81
-26.12,-6.97,-160.86
-26.06,-9.6,-161.97
-26.48,-12.63,-162.64
-26.65,-12.75,-163.33
-27.3,-12.69,-163.71
-27.47,-12.15,-163.88
-27.58,-10.26,-163.56
-28.69,-8.98,-164.36
-29.53,-8.88,-165.32
-29.85,-9.65,-165.83
-29.41,-7.34,-164.87
-33.65,-5.98,-166.0
-38.0,-7.2,-170.57
-40.91,-5.17,-173.64
-40.82,-0.85,-170.85
-44.27,-1.83,-172.48
-40.89,-1.04,-170.69
-43.86,0.92,-171.28
-48.39,-1.99,-170.86
-50.81,-2.03,-170.89
-51.7,2.98,-170.73
-53.66,4.96,-171.06
-55.11,5.16,-168.14
-58.73,4.21,-168.27
-59.93,3.77,-168.39
-63.6,2.85,-170.42
-67.53,1.91,-167.93
-71.64,1.29,-168.77
-77.24,1.0,-172.35
-73.81,-0.61,-170.88
-71.94,-1.6,-163.76
-74.7,-1.77,-162.53
-77.19,-1.84,-163.21
-84.61,-2.33,-169.05
-87.45,-2.71,-166.61
-86.3,-3.28,-164.0
-83.17,-4.39,-161.17
-83.89,-5.71,-161.33
-85.43,-6.74,-162.2
-87.56,-7.94,-163.95
-90.12,-8.12,-165.7
-90.5,-8.3,-166.39
-90.78,-8.43,-166.92
-90.75,-8.91,-166.86
-90.38,-9.8,-166.04
-89.33,-10.78,-164.67
-88.97,-10.55,-164.1
-88.71,-11.22,-163.7
-90.14,-11.89,-163.41
-88.07,-11.75,-161.66
-85.19,-12.44,-159.64
-84.62,-13.31,-159.87
-86.08,-13.91,-160.56
-84.96,-10.82,-159.88
-78.94,-10.65,-158.07
-76.38,-9.79,-157.75
-74.16,-9.73,-157.09
-73.68,-11.21,-156.96
-71.96,-12.07,-156.4
-69.28,-10.34,-156.85
-65.17,-8.42,-156.38
-62.56,-7.45,-155.7
-58.13,-6.39,-153.69
-56.67,-7.04,-154.32
-56.91,-7.47,-155.07
-53.43,-7.31,-154.41
-49.95,-6.73,-153.36
-45.36,-6.8,-153.49
-43.12,-6.3,-153.0
-39.43,-5.84,-151.61
-40.13,-5.85,-151.56
-38.57,-5.81,-151.99
-35.26,-5.71,-152.39
-32.82,-5.68,-152.51
-31.36,-5.7,-152.53
-26.91,-5.43,-152.84
-22.41,-5.03,-152.83
-21.0,-5.07,-152.84
-18.83,-5.15,-152.81
-15.81,-5.4,-153.03
-12.47,-5.66,-153.18
-5.62,-4.47,-152.63
-4.97,-4.15,-152.36
-6.74,-3.59,-153.7
-3.97,-3.65,-154.56
5.07,-2.47,-153.27
12.46,-2.59,-151.96
9.49,1.42,-152.1
8.82,0.81,-152.59
8.65,0.19,-153.05
14.6,1.06,-152.37
22.99,1.03,-152.35
24.11,1.77,-152.38
24.54,2.41,-152.38
31.25,2.69,-151.61
27.4,2.19,-152.8
33.51,3.32,-152.61
34.85,3.67,-152.57
40.2,4.19,-151.79
37.24,4.48,-152.38
37.25,4.38,-152.82
43.18,5.16,-152.65
42.92,5.06,-152.83
51.3,5.46,-152.6
59.13,5.58,-152.48
60.92,5.87,-152.06
58.98,5.86,-151.98
55.42,5.62,-152.44
54.15,5.5,-153.05
56.28,5.63,-153.07
57.69,5.77,-153.08
59.46,5.88,-152.99
60.37,5.92,-153.09
60.79,5.92,-153.13
61.38,5.95,-152.87
62.71,5.97,-152.57
62.03,6.02,-152.79
60.97,5.87,-153.2
61.43,5.77,-153.26
62.36,5.17,-153.26
61.21,4.81,-153.26
56.18,3.72,-154.43
56.45,3.77,-154.6
55.31,3.79,-155.01
55.5,3.76,-154.81
55.53,3.79,-154.66
49.47,3.25,-155.25
46.52,2.43,-155.98
45.46,2.28,-156.28
47.18,2.32,-155.94
47.07,2.08,-155.91
48.71,2.01,-155.76
43.67,1.68,-155.77
42.19,1.48,-155.77
36.88,0.97,-156.15
37.82,0.87,-156.2
38.05,0.61,-156.16
41.08,0.63,-156.05
42.84,0.65,-155.88
40.74,0.61,-155.69
27.39,-0.64,-156.51
23.74,-0.87,-156.65
24.96,-1.08,-156.66
28.48,-1.06,-156.63
31.85,-0.94,-156.03
34.67,-0.68,-155.06
29.93,-0.95,-154.92
21.45,-1.84,-155.49
18.5,-2.28,-155.54
20.6,-2.37,-155.53
22.58,-2.5,-155.11
25.02,-2.54,-154.27
18.4,-3.19,-153.93
13.45,-3.17,-154.08
9.1,-3.51,-154.63
5.36,-4.17,-155.22
4.0,-4.68,-155.22
6.69,-4.85,-154.97
6.77,-5.23,-154.75
4.22,-5.13,-154.96
1.35,-5.43,-155.81
-1.49,-5.89,-155.67
-4.57,-6.07,-155.81
-5.66,-5.96,-155.95
-6.12,-6.05,-156.16
-7.52,-6.93,-155.44
-13.23,-7.26,-156.03
-16.28,-8.15,-156.73
-19.81,-8.33,-157.01
-22.53,-8.5,-157.05
-24.59,-8.67,-157.41
-27.31,-8.72,-158.53
-28.51,-9.51,-159.78
-31.66,-10.18,-159.46
-31.84,-10.93,-159.17
-35.2,-10.61,-159.55
-39.2,-10.63,-160.54
-41.68,-11.2,-160.4
-46.29,-11.62,-161.38
-46.35,-11.77,-161.79
-48.5,-12.39,-162.91
-49.31,-12.65,-161.92
-51.99,-13.03,-161.98
-55.85,-14.26,-163.26
-59.68,-14.97,-164.97
-60.25,-14.86,-164.55
-62.12,-14.11,-164.59
-63.05,-14.18,-164.81
-66.19,-14.58,-165.87
-71.2,-14.82,-166.27
-72.77,-15.28,-166.65
-73.57,-15.02,-166.99
-75.78,-14.61,-167.67
-75.62,-14.6,-167.11
-80.21,-14.2,-167.53
-81.17,-13.69,-167.65
-83.93,-13.83,-167.94
-85.67,-13.24,-167.94
-86.47,-13.19,-168.02
-89.16,-13.19,-168.71
-90.72,-13.29,-169.42
-93.08,-13.15,-169.72
-94.56,-12.89,-170.07
-94.52,-12.69,-170.26
-95.46,-12.82,-170.8
-96.65,-12.45,-170.63
-95.62,-12.71,-170.01
-98.27,-12.31,-170.62
-99.04,-12.23,-170.91
-98.82,-12.08,-170.73
-98.85,-11.98,-170.64
-99.22,-11.92,-170.68
-99.62,-11.79,-170.94
-99.74,-11.79,-170.92
-99.73,-11.75,-170.81
-100.09,-11.74,-170.81
-100.78,-11.81,-170.9
-99.25,-11.83,-170.81
-98.7,-11.8,-170.77
-97.32,-11.77,-170.51
-95.32,-11.78,-170.27
-94.6,-11.68,-170.24
-94.88,-11.64,-170.23
-94.17,-11.62,-170.21
-94.69,-11.3,-170.18
-91.94,-11.43,-170.14
-90.14,-11.64,-169.96
-88.66,-11.78,-169.57
-86.08,-11.79,-169.24
-83.52,-11.55,-169.21
-83.47,-11.41,-169.23
-80.44,-11.39,-169.16
-79.54,-11.42,-169.13
-76.11,-11.42,-169.13
-73.05,-11.4,-169.11
-71.94,-11.39,-169.05
-69.06,-11.36,-168.72
-66.29,-11.35,-168.28
-63.88,-11.35,-168.36
-60.04,-11.4,-168.23
-58.52,-11.39,-168.19
-56.44,-11.36,-168.06
-52.66,-11.13,-168.08
-50.11,-11.04,-168.07
-46.01,-10.28,-167.91
-45.46,-9.24,-167.41
-44.76,-8.94,-169.46
-43.69,-10.38,-171.1
-37.15,-12.62,-169.61
-28.82,-12.6,-165.73
-21.85,-11.94,-165.81
-21.96,-11.23,-166.3
-14.03,-10.6,-165.04
-10.85,-10.26,-164.22
-7.21,-10.03,-164.28
-3.39,-9.81,-164.05
-0.62,-9.41,-163.39
-0.67,-8.51,-162.73
0.28,-7.93,-163.84
0.91,-7.08,-164.71
0.48,-6.36,-165.59
1.82,-5.72,-165.49
7.76,-4.93,-164.31
9.03,-4.92,-163.94
9.1,-4.92,-163.97
7.44,-4.61,-165.66
5.31,-4.14,-168.19
4.48,-3.96,-169.07
8.87,-4.06,-165.44
10.67,-4.0,-163.73
12.2,-4.14,-162.4
11.98,-4.66,-162.83
8.48,-4.55,-164.26
6.57,-4.79,-165.37
6.32,-4.19,-166.23
6.42,-3.7,-165.75
6.96,-3.75,-165.11
7.7,-3.57,-163.37
7.64,-3.53,-163.4
6.71,-3.45,-163.75
6.54,-3.45,-164.04
6.61,-3.38,-163.74
6.84,-3.29,-162.24
6.85,-3.26,-161.13
7.5,-3.18,-160.75
8.66,-1.92,-159.52
8.84,-0.59,-158.13
8.18,-0.38,-158.25
6.1,-0.68,-160.13
6.23,-0.41,-159.54
5.64,-1.36,-157.58
3.94,-1.43,-158.65
3.3,-4.99,-159.97
3.29,-8.01,-159.83
2.87,-9.66,-161.39
2.96,-9.55,-155.47
0.42,-8.7,-157.54
-1.07,-8.7,-159.97
-1.13,-8.6,-160.08
-1.28,-8.88,-153.18
0.3,-9.36,-146.39
1.49,-9.55,-143.06
2.77,-9.65,-142.03
2.04,-7.52,-140.48
1.54,-6.69,-140.19
2.17,-5.16,-136.95
3.2,-3.3,-133.64
3.55,-1.8,-127.24
3.82,-2.08,-127.41
3.44,-2.91,-130.81
3.41,-2.58,-128.4
2.99,-1.97,-121.09
2.8,-1.2,-116.09
2.8,-0.77,-110.4
3.21,-0.28,-108.97
3.45,0.22,-102.99
3.37,0.42,-104.75
3.16,0.62,-104.87
3.03,0.7,-103.04
3.63,0.71,-96.2
4.08,1.5,-92.54
4.24,2.41,-91.62
4.43,3.22,-91.49
4.06,3.5,-89.58
4.38,3.42,-90.8
4.06,3.39,-91.79
4.15,3.62,-88.13
6.08,4.26,-81.1
6.89,4.27,-83.14
5.42,5.0,-79.79
4.64,5.09,-81.64
3.75,4.83,-78.13
4.31,3.86,-81.02
5.54,3.55,-81.35
6.08,3.59,-79.2
6.42,4.05,-68.97
6.48,3.92,-68.92
6.4,4.46,-65.63
6.38,4.06,-66.85
6.28,5.45,-54.22
5.32,5.53,-51.63
5.49,6.08,-53.7
4.12,7.87,-50.32
3.12,8.65,-49.37
2.0,8.57,-49.56
0.77,9.23,-47.53
0.67,9.37,-48.27
-0.24,10.5,-45.26
-1.71,11.06,-41.35
-3.32,11.36,-38.27
-4.89,11.9,-34.6
-6.74,13.16,-29.63
-8.65,13.15,-24.93
-8.78,13.19,-25.27
-9.11,13.27,-25.64
-9.11,13.39,-26.31
-8.58,13.36,-26.98
-8.57,13.43,-26.89
-8.17,13.5,-26.93
-8.45,13.43,-26.64
-8.45,13.41,-26.79
-8.3,13.48,-27.3
-8.01,14.05,-27.52
-7.85,14.65,-27.62
-7.67,12.96,-31.31
-7.32,12.46,-33.04
-6.13,13.78,-35.52
-5.16,13.02,-39.37
-4.47,11.79,-44.29
-4.3,9.93,-46.31
-4.24,9.46,-46.9
-4.26,6.93,-47.17
-4.23,5.69,-51.83
-3.91,4.83,-55.44
-3.3,3.68,-59.23
-2.51,3.5,-58.43
-1.76,3.4,-65.6
-1.86,3.38,-67.05
-1.53,3.28,-69.22
-2.08,3.28,-67.27
-2.4,3.23,-74.01
-1.78,3.59,-75.1
-1.28,3.86,-75.56
-1.88,4.0,-75.39
-3.18,4.05,-56.72
-4.57,4.37,-75.0
-4.3,5.39,-79.64
-4.0,5.94,-82.01
-3.69,6.1,-83.4
-4.33,6.08,-90.99
-5.02,6.85,-91.12
-5.57,7.11,-92.09
-5.36,8.17,-90.55
-5.02,9.71,-95.25
-5.5,9.62,-100.16
-5.89,9.55,-102.0
-5.08,9.62,-101.11
-4.68,9.7,-107.13
-3.24,9.73,-109.01
-1.78,9.81,-109.19
-0.72,9.53,-110.46
0.2,9.49,-117.32
2.07,9.19,-119.06
6.06,10.55,-113.91
9.79,10.55,-114.47
9.61,9.75,-119.81
9.28,8.94,-123.57
9.13,8.73,-124.72
9.24,8.41,-125.44
9.64,8.25,-126.68
10.8,8.04,-127.37
7.13,8.05,-129.62
5.44,8.09,-130.36
5.21,8.0,-132.2
6.55,7.97,-131.99
6.45,7.94,-132.39
4.6,8.85,-131.74
-0.49,8.87,-136.89
-2.23,9.03,-138.57
-2.02,9.23,-138.05
-0.09,9.26,-136.65
0.94,9.49,-136.53
-4.58,9.88,-141.37
-4.02,8.72,-142.64
-4.68,8.69,-143.68
-4.23,8.35,-144.58
-2.91,8.38,-143.39
-2.61,8.15,-144.31
-3.25,8.2,-145.07
-3.57,8.12,-147.88
-3.69,8.18,-149.22
-3.69,8.15,-149.24
-3.39,8.07,-148.3
-3.39,8.06,-148.87
-3.48,8.06,-149.43
-3.44,8.15,-148.76
-2.84,8.01,-148.53
-1.9,7.28,-148.43
-1.75,6.82,-154.9
-1.2,6.66,-156.76
-0.98,6.67,-157.67
0.47,6.16,-157.02
1.62,5.53,-160.74
2.1,4.84,-162.48
1.69,3.97,-164.89
2.0,3.01,-164.48
2.15,2.39,-168.36
4.08,2.2,-166.95
5.16,1.91,-166.77
5.09,0.95,-168.54
5.38,0.09,-171.72
5.76,-0.08,-172.0
6.26,-0.09,-170.95
7.18,-0.09,-170.78
6.82,-0.36,36.65
7.65,-0.9,-91.21
10.09,-1.2,-137.2
10.39,-1.31,-159.79
11.19,-1.38,32.58
12.59,-1.48,-85.56
12.37,-1.52,55.91
12.31,-1.96,118.15
12.17,-1.95,143.45
12.17,-1.95,157.85
12.28,-1.93,166.64
11.21,-2.01,167.75
10.57,-2.74,168.48
14.78,-3.8,12.8
7.67,-3.63,69.78
6.64,-4.19,105.96
5.87,-5.31,131.58
7.06,-5.57,151.32
3.88,-6.36,156.84
2.32,-6.27,159.46
2.45,-6.03,160.44
2.38,-4.53,160.0
0.54,-4.28,157.98
2.29,-3.46,160.61
5.56,-2.63,163.99
5.28,-2.84,162.01
5.73,-2.53,162.77
5.8,-2.47,162.52
5.76,-3.05,162.06
5.54,-3.55,161.78
5.56,-3.82,161.84
5.8,-4.01,162.03
3.62,-3.89,160.65
2.97,-3.76,158.76
5.06,-4.28,158.99
6.02,-4.63,159.13
5.74,-4.7,158.55
5.48,-3.99,156.63
4.49,-2.64,154.21
4.11,-2.31,152.51
4.38,-2.23,152.88
6.11,-2.74,156.28
2.52,-2.67,148.53
-1.01,-2.48,143.6
-0.94,-4.54,145.51
-0.77,-6.5,145.31
1.68,-7.56,149.36
3.87,-8.08,152.0
5.6,-9.06,153.46
4.31,-8.94,144.26
1.73,-8.4,135.8
0.94,-8.0,134.25
2.98,-8.19,143.73
5.64,-8.85,147.07
4.18,-9.56,143.46
-1.15,-14.51,131.63
0.02,-10.46,131.92
0.31,-10.36,135.02
0.57,-10.21,134.55
1.15,-10.46,135.88
1.16,-10.05,133.55
1.2,-9.61,129.23
1.33,-9.6,129.03
1.31,-10.5,128.3
0.55,-9.19,122.65
0.51,-8.89,119.39
0.36,-8.61,119.59
0.49,-8.15,120.97
0.78,-7.42,121.58
2.09,-8.79,124.1
3.1,-8.98,124.09
3.99,-9.49,124.7
4.52,-10.6,125.63
5.69,-12.03,126.96
5.54,-12.41,126.15
5.52,-11.29,123.67
5.54,-10.34,122.97
4.63,-9.22,119.92
4.08,-9.24,119.03
4.39,-10.18,120.43
4.49,-10.87,121.33
4.76,-11.82,122.22
5.4,-12.6,122.33
4.54,-14.05,122.15
-1.64,-13.81,121.17
-1.09,-13.06,121.13
-1.08,-10.07,120.7
-0.61,-8.73,120.1
0.24,-3.43,118.68
0.51,4.34,115.89
0.15,1.98,113.64
6.77,0.85,124.93
5.74,0.94,115.13
-3.15,4.98,104.92
-0.43,9.05,86.7
-13.61,5.09,98.88
-24.2,0.38,101.46
-21.6,-6.34,104.47
-7.53,-27.54,120.04
-20.67,-39.81,112.36
-20.19,-22.85,103.11
-12.98,-36.73,116.13
-17.84,-23.79,92.48
-17.88,-24.3,92.74
-10.61,-24.51,109.97
-6.39,-24.21,103.55
-12.72,-20.8,102.13
-14.33,-13.85,101.16
-19.64,-14.74,98.75
-28.09,-19.56,97.06
-22.1,-22.73,96.26
-16.08,-21.28,90.06
-14.16,-17.59,84.38
-16.21,-21.26,88.78
-16.75,-21.19,88.63
-17.83,-16.16,82.84
-15.71,-14.6,81.85
-12.19,-12.64,78.7
-13.23,-14.62,82.42
-14.24,-10.18,79.1
-14.4,-2.36,70.57
-15.3,2.62,66.05
-12.38,2.6,61.1
-15.42,-2.16,71.46
-17.69,-4.26,74.17
-14.33,-1.05,64.99
-14.06,-0.28,59.34
-12.64,-1.63,59.34
-10.62,-6.42,68.62
-12.71,-9.83,74.91
-13.11,-9.94,71.79
-13.12,-8.35,64.49
-13.43,-6.19,61.9
-15.4,-5.76,61.94
-17.97,-6.2,62.12
-19.96,-6.88,62.81
-20.04,-7.73,64.67
-19.98,-4.51,61.16
-20.18,0.74,56.86
-20.87,0.45,58.7
-21.43,0.46,59.32
-22.48,-0.56,61.99
-24.39,-0.76,62.75
-25.19,0.67,59.35
-24.46,3.51,52.99
-23.86,4.14,50.6
-23.78,3.19,53.92
-23.79,3.01,55.4
-24.42,2.83,56.72
-25.72,4.87,53.65
-26.19,4.76,54.33
-24.48,4.57,54.7
-23.22,3.99,56.76
-22.82,0.44,63.08
-22.99,2.71,55.91
-21.51,3.7,53.55
-13.72,9.34,39.41
-10.2,17.25,26.56
-10.99,18.55,27.75
-18.62,12.47,46.18
-19.31,26.66,41.98
-22.01,18.42,46.59
-23.0,17.32,48.17
-16.0,10.77,29.62
-15.9,9.5,32.96
-14.97,2.82,35.18
-14.81,-3.18,45.9
-14.77,-4.05,38.32
-13.58,-2.71,31.48
-11.9,-3.03,20.81
-9.51,-3.57,15.86
-9.6,-2.43,17.39
-9.63,-2.18,17.6
-10.35,-2.14,21.73
-10.52,-0.83,25.42
-10.2,-2.21,17.43
-10.19,-2.23,11.27
-10.58,0.3,19.49
-12.41,0.41,22.49
-9.88,0.58,6.07
-9.55,-0.24,-7.39
-13.26,4.34,6.4
-12.06,5.37,6.41
-12.32,5.01,9.7
-13.61,7.65,9.88
-14.11,9.75,12.07
-14.87,3.09,12.86
-15.05,-2.75,13.64
-15.4,-2.07,4.62
-14.57,-2.47,-3.87
-13.97,-1.1,-6.51
-13.86,-1.96,-6.3
-9.88,-10.43,-42.0
-8.05,-18.76,-55.9
-7.79,-11.21,-38.3
-7.15,-8.31,-33.94
-4.96,-8.79,-42.09
-4.02,-8.77,-42.37
-3.83,-9.2,-43.24
-3.99,-8.84,-37.15
-5.47,-8.61,-36.84
-5.89,-7.02,-35.15
-9.67,-1.29,-25.61
-12.04,0.51,-24.16
-8.75,-3.87,-41.82
-7.92,-8.67,-53.31
-12.27,-8.87,-43.71
-14.65,-7.45,-33.25
-14.99,-2.74,-24.62
-14.04,-1.94,-36.77
-11.78,-2.02,-45.03
-8.59,-2.59,-57.33
-8.47,-3.51,-63.97
-7.79,-3.92,-64.16
-8.69,-2.31,-54.7
-8.87,-1.5,-47.28
-8.95,-1.45,-59.74
-7.72,-2.96,-75.22
-6.85,-3.01,-80.68
-6.86,-3.06,-74.17
-6.99,-2.16,-72.81
-7.18,-2.04,-70.0
-7.11,-2.58,-76.77
-6.87,-2.57,-75.63
-6.41,-4.17,-82.54
-6.42,-4.45,-84.68
-5.92,-3.48,-81.12
-5.86,-3.2,-79.27
-6.55,-2.27,-78.73
-6.97,-2.83,-84.44
-5.88,-4.16,-89.01
-5.11,-3.29,-85.99
-4.79,-3.2,-81.76
-4.74,-2.76,-82.78
-4.93,-1.85,-83.29
-4.28,-1.04,-86.49
-2.55,-1.23,-89.9
-2.1,-1.02,-93.64
-2.09,0.06,-92.33
-2.23,1.5,-90.15
-2.21,1.64,-91.6
-1.91,1.51,-97.97
-0.84,1.36,-100.98
-0.82,1.7,-100.05
-0.77,1.82,-100.34
-0.78,1.77,-104.37
-0.32,1.71,-105.98
0.8,1.49,-107.15
2.1,1.29,-107.15
3.77,1.09,-108.32
2.92,0.98,-110.4
2.47,1.01,-110.82
5.26,0.32,-110.65
5.0,0.8,-110.22
7.22,0.69,-110.85
7.12,0.88,-111.01
7.12,1.31,-110.64
5.91,1.56,-111.69
10.1,-0.18,-111.17
9.51,1.03,-110.91
7.01,2.59,-110.66
6.63,3.17,-110.44
4.69,3.0,-113.44
3.8,2.31,-115.94
3.24,2.34,-115.56
2.53,2.33,-116.85
2.48,2.29,-117.15
3.28,1.88,-117.78
4.35,1.65,-117.75
3.94,1.74,-116.8
4.32,0.26,-120.24
4.17,-1.08,-122.35
4.07,-2.15,-123.74
2.7,-1.72,-122.99
1.1,-3.11,-126.49
-0.17,-4.16,-128.93
6.69,-4.11,-125.63
-5.38,-3.49,-126.6
-4.36,-4.59,-128.69
-11.58,-4.81,-132.24
-10.94,-4.52,-132.09
-0.17,-5.73,-130.09
-12.56,-5.96,-131.34
-25.85,-5.22,-132.97
-28.57,-4.19,-136.51
-24.19,-3.92,-134.27
-17.02,-3.78,-131.87
-15.57,-3.69,-132.15
-13.09,-3.7,-131.37
-10.23,-3.05,-128.63
-6.64,-3.24,-130.98
-6.17,-2.86,-132.11
-6.51,-2.32,-133.68
-6.33,0.21,-130.53
-6.92,1.51,-136.76
-7.54,1.54,-139.57
-7.34,1.5,-139.55
-7.46,1.7,-138.9
-4.4,1.71,-140.78
-2.09,3.1,-139.47
-1.79,2.96,-141.75
-1.44,3.27,-141.85
-1.18,4.53,-143.39
-1.19,1.16,-146.05
-1.52,-3.26,-148.41
-4.04,-7.27,-152.3
-3.9,-5.62,-151.2
-4.04,-7.73,-152.2
-3.69,-11.09,-153.05
-5.28,-10.2,-155.83
-5.12,-10.57,-156.05
-5.34,-10.63,-157.83
-5.44,-10.98,-157.99
-5.74,-10.68,-157.78
-6.48,-10.43,-161.05
-7.22,-9.36,-161.53
-1.93,-9.44,-158.74
-0.81,-10.12,-156.33
-2.82,-9.04,-157.84
-3.82,-8.99,-158.42
-3.45,-8.66,-157.95
-6.83,-8.38,-161.42
-6.6,-8.28,-160.19
-7.73,-8.3,-163.02
-8.06,-8.18,-167.72
-8.82,-7.49,-165.89
-5.17,-7.39,-161.52
-2.83,-7.57,-159.91
-3.25,-7.04,-163.57
-4.92,-7.66,-168.33
-5.06,-8.12,-170.23
-4.9,-8.23,-169.19
-4.48,-7.88,-168.1
-4.65,-7.92,-168.37
-4.39,-7.85,-165.76
2.15,-6.28,-154.95
-1.43,-6.38,-168.23
-1.96,-8.46,53.36
-10.86,-7.75,121.63
-4.81,-8.85,-50.08
-1.5,-10.4,-130.22
1.38,-12.27,-156.51
-1.34,-12.26,-169.4
-2.8,-11.94,6.36
-1.42,-10.98,87.84
-2.09,-10.54,129.23
-0.92,-9.93,-35.32
1.79,-9.11,-114.02
5.41,-9.1,-149.34
3.32,-8.89,36.4
3.71,-10.43,-89.47
3.63,-8.96,56.82
2.04,-10.85,117.45
1.34,-11.65,148.19
1.01,-10.72,160.12
1.11,-9.65,162.34
1.35,-7.54,163.0
0.41,-12.31,161.94
-1.75,-15.16,157.56
-1.93,-16.71,152.81
-2.0,-19.19,153.49
-1.97,-16.88,156.17
-1.93,-12.59,153.31
1.92,-13.15,154.72
0.31,-15.82,150.43
-0.7,-17.89,144.05
-0.95,-21.2,148.07
0.88,-21.24,164.11
5.87,-22.09,167.92
0.57,-22.4,147.42
-6.29,-19.82,134.16
-9.08,-17.31,127.01
-8.97,-17.03,128.33
-8.24,-16.61,130.93
-7.3,-17.03,133.65
-11.16,-16.61,125.13
-13.14,-15.72,120.76
-13.34,-13.83,119.17
-9.72,-10.73,118.57
-2.04,-14.37,132.87
2.69,-17.45,140.54
10.84,-19.9,152.79
12.39,-19.79,153.78
10.04,-19.75,142.86
8.72,-19.63,132.24
7.61,-19.73,129.95
4.34,-20.91,127.35
4.24,-20.29,124.35
1.47,-18.8,118.56
-0.13,-17.3,112.99
-0.48,-16.16,110.27
-1.73,-15.12,108.47
-2.45,-14.82,107.96
-3.25,-14.55,106.94
-4.01,-14.26,106.34
-4.59,-13.42,105.44
-5.03,-11.22,101.26
-5.13,-11.17,102.38
-4.89,-11.47,105.13
-5.12,-9.77,101.96
-4.76,-9.74,102.16
-4.61,-9.15,100.09
-4.56,-8.21,97.81
-4.55,-7.54,96.29
-4.54,-6.76,91.57
-4.59,-6.58,91.76
-4.59,-7.0,96.08
-4.65,-7.24,95.94
-4.68,-7.37,92.28
-4.7,-7.97,92.56
-4.65,-8.13,91.81
-4.64,-8.47,92.3
-5.13,-8.47,87.73
-6.21,-8.58,86.01
-6.96,-8.6,85.14
-7.65,-8.94,85.93
-7.65,-9.36,83.7
-7.71,-9.35,80.79
-7.38,-9.32,79.8
-7.88,-9.04,78.95
-8.19,-9.96,79.75
-8.35,-9.76,77.89
-8.17,-10.13,78.34
-8.12,-10.39,78.82
-7.94,-10.61,78.11
-8.31,-10.63,77.63
-8.4,-10.58,76.29
-8.4,-10.6,75.89
-8.28,-10.7,75.8
-8.14,-10.71,75.69
-8.02,-10.72,75.71
-8.0,-10.75,75.71
-8.0,-10.78,75.69
-8.07,-10.74,74.84
-8.13,-10.74,74.35
-7.87,-10.75,73.81
-7.59,-10.75,73.47
-7.43,-10.73,74.38
-7.63,-11.0,76.49
-8.04,-11.0,77.2
-8.65,-10.87,76.27
-7.9,-10.86,78.34
-8.67,-10.55,78.52
-8.96,-9.99,77.83
-7.42,-9.36,76.3
-6.14,-9.19,80.34
-5.26,-8.99,81.29
-5.19,-8.41,79.73
-4.8,-8.29,80.71
-4.24,-8.4,87.71
-3.86,-8.47,90.69
-3.84,-8.52,90.34
-3.92,-8.52,89.7
-3.74,-8.58,92.38
-3.56,-8.73,94.09
-3.43,-8.73,94.0
-3.21,-8.78,94.35
-3.04,-8.9,97.44
-3.28,-8.9,97.95
-3.42,-8.9,98.33
-3.98,-8.94,98.05
-4.36,-9.02,100.8
-4.37,-9.08,103.13
-4.37,-8.94,101.93
-4.56,-8.72,100.73
-5.11,-8.77,103.66
-6.37,-8.88,104.8
-6.64,-9.35,104.94
-6.55,-10.31,107.88
-6.41,-10.63,111.31
-6.18,-10.66,112.53
-6.11,-10.68,112.67
-6.03,-11.53,115.43
-6.05,-12.11,117.86
-6.23,-12.08,116.52
-6.23,-11.0,115.47
-6.17,-10.98,117.93
-6.08,-10.61,121.5
-6.04,-10.56,124.42
-5.91,-10.6,125.63
-5.57,-10.59,124.59
-4.81,-10.58,124.79
-3.65,-10.6,129.94
-3.11,-10.72,131.02
-4.04,-10.81,129.21
-5.36,-11.2,128.48
-7.16,-11.7,132.0
-8.04,-11.97,133.24
-8.27,-12.37,134.27
-8.71,-11.34,133.14
-8.05,-11.06,139.63
-7.34,-10.3,141.82
-8.44,-11.11,141.73
-8.27,-12.57,143.3
-9.01,-12.46,147.74
-7.25,-10.24,150.96
-5.34,-8.75,153.61
-3.5,-9.16,156.38
-3.05,-9.21,162.56
-6.74,-8.83,157.95
-9.94,-9.08,156.77
-11.92,-9.92,156.57
-13.55,-11.23,163.76
-13.98,-12.12,166.22
-14.44,-12.1,166.38
-16.56,-10.49,163.39
-17.36,-9.78,170.26
-19.7,-9.44,169.65
-20.62,-8.74,169.87
-20.17,-6.57,171.51
-19.61,-5.82,-27.7
-21.1,-5.68,83.84
-21.31,-3.63,133.19
-22.23,-0.88,152.79
-22.63,4.75,3.99
-22.55,11.81,-73.1
-22.74,18.09,-117.46
-21.21,17.38,-138.01
-22.25,16.0,-155.33
-22.69,13.02,-165.84
-23.07,13.0,-170.26
-24.93,13.11,-171.61
-24.27,13.41,-171.62
-19.45,14.51,-170.61
-17.16,14.95,-169.84
-22.72,12.73,-169.19
-19.59,15.72,-161.95
-8.31,10.6,-157.25
-37.69,-2.56,20.02
-42.33,-5.77,84.52
-37.75,-3.71,-46.74
-35.47,-14.76,-101.01
-42.72,-15.07,-14.58
-43.04,-14.78,27.83
-37.37,-17.83,-64.09
-39.39,-13.69,-106.52
-37.11,-19.03,-115.6
-32.59,-29.84,-119.63
-30.26,-33.6,-128.81
-43.35,-33.15,-22.92
-47.08,-27.34,66.15
-47.02,-24.07,22.4
-45.44,-23.09,20.54
-40.99,-19.15,10.15
-43.39,-19.18,-4.24
-43.65,-17.87,-19.56
-43.1,-18.07,-35.87
-41.8,-17.66,-42.99
-41.41,-18.56,-45.74
-41.9,-18.57,-48.96
-41.97,-18.52,-50.96
-41.36,-18.38,-51.72
-39.49,-17.74,-53.16
-39.44,-17.62,-57.21
-39.4,-17.5,-62.29
-39.91,-17.44,-66.65
-40.27,-17.43,-68.67
-40.28,-17.44,-72.66
-40.03,-17.47,-77.28
-39.41,-17.46,-79.69
-39.26,-17.43,-81.96
-39.49,-17.39,-85.43
-39.88,-17.36,-88.24
-40.03,-17.35,-89.26
-39.96,-17.35,-91.25
-39.84,-17.35,-93.6
-39.78,-17.35,-94.49
-39.81,-17.34,-96.0
-39.86,-17.33,-98.59
-39.92,-17.33,-99.27
-39.92,-17.33,-99.36
-39.92,-17.33,-100.62
-39.87,-17.33,-101.76
-39.86,-17.32,-102.16
-39.89,-17.32,-103.24
-39.94,-17.32,-104.23
-39.97,-17.31,-105.06
-39.97,-17.31,-105.75
-39.97,-17.3,-106.56
-39.98,-17.28,-107.21
-39.99,-17.28,-107.99
-40.01,-17.27,-108.79
-40.02,-17.26,-109.53
-40.01,-17.26,-109.59
-40.02,-17.26,-109.82
-40.02,-17.24,-109.97
-40.03,-17.24,-110.3
-40.04,-17.22,-110.61
-40.04,-17.21,-110.88
-40.04,-17.21,-111.4
-40.04,-17.19,-111.65
-40.04,-17.18,-111.85
-40.05,-17.18,-112.1
-40.05,-17.18,-112.3
-40.05,-17.17,-112.37
-40.06,-17.16,-112.51
-40.08,-17.16,-113.13
-40.1,-17.16,-113.71
-40.1,-17.16,-114.04
-40.1,-17.16,-114.58
-40.1,-17.15,-115.05
-40.11,-17.15,-115.2
-40.12,-17.14,-115.55
-40.12,-17.14,-115.89
-40.12,-17.14,-116.04
-40.13,-17.13,-116.13
-40.13,-17.13,-116.23
-40.13,-17.13,-116.33
-40.12,-17.13,-116.56
-40.12,-17.13,-116.6
-40.12,-17.13,-116.63
-40.12,-17.13,-116.66
-40.14,-17.13,-116.75
-40.14,-17.12,-117.03
-40.14,-17.12,-117.27
-40.14,-17.12,-117.34
-40.14,-17.12,-117.42
-40.15,-17.12,-117.61
-40.15,-17.12,-117.95
-40.15,-17.11,-118.21
-40.16,-17.11,-118.24
-40.16,-17.11,-118.43
-40.16,-17.11,-118.58
-40.16,-17.11,-118.89
-40.16,-17.11,-119.13
-40.16,-17.11,-119.47
-40.16,-17.11,-121.24
-40.16,-17.1,-121.59
-40.17,-17.1,-121.86
-40.17,-17.09,-122.27
-40.17,-17.09,-122.37
-40.17,-17.09,-122.39
-40.17,-17.09,-122.69
-40.18,-17.09,-122.85
-40.18,-17.09,-122.99
-40.18,-17.09,-123.05
-40.18,-17.09,-123.11
-40.18,-17.09,-123.19
-40.18,-17.09,-123.33
-40.18,-17.05,-123.5
-40.18,-17.04,-123.59
-40.18,-17.04,-123.61
-40.18,-17.04,-123.76
-40.18,-17.04,-123.86
-40.18,-17.04,-123.95
-40.18,-17.04,-123.99
-40.18,-17.04,-124.18
-40.18,-17.04,-124.18
-40.18,-17.04,-124.36
-40.18,-17.04,-124.41
-40.18,-17.03,-124.65
-40.18,-17.03,-124.82
-40.18,-17.03,-125.03
-40.18,-17.03,-125.06
-40.19,-17.03,-125.12
-40.19,-17.03,-125.33
-40.19,-17.03,-125.35
-40.19,-17.03,-125.42
-40.19,-17.03,-125.54
-40.19,-17.03,-125.8
-40.19,-17.03,-125.95
-40.19,-17.02,-126.1
-40.21,-17.02,-126.21
-40.21,-17.02,-126.34
-40.21,-17.02,-126.65
-40.21,-17.02,-126.88
-40.21,-17.02,-127.05
-40.21,-17.02,-127.08
-40.21,-17.02,-127.12
-40.21,-17.02,-127.27
-40.21,-17.02,-127.29
-40.22,-17.02,-127.29
-40.22,-17.01,-127.39
-40.22,-17.01,-127.46
-40.23,-17.01,-127.57
-40.23,-17.01,-127.71
-40.23,-17.01,-127.83
-40.23,-17.0,-127.94
-40.23,-17.0,-128.18
-40.23,-17.0,-128.37
-40.23,-17.0,-128.4
-40.23,-17.0,-128.58
-40.23,-17.0,-128.6
-40.23,-16.99,-128.7
-40.23,-16.99,-129.01
-40.24,-16.99,-129.14
-40.24,-16.99,-129.26
-40.24,-16.99,-129.29
-40.24,-16.98,-129.55
-40.24,-16.98,-129.56
-40.24,-16.98,-129.79
-40.24,-16.98,-129.91
-40.24,-16.98,-130.11
-40.24,-16.98,-130.25
-40.24,-16.98,-130.29
-40.24,-16.98,-130.31
-40.25,-16.98,-130.32
-40.25,-16.98,-130.43
-40.25,-16.98,-130.51
-40.25,-16.97,-130.52
-40.25,-16.97,-130.58
-40.25,-16.97,-130.68
-40.25,-16.97,-130.77
-40.25,-16.97,-130.78
-40.26,-16.97,-130.85
-40.26,-16.97,-130.96
-40.26,-16.97,-131.07
-40.26,-16.97,-131.17
-40.26,-16.97,-131.36
-40.26,-16.97,-131.4
-40.26,-16.97,-131.44
-40.26,-16.97,-132.88
-40.26,-16.97,-132.9
-40.26,-16.97,-132.91
-40.27,-16.97,-133.04
-40.27,-16.97,-133.13
-40.27,-16.96,-133.15
-40.27,-16.96,-133.3
-40.27,-16.96,-133.3
-40.27,-16.96,-133.51
-40.27,-16.96,-133.52
-40.27,-16.96,-133.56
-40.27,-16.96,-133.68
-40.27,-16.96,-133.75
-40.28,-16.96,-133.76
-40.28,-16.96,-133.84
-40.28,-16.95,-133.95
-40.28,-16.95,-134.03
-40.28,-16.95,-134.06
-40.28,-16.95,-134.09
-40.29,-16.95,-134.11
-40.29,-16.95,-134.14
-40.29,-16.95,-134.22
-40.29,-16.95,-134.41
-40.29,-16.95,-134.54
-40.29,-16.95,-134.59
-40.29,-16.95,-134.68
-40.29,-16.94,-134.69
-40.29,-16.94,-134.85
-40.29,-16.94,-135.0
-40.29,-16.94,-135.06
-40.3,-16.94,-135.24
-40.3,-16.94,-135.44
-40.3,-16.94,-135.6
-40.3,-16.94,-135.69
-40.3,-16.94,-135.83
-40.3,-16.93,-135.95
-40.3,-16.93,-136.18
-40.3,-16.93,-136.2
-40.3,-16.93,-136.28
-40.3,-16.93,-136.31
-40.31,-16.92,-136.64
-40.31,-16.92,-136.74
-40.32,-16.92,-136.79
-40.32,-16.92,-136.88
-40.32,-16.92,-136.95
-40.32,-16.92,-137.01
-40.32,-16.92,-137.11
-40.32,-16.92,-137.17
-40.32,-16.92,-137.41
-40.33,-16.92,-137.49
-40.33,-16.91,-137.58
-40.33,-16.91,-137.66
-40.33,-16.91,-137.71
-40.33,-16.91,-137.78
-40.33,-16.91,-137.86
-40.33,-16.91,-137.94
-40.33,-16.91,-138.01
-40.33,-16.91,-138.04
-40.34,-16.91,-138.13
-40.34,-16.91,-138.19
-40.34,-16.91,-138.25
-40.34,-16.91,-138.5
-40.34,-16.91,-138.59
-40.34,-16.91,-138.75
-40.34,-16.91,-138.81
-40.34,-16.9,-139.03
-40.34,-16.9,-139.08
-40.34,-16.9,-139.17
-40.35,-16.9,-139.24
-40.34,-16.9,-139.35
-40.34,-16.9,-139.54
-40.34,-16.89,-139.55
-40.34,-16.89,-139.65
-40.34,-16.89,-139.67
-40.34,-16.89,-139.81
-40.34,-16.89,-139.91
-40.34,-16.89,-140.05
-40.34,-16.89,-140.06
-40.34,-16.89,-140.14
-40.34,-16.88,-140.23
-40.34,-16.88,-140.41
-40.35,-16.88,-140.44
-40.35,-16.88,-140.46
-40.35,-16.88,-140.53
-40.35,-16.88,-140.54
-40.35,-16.88,-141.6
-40.35,-16.88,-141.63
-40.35,-16.87,-141.66
-40.35,-16.87,-141.8
-40.35,-16.87,-141.86
-40.35,-16.87,-141.88
-40.36,-16.87,-141.88
-40.36,-16.87,-141.94
-40.36,-16.87,-142.01
-40.36,-16.87,-142.07
-40.37,-16.86,-142.13
-40.37,-16.86,-142.25
-40.37,-16.86,-142.37
-40.38,-16.86,-142.43
-40.38,-16.86,-142.55
-40.38,-16.85,-142.66
-40.38,-16.85,-142.75
-40.39,-16.85,-142.77
-40.38,-16.85,-142.88
-40.38,-16.85,-142.92
-40.38,-16.85,-142.99
-40.39,-16.85,-143.0
-40.39,-16.85,-143.09
-40.39,-16.84,-143.2
-40.39,-16.84,-143.26
-40.4,-16.84,-143.29
-40.4,-16.84,-143.41
-40.4,-16.84,-143.49
-40.4,-16.84,-143.54
-40.4,-16.84,-143.61
-40.4,-16.84,-143.63
-40.4,-16.84,-143.72
-40.4,-16.84,-143.83
-40.4,-16.84,-144.02
-40.41,-16.84,-144.14
-40.41,-16.84,-144.14
-40.41,-16.83,-144.16
-40.41,-16.83,-144.17
-40.41,-16.83,-144.38
-40.41,-16.83,-144.41
-40.41,-16.83,-144.51
-40.41,-16.83,-144.56
-40.41,-16.83,-144.6
-40.41,-16.83,-144.72
-40.41,-16.83,-144.78
-40.41,-16.83,-144.85
-40.42,-16.83,-144.91
-40.42,-16.83,-144.99
-40.42,-16.83,-145.0
-40.42,-16.83,-145.06
-40.42,-16.83,-145.12
-40.42,-16.82,-145.23
-40.42,-16.82,-145.29
-40.42,-16.82,-145.33
-40.42,-16.82,-145.36
-40.42,-16.82,-145.4
-40.43,-16.82,-145.53
-40.43,-16.82,-145.66
-40.43,-16.82,-145.68
-40.43,-16.82,-145.71
-40.43,-16.82,-145.73
-40.43,-16.82,-145.75
-40.43,-16.82,-145.91
-40.43,-16.82,-145.92
-40.43,-16.82,-146.01
-40.44,-16.82,-146.07
-40.44,-16.82,-146.09
-40.44,-16.82,-146.17
-40.44,-16.82,-146.25
-40.44,-16.81,-146.25
-40.44,-16.81,-146.31
-40.44,-16.81,-146.38
-40.44,-16.81,-146.49
-40.44,-16.81,-146.52
-40.44,-16.81,-146.56
-40.45,-16.81,-146.8
-40.45,-16.81,-146.8
-40.45,-16.81,-146.81
-40.45,-16.81,-146.81
-40.45,-16.8,-146.87
-40.45,-16.8,-146.91
-40.47,-16.8,-147.04
-40.47,-16.8,-147.14
-40.47,-16.8,-147.25
-40.47,-16.8,-147.26
-40.47,-16.8,-147.33
-40.49,-16.79,-147.59
-40.49,-16.79,-147.62
-40.46,-16.78,-147.69
-40.44,-16.76,-147.91
-40.43,-16.75,-148.12
-40.45,-16.75,-148.2
-40.65,-16.74,-148.21
-40.64,-16.75,-148.37
-40.57,-16.62,-148.56
-40.53,-16.62,-148.75
-40.53,-16.61,-148.78
-40.59,-16.58,-148.84
-40.6,-16.58,-148.89
-40.58,-16.59,-149.04
-40.56,-16.58,-149.21
-40.58,-16.57,-149.25
-40.58,-16.57,-149.25
-40.59,-16.58,-149.28
-40.59,-16.58,-149.28
-40.59,-16.59,-149.33
-40.59,-16.59,-149.53
-40.6,-16.59,-149.65
-40.6,-16.59,-149.75
-40.59,-16.59,-149.84
-40.6,-16.59,-149.86
-40.6,-16.59,-149.94
-40.6,-16.59,-149.99
-40.6,-16.58,-150.06
-40.6,-16.58,-150.11
-40.59,-16.58,-150.21
-40.59,-16.58,-150.22
-40.6,-16.58,-150.24
-40.6,-16.58,-150.38
-40.6,-16.58,-150.4
-40.61,-16.58,-150.52
-40.61,-16.59,-150.57
-40.61,-16.58,-150.69
-40.62,-16.58,-150.83
-40.62,-16.58,-150.83
-40.62,-16.58,-150.93
-40.62,-16.58,-150.97
-40.63,-16.58,-150.97
-40.63,-16.58,-150.99
-40.63,-16.58,-150.99
-40.63,-16.58,-151.07
-40.63,-16.58,-151.13
-40.63,-16.58,-151.24
-40.63,-16.58,-151.31
-40.63,-16.58,-151.39
-40.63,-16.58,-151.41
-40.63,-16.58,-151.44
-40.63,-16.58,-151.57
-40.63,-16.58,-151.78
-40.63,-16.58,-151.84
-40.63,-16.57,-151.85
-40.64,-16.57,-151.86
-40.64,-16.57,-151.87
-40.64,-16.57,-151.96
-40.64,-16.58,-152.04
-40.64,-16.57,-152.1
-40.66,-16.57,-152.28
-40.67,-16.57,-152.41
-40.67,-16.56,-152.56
-40.66,-16.56,-152.67
-40.66,-16.56,-152.74
-40.67,-16.56,-152.8
-40.66,-16.56,-152.91
-40.66,-16.56,-152.95
-40.66,-16.56,-152.96
-40.67,-16.55,-153.03
-40.67,-16.55,-153.04
-40.67,-16.55,-153.1
-40.67,-16.55,-153.2
-40.67,-16.55,-153.26
-40.67,-16.55,-153.34
-40.67,-16.55,-153.39
-40.67,-16.55,-153.42
-40.67,-16.55,-153.43
-40.67,-16.55,-153.48
-40.67,-16.55,-153.51
-40.67,-16.55,-153.59
-40.67,-16.55,-153.63
-40.68,-16.55,-153.7
-40.68,-16.55,-153.74
-40.68,-16.55,-153.81
-40.68,-16.55,-153.83
-40.68,-16.55,-153.85
-40.68,-16.55,-153.86
-40.68,-16.55,-153.9
-40.68,-16.55,-153.92
-40.68,-16.55,-153.95
-40.68,-16.55,-154.05
-40.68,-16.55,-154.05
-40.68,-16.55,-154.62
-40.68,-16.55,-154.68
-40.68,-16.55,-154.82
-40.68,-16.55,-154.82
-40.68,-16.55,-154.93
-40.69,-16.55,-154.99
-40.69,-16.55,-155.02
-40.69,-16.55,-155.09
-40.69,-16.55,-155.09
-40.69,-16.54,-155.16
-40.69,-16.54,-155.24
-40.7,-16.54,-155.25
-40.7,-16.54,-155.31
-40.7,-16.54,-155.34
-40.7,-16.55,-155.4
-40.7,-16.55,-155.43
-40.7,-16.55,-155.49
-40.7,-16.55,-155.55
-40.7,-16.55,-155.56
-40.7,-16.54,-155.59
-40.7,-16.54,-155.63
-40.7,-16.55,-155.68
-40.7,-16.55,-155.69
-40.7,-16.55,-155.74
-40.71,-16.55,-155.78
-40.71,-16.55,-155.83
-40.71,-16.55,-155.83
-40.71,-16.55,-155.9
-40.71,-16.55,-155.91
-40.71,-16.55,-155.94
-40.71,-16.55,-155.98
-40.71,-16.55,-155.99
-40.71,-16.55,-156.03
-40.71,-16.54,-156.03
-40.71,-16.54,-156.05
-40.71,-16.54,-156.09
-40.71,-16.54,-156.1
-40.71,-16.54,-156.11
-40.72,-16.54,-156.22
-40.72,-16.54,-156.24
-40.72,-16.54,-156.26
-40.72,-16.54,-156.26
-40.72,-16.54,-156.26
-40.72,-16.54,-156.29
-40.72,-16.54,-156.29
-40.72,-16.54,-156.32
-40.72,-16.54,-156.37
-40.73,-16.54,-156.44
-40.73,-16.54,-156.46
-40.73,-16.54,-156.47
-40.73,-16.54,-156.5
-40.73,-16.54,-156.51
-40.73,-16.54,-156.51
-40.73,-16.54,-156.61
-40.73,-16.54,-156.65
-40.73,-16.54,-156.69
-40.73,-16.54,-156.78
-40.74,-16.55,-156.88
-40.74,-16.55,-156.89
-40.74,-16.55,-156.93
-40.74,-16.55,-156.95
-40.74,-16.54,-157.01
-40.74,-16.54,-157.05
-40.74,-16.54,-157.06
-40.74,-16.54,-157.1
-40.74,-16.54,-157.19
-40.74,-16.54,-157.25
-40.74,-16.54,-157.37
-40.74,-16.54,-157.48
-40.74,-16.54,-157.5
-40.74,-16.54,-157.6
-40.74,-16.54,-157.6
-40.74,-16.54,-157.65
-40.74,-16.54,-157.67
-40.74,-16.54,-157.69
-40.74,-16.54,-157.75
-40.74,-16.54,-157.77
-40.74,-16.54,-157.77
-40.74,-16.54,-157.79
-40.74,-16.54,-157.87
-40.74,-16.54,-157.88
-40.74,-16.54,-157.91
-40.74,-16.54,-157.96
-40.74,-16.54,-157.97
-40.74,-16.54,-158.0
-40.74,-16.54,-158.02
-40.75,-16.54,-158.03
-40.75,-16.54,-158.08
-40.75,-16.54,-158.09
-40.75,-16.54,-158.11
-40.75,-16.54,-158.12
-40.75,-16.54,-158.14
-40.75,-16.54,-158.23
-40.75,-16.54,-158.27
-40.76,-16.54,-158.33
-40.76,-16.54,-158.35
-40.76,-16.53,-158.4
-40.76,-16.53,-158.42
-40.76,-16.53,-158.48
-40.76,-16.53,-158.48
-40.76,-16.53,-158.51
-40.76,-16.53,-158.55
-40.76,-16.53,-158.6
-40.76,-16.53,-158.6
-40.76,-16.53,-158.65
-40.76,-16.53,-158.68
-40.76,-16.53,-158.74
-40.76,-16.53,-158.74
-40.76,-16.53,-158.8
-40.76,-16.54,-158.85
-40.76,-16.54,-158.86
-40.77,-16.54,-158.86
-40.77,-16.54,-158.87
-40.77,-16.54,-158.88
-40.77,-16.53,-158.97
-40.76,-16.53,-158.97
-40.76,-16.53,-159.0
-40.76,-16.53,-159.02
-40.76,-16.53,-159.04
-40.76,-16.53,-159.05
-40.77,-16.53,-159.06
-40.77,-16.53,-159.12
-40.77,-16.53,-159.13
-40.77,-16.53,-159.15
-40.77,-16.53,-159.15
-40.77,-16.53,-159.18
-40.77,-16.53,-159.24
-40.77,-16.53,-159.25
-40.77,-16.53,-159.26
-40.77,-16.53,-159.3
-40.77,-16.53,-159.31
-40.77,-16.53,-159.31
-40.77,-16.53,-159.36
-40.77,-16.53,-159.38
-40.77,-16.53,-159.4
-40.77,-16.53,-159.45
-40.77,-16.53,-159.48
-40.77,-16.53,-159.53
-40.78,-16.53,-159.57
-40.78,-16.53,-159.61
-40.77,-16.53,-159.64
-40.78,-16.53,-159.67
-40.78,-16.53,-159.67
-40.78,-16.53,-159.72
-40.78,-16.53,-159.76
-40.78,-16.53,-159.8
-40.78,-16.53,-159.81
-40.78,-16.53,-159.81
-40.78,-16.53,-159.89
-40.78,-16.53,-159.9
-40.78,-16.53,-159.91
-40.78,-16.53,-159.92
-40.78,-16.53,-159.97
-40.78,-16.53,-159.99
-40.78,-16.53,-160.03
-40.78,-16.53,-160.03
-40.78,-16.53,-160.03
-40.79,-16.53,-160.03
-40.79,-16.53,-160.05
-40.79,-16.53,-160.05
-40.79,-16.53,-160.08
-40.79,-16.53,-160.08
-40.79,-16.53,-160.11
-40.79,-16.53,-160.15
-40.79,-16.53,-160.16
-40.79,-16.53,-160.19
-40.79,-16.53,-160.26
-40.79,-16.53,-160.27
-40.79,-16.53,-160.29
-40.79,-16.53,-160.34
-40.79,-16.53,-160.35
-40.79,-16.53,-160.36
-40.79,-16.53,-160.4
-40.79,-16.53,-160.42
-40.79,-16.53,-160.49
-40.79,-16.53,-160.53
-40.79,-16.53,-160.56
-40.79,-16.53,-160.57
-40.79,-16.53,-160.58
-40.8,-16.53,-160.61
-40.8,-16.53,-160.63
-40.8,-16.53,-160.64
-40.8,-16.53,-160.67
-40.8,-16.53,-160.69
-40.8,-16.53,-160.72
-40.8,-16.52,-160.79
-40.8,-16.52,-160.8
-40.8,-16.53,-160.85
-40.8,-16.53,-160.86
-40.8,-16.53,-160.89
-40.81,-16.53,-160.93
-40.81,-16.52,-160.93
-40.81,-16.52,-160.96
-40.81,-16.52,-160.97
-40.81,-16.52,-161.01
-40.81,-16.52,-161.02
-40.81,-16.52,-161.06
-40.81,-16.52,-1