Hour,Minute,Second,Microsecond,IR1
16,24,19,210637,41880.0
16,24,19,218597,41480.0
16,24,19,230403,40903.0
16,24,19,238397,40222.0
16,24,19,251397,39772.0
16,24,19,263341,39755.0
16,24,19,271413,39949.0
16,24,19,283435,40119.0
16,24,19,292586,40279.0
16,24,19,304595,40491.0
16,24,19,312765,40734.0
16,24,19,324534,40920.0
16,24,19,337485,41031.0
16,24,19,345469,41088.0
16,24,19,357623,41042.0
16,24,19,365615,40708.0
16,24,19,378617,40097.0
16,24,19,386620,39775.0
16,24,19,398633,39942.0
16,24,19,410537,40310.0
16,24,19,419459,40770.0
16,24,19,431520,40892.0
16,24,19,439624,40734.0
16,24,19,451622,40421.0
16,24,19,459619,40451.0
16,24,19,472627,40671.0
16,24,19,484534,40917.0
16,24,19,492622,41101.0
16,24,19,504628,41293.0
16,24,19,513622,41450.0
16,24,19,525543,41586.0
16,24,19,533780,41705.0
16,24,19,545631,41827.0
16,24,19,558524,41916.0
16,24,19,566576,41986.0
16,24,19,578618,42036.0
16,24,19,586466,42078.0
16,24,19,599533,42120.0
16,24,19,607559,42149.0
16,24,19,619505,42170.0
16,24,19,631406,42175.0
16,24,19,640675,42189.0
16,24,19,652624,42200.0
16,24,19,660622,42203.0
16,24,19,672603,42201.0
16,24,19,685416,42194.0
16,24,19,693614,42186.0
16,24,19,705424,42177.0
16,24,19,713606,42161.0
16,24,19,726594,42160.0
16,24,19,734463,42103.0
16,24,19,746555,42093.0
16,24,19,758416,42113.0
16,24,19,767627,42362.0
16,24,19,779514,42519.0
16,24,19,787417,42625.0
16,24,19,799686,42762.0
16,24,19,808500,43056.0
16,24,19,820535,43068.0
16,24,19,832392,43304.0
16,24,19,840596,43406.0
16,24,19,853389,43516.0
16,24,19,861504,43556.0
16,24,19,873639,43577.0
16,24,19,881640,43561.0
16,24,19,894716,43537.0
16,24,19,906429,43514.0
16,24,19,914465,43483.0
16,24,19,926416,43448.0
16,24,19,935552,43382.0
16,24,19,947604,43352.0
16,24,19,955505,43236.0
16,24,19,967514,43179.0
16,24,19,980419,43064.0
16,24,19,988592,43033.0
16,24,20,620,43025.0
16,24,20,8460,43000.0
16,24,20,21714,42915.0
16,24,20,29393,42922.0
16,24,20,41616,42871.0
16,24,20,53421,42833.0
16,24,20,62495,42762.0
16,24,20,74517,42503.0
16,24,20,82666,42141.0
16,24,20,94630,41769.0
16,24,20,103620,41351.0
16,24,20,115631,41318.0
16,24,20,127277,41538.0
16,24,20,135396,41813.0
16,24,20,148515,42124.0
16,24,20,156515,42311.0
16,24,20,168495,42265.0
16,24,20,176602,42171.0
16,24,20,189617,42215.0
16,24,20,201414,42294.0
16,24,20,209715,42397.0
16,24,20,221512,42496.0
16,24,20,229461,42580.0
16,24,20,242442,42660.0
16,24,20,250405,42729.0
16,24,20,262400,42804.0
16,24,20,274336,42841.0
16,24,20,283408,42835.0
16,24,20,295378,42869.0
16,24,20,303426,42876.0
16,24,20,315495,42895.0
16,24,20,324874,42924.0
16,24,20,336621,42945.0
16,24,20,348418,42953.0
16,24,20,356642,42963.0
16,24,20,369570,42969.0
16,24,20,377532,42972.0
16,24,20,389615,42974.0
16,24,20,397625,42983.0
16,24,20,410619,43007.0
16,24,20,422313,43038.0
16,24,20,430634,43105.0
16,24,20,442539,43172.0
16,24,20,451595,43199.0
16,24,20,463831,43210.0
16,24,20,471648,43221.0
16,24,20,483534,43238.0
16,24,20,496420,43256.0
16,24,20,504614,43269.0
16,24,20,516483,43268.0
16,24,20,524613,43263.0
16,24,20,537641,43255.0
16,24,20,545619,43250.0
16,24,20,557623,43250.0
16,24,20,569421,43247.0
16,24,20,578623,43234.0
16,24,20,590471,43219.0
16,24,20,598468,43205.0
16,24,20,610627,43172.0
16,24,20,619516,43098.0
16,24,20,631533,43096.0
16,24,20,643425,43123.0
16,24,20,651616,43200.0
16,24,20,664553,43215.0
16,24,20,672523,43252.0
16,24,20,684626,43277.0
16,24,20,692585,43292.0
16,24,20,705625,43312.0
16,24,20,717380,43329.0
16,24,20,725500,43326.0
16,24,20,737557,43332.0
16,24,20,746621,43341.0
16,24,20,758496,43341.0
16,24,20,766590,43349.0
16,24,20,778535,43354.0
16,24,20,791466,43361.0
16,24,20,799626,43365.0
16,24,20,811581,43368.0
16,24,20,819665,43372.0
16,24,20,832544,43362.0
16,24,20,840637,43351.0
16,24,20,852618,43342.0
16,24,20,864366,43317.0
16,24,20,873554,43319.0
16,24,20,885538,43364.0
16,24,20,893627,43417.0
16,24,20,905624,43434.0
16,24,20,913558,43439.0
16,24,20,926622,43445.0
16,24,20,938482,43458.0
16,24,20,946616,43460.0
16,24,20,959561,43476.0
16,24,20,967518,43482.0
16,24,20,979699,43483.0
16,24,20,987625,43489.0
16,24,21,625,43180.0
16,24,21,12459,42275.0
16,24,21,20618,41907.0
16,24,21,32675,42166.0
16,24,21,40490,42383.0
16,24,21,53628,42455.0
16,24,21,61638,42519.0
16,24,21,73471,42651.0
16,24,21,85466,42760.0
16,24,21,94618,42871.0
16,24,21,106447,42994.0
16,24,21,114616,43179.0
16,24,21,126625,43268.0
16,24,21,135632,43325.0
16,24,21,147618,43367.0
16,24,21,159458,43394.0
16,24,21,167596,43436.0
16,24,21,180446,43458.0
16,24,21,188618,43495.0
16,24,21,200628,43511.0
16,24,21,208615,43521.0
16,24,21,221635,43538.0
16,24,21,233522,43552.0
16,24,21,241512,43571.0
16,24,21,253586,43575.0
16,24,21,262427,43567.0
16,24,21,274431,43580.0
16,24,21,282399,43576.0
16,24,21,294388,43599.0
16,24,21,307287,43596.0
16,24,21,315429,43600.0
16,24,21,327475,43602.0
16,24,21,335500,43609.0
16,24,21,348631,43609.0
16,24,21,356615,43612.0
16,24,21,368615,43629.0
16,24,21,380372,43628.0
16,24,21,389479,43636.0
16,24,21,401554,43638.0
16,24,21,409617,43639.0
16,24,21,421527,43636.0
16,24,21,430621,43633.0
16,24,21,442627,43642.0
16,24,21,454468,43637.0
16,24,21,462615,43634.0
16,24,21,475634,43622.0
16,24,21,483461,43567.0
16,24,21,495539,43480.0
16,24,21,503610,43399.0
16,24,21,516623,43359.0
16,24,21,528476,43300.0
16,24,21,536447,43037.0
16,24,21,548583,42830.0
16,24,21,557612,42657.0
16,24,21,569521,42471.0
16,24,21,577555,42462.0
16,24,21,589531,42504.0
16,24,21,602469,42564.0
16,24,21,610622,42592.0
16,24,21,622593,42608.0
16,24,21,630451,42644.0
16,24,21,643510,42671.0
16,24,21,651797,42675.0
16,24,21,663635,42671.0
16,24,21,675325,42677.0
16,24,21,684620,42705.0
16,24,21,696572,42737.0
16,24,21,704452,42766.0
16,24,21,716626,42790.0
16,24,21,724620,42809.0
16,24,21,737617,42827.0
16,24,21,749458,42846.0
16,24,21,757628,42851.0
16,24,21,770325,42849.0
16,24,21,778549,42867.0
16,24,21,790588,42924.0
16,24,21,798621,42981.0
16,24,21,810623,42935.0
16,24,21,823460,42742.0
16,24,21,831627,42512.0
16,24,21,843804,42442.0
16,24,21,851460,42346.0
16,24,21,864542,42211.0
16,24,21,872433,42047.0
16,24,21,884629,41875.0
16,24,21,896408,41796.0
16,24,21,905692,41690.0
16,24,21,917568,41536.0
16,24,21,925583,41319.0
16,24,21,937526,41109.0
16,24,21,946533,41005.0
16,24,21,958604,41081.0
16,24,21,970461,41248.0
16,24,21,978485,41346.0
16,24,21,991475,41399.0
16,24,21,999499,41272.0
16,24,22,11628,40774.0
16,24,22,19617,40368.0
16,24,22,32632,40921.0
16,24,22,44354,41192.0
16,24,22,52627,41391.0
16,24,22,64589,41410.0
16,24,22,73573,41164.0
16,24,22,85648,40665.0
16,24,22,93453,40466.0
16,24,22,105529,40489.0
16,24,22,118531,40625.0
16,24,22,126618,40786.0
16,24,22,138580,40944.0
16,24,22,146623,41045.0
16,24,22,159624,41167.0
16,24,22,167621,41251.0
16,24,22,179623,41357.0
16,24,22,191506,41434.0
16,24,22,200573,41489.0
16,24,22,212585,41556.0
16,24,22,220614,41579.0
16,24,22,232618,41586.0
16,24,22,241614,41627.0
16,24,22,253510,41657.0
16,24,22,265337,41716.0
16,24,22,273512,41739.0
16,24,22,286480,41768.0
16,24,22,294499,41779.0
16,24,22,306804,41805.0
16,24,22,314550,41821.0
16,24,22,327632,41831.0
16,24,22,339496,41865.0
16,24,22,347586,41887.0
16,24,22,359404,41891.0
16,24,22,368496,41886.0
16,24,22,380683,41896.0
16,24,22,388636,41875.0
16,24,22,400484,41847.0
16,24,22,413508,41849.0
16,24,22,421466,41842.0
16,24,22,433585,41823.0
16,24,22,441622,41795.0
16,24,22,454619,41798.0
16,24,22,462513,41777.0
16,24,22,474427,41520.0
16,24,22,486279,41027.0
16,24,22,494377,40817.0
16,24,22,507347,40983.0
16,24,22,515404,41051.0
16,24,22,527495,41071.0
16,24,22,535593,41086.0
16,24,22,548524,41112.0
16,24,22,560412,41131.0
16,24,22,568474,41153.0
16,24,22,580548,41197.0
16,24,22,589629,41234.0
16,24,22,601482,41269.0
16,24,22,609414,41299.0
16,24,22,621569,41320.0
16,24,22,634493,41345.0
16,24,22,642617,41360.0
16,24,22,654581,41366.0
16,24,22,662525,41377.0
16,24,22,675528,41396.0
16,24,22,683624,41411.0
16,24,22,695617,41428.0
16,24,22,707500,41450.0
16,24,22,716470,41475.0
16,24,22,728598,41446.0
16,24,22,736452,41398.0
16,24,22,748517,41390.0
16,24,22,757621,41386.0
16,24,22,769633,41474.0
16,24,22,781362,41563.0
16,24,22,789439,41664.0
16,24,22,802570,41724.0
16,24,22,810617,41764.0
16,24,22,822493,41797.0
16,24,22,830537,41830.0
16,24,22,843629,41871.0
16,24,22,855500,41895.0
16,24,22,863627,41913.0
16,24,22,875593,41926.0
16,24,22,884539,41935.0
16,24,22,896532,41953.0
16,24,22,904629,41957.0
16,24,22,916441,41959.0
16,24,22,929500,41962.0
16,24,22,937621,41961.0
16,24,22,949747,41957.0
16,24,22,957460,41960.0
16,24,22,970506,41978.0
16,24,22,978630,41988.0
16,24,22,990635,41990.0
16,24,23,2376,42001.0
16,24,23,11628,42006.0
16,24,23,23450,42006.0
16,24,23,31623,41938.0
16,24,23,43627,41962.0
16,24,23,52628,41890.0
16,24,23,64620,41678.0
16,24,23,76502,41087.0
16,24,23,84622,40161.0
16,24,23,97652,39578.0
16,24,23,105673,39886.0
16,24,23,117627,40225.0
16,24,23,125479,40382.0
16,24,23,138627,40181.0
16,24,23,150626,40108.0
16,24,23,158621,40236.0
16,24,23,170543,40465.0
16,24,23,179513,40700.0
16,24,23,191657,40867.0
16,24,23,199629,41045.0
16,24,23,211555,41186.0
16,24,23,224434,41301.0
16,24,23,232624,41401.0
16,24,23,244621,41482.0
16,24,23,252632,41555.0
16,24,23,265534,41625.0
16,24,23,273723,41681.0
16,24,23,285527,41738.0
16,24,23,297513,41788.0
16,24,23,305588,41823.0
16,24,23,318632,41867.0
16,24,23,326530,41902.0
16,24,23,338640,41940.0
16,24,23,346635,41983.0
16,24,23,359640,42010.0
16,24,23,371453,42038.0
16,24,23,379490,42052.0
16,24,23,391645,42063.0
16,24,23,400643,42051.0
16,24,23,412639,42059.0
16,24,23,420623,42055.0
16,24,23,432631,42053.0
16,24,23,445490,42055.0
16,24,23,453652,42100.0
16,24,23,465527,42256.0
16,24,23,473613,42531.0
16,24,23,486631,42702.0
16,24,23,494622,42781.0
16,24,23,506629,42817.0
16,24,23,518436,42843.0
16,24,23,527626,42872.0
16,24,23,539627,42880.0
16,24,23,547464,42896.0
16,24,23,559633,42905.0
16,24,23,568657,42916.0
16,24,23,580704,42928.0
16,24,23,592331,42934.0
16,24,23,600586,42935.0
16,24,23,613541,42937.0
16,24,23,621623,42912.0
16,24,23,633538,42930.0
16,24,23,641579,42924.0
16,24,23,654625,42921.0
16,24,23,666504,42928.0
16,24,23,674445,42928.0
16,24,23,686522,42925.0
16,24,23,695622,42907.0
16,24,23,707736,42901.0
16,24,23,715597,42901.0
16,24,23,727631,42899.0
16,24,23,740413,42900.0
16,24,23,748526,42916.0
16,24,23,760631,42933.0
16,24,23,768458,42934.0
16,24,23,781479,42952.0
16,24,23,789535,42952.0
16,24,23,801416,42942.0
16,24,23,813289,42923.0
16,24,23,822382,42863.0
16,24,23,834522,42630.0
16,24,23,842397,42001.0
16,24,23,854717,41068.0
16,24,23,863631,40666.0
16,24,23,875633,40692.0
16,24,23,887378,40910.0
16,24,23,895627,41187.0
16,24,23,908694,41522.0
16,24,23,916593,41878.0
16,24,23,928499,41908.0
16,24,23,936594,41968.0
16,24,23,949622,42105.0
16,24,23,961335,42239.0
16,24,23,969444,42308.0
16,24,23,981578,42352.0
16,24,23,989484,42420.0
16,24,24,2685,42466.0
16,24,24,10619,42569.0
16,24,24,22525,42548.0
16,24,24,35523,42623.0
16,24,24,43468,42730.0
16,24,24,55547,42796.0
16,24,24,63673,42836.0
16,24,24,75619,42821.0
16,24,24,84577,42738.0
16,24,24,96629,42710.0
16,24,24,108533,42714.0
16,24,24,116577,42720.0
16,24,24,129629,42718.0
16,24,24,137635,42699.0
16,24,24,149557,42678.0
16,24,24,157571,42625.0
16,24,24,170633,42562.0
16,24,24,182536,42674.0
16,24,24,190636,42748.0
16,24,24,202618,42722.0
16,24,24,211609,42759.0
16,24,24,223612,42783.0
16,24,24,231618,42774.0
16,24,24,243525,42747.0
16,24,24,256659,42683.0
16,24,24,264390,42613.0
16,24,24,276489,42618.0
16,24,24,284603,42658.0
16,24,24,297512,42635.0
16,24,24,305622,42495.0
16,24,24,317704,42372.0
16,24,24,329465,42312.0
16,24,24,338622,42241.0
16,24,24,350656,42156.0
16,24,24,358473,42046.0
16,24,24,370634,41951.0
16,24,24,379615,41910.0
16,24,24,391621,42043.0
16,24,24,403438,42339.0
16,24,24,411497,42466.0
16,24,24,424636,42523.0
16,24,24,432492,42642.0
16,24,24,444516,42750.0
16,24,24,452491,42824.0
16,24,24,465603,42827.0
16,24,24,477447,42778.0
16,24,24,485484,42774.0
16,24,24,497799,42747.0
16,24,24,506491,42718.0
16,24,24,518523,42697.0
16,24,24,526621,42677.0
16,24,24,538629,42683.0
16,24,24,551440,42741.0
16,24,24,559802,42703.0
16,24,24,571638,42682.0
16,24,24,579622,42695.0
16,24,24,592629,42657.0
16,24,24,600488,42604.0
16,24,24,612626,42590.0
16,24,24,624532,42651.0
16,24,24,633618,42655.0
16,24,24,645621,42696.0
16,24,24,653472,42714.0
16,24,24,665628,42725.0
16,24,24,673723,42750.0
16,24,24,686624,42719.0
16,24,24,698448,42697.0
16,24,24,706507,42675.0
16,24,24,719508,42681.0
16,24,24,727626,42705.0
16,24,24,739492,42717.0
16,24,24,747476,42715.0
16,24,24,760768,42742.0
16,24,24,772438,42756.0
16,24,24,780624,42760.0
16,24,24,792628,42747.0
16,24,24,800615,42673.0
16,24,24,813524,42379.0
16,24,24,821455,41594.0
16,24,24,833453,41139.0
16,24,24,846516,41265.0
16,24,24,854486,41624.0
16,24,24,866707,41956.0
16,24,24,874467,42143.0
16,24,24,886595,42298.0
16,24,24,895606,42350.0
16,24,24,907474,42445.0
16,24,24,919424,42631.0
16,24,24,927556,42751.0
16,24,24,940510,42848.0
16,24,24,948681,42879.0
16,24,24,960752,42893.0
16,24,24,968630,42912.0
16,24,24,981640,42952.0
16,24,24,993554,43012.0
16,24,25,1632,43044.0
16,24,25,13451,43145.0
16,24,25,22583,43204.0
16,24,25,34521,43243.0
16,24,25,42525,43271.0
16,24,25,54645,43290.0
16,24,25,67465,43311.0
16,24,25,75982,43336.0
16,24,25,87622,43352.0
16,24,25,95476,43365.0
16,24,25,108816,43363.0
16,24,25,116512,43379.0
16,24,25,128618,43380.0
16,24,25,140483,43393.0
16,24,25,149417,43393.0
16,24,25,161541,43391.0
16,24,25,169631,43389.0
16,24,25,181511,43381.0
16,24,25,190629,43387.0
16,24,25,202640,43399.0
16,24,25,214401,43407.0
16,24,25,222633,43404.0
16,24,25,235446,43404.0
16,24,25,243445,43406.0
16,24,25,255586,43401.0
16,24,25,263566,43403.0
16,24,25,276515,43413.0
16,24,25,288522,43415.0
16,24,25,296616,43408.0
16,24,25,308491,43405.0
16,24,25,317468,43401.0
16,24,25,329615,43382.0
16,24,25,341287,43363.0
16,24,25,349409,43360.0
16,24,25,362414,43365.0
16,24,25,370395,43367.0
16,24,25,382408,43373.0
16,24,25,390390,43355.0
16,24,25,403502,43128.0
16,24,25,415405,42803.0
16,24,25,423431,42574.0
16,24,25,435635,42355.0
16,24,25,444624,42122.0
16,24,25,456629,41985.0
16,24,25,464428,42046.0
16,24,25,476625,42174.0
16,24,25,489427,42256.0
16,24,25,497623,42311.0
16,24,25,509449,42344.0
16,24,25,517437,42387.0
16,24,25,530635,42459.0
16,24,25,538628,42536.0
16,24,25,550520,42620.0
16,24,25,562418,42685.0
16,24,25,571626,42731.0
16,24,25,583540,42792.0
16,24,25,591621,42865.0
16,24,25,603687,42923.0
16,24,25,612644,42956.0
16,24,25,624512,42975.0
16,24,25,636425,43013.0
16,24,25,644622,43067.0
16,24,25,657438,43126.0
16,24,25,665605,43215.0
16,24,25,677586,43248.0
16,24,25,685621,43263.0
16,24,25,697624,43263.0
16,24,25,710421,43273.0
16,24,25,718711,43282.0
16,24,25,730270,43251.0
16,24,25,738432,43016.0
16,24,25,751693,42370.0
16,24,25,759632,41751.0
16,24,25,771549,41515.0
16,24,25,783420,41565.0
16,24,25,792642,41645.0
16,24,25,804519,41630.0
16,24,25,812635,41630.0
16,24,25,824496,41647.0
16,24,25,833628,41672.0
16,24,25,845633,41670.0
16,24,25,857337,41626.0
16,24,25,865465,41496.0
16,24,25,878259,41015.0
16,24,25,886374,40349.0
16,24,25,898334,40371.0
16,24,25,907402,40682.0
16,24,25,919261,41204.0
16,24,25,931077,41473.0
16,24,25,967634,41414.0
16,24,25,967970,41148.0
16,24,25,968788,40901.0
16,24,26,23584,40778.0
16,24,26,24129,40795.0
16,24,26,24412,40888.0
16,24,26,24645,40950.0
16,24,26,24869,40979.0
16,24,26,25175,41037.0
16,24,26,33375,41095.0
16,24,26,46484,41156.0
16,24,26,54224,41197.0
16,24,26,66449,41257.0
16,24,26,78156,41301.0
16,24,26,87410,41343.0
16,24,26,99359,41362.0
16,24,26,107308,41430.0
16,24,26,119544,41473.0
16,24,26,128231,41508.0
16,24,26,140366,41530.0
16,24,26,152151,41540.0
16,24,26,160337,41549.0
16,24,26,173323,41506.0
16,24,26,181226,41231.0
16,24,26,193412,41069.0
16,24,26,201403,41109.0
16,24,26,214409,41184.0
16,24,26,226104,41321.0
16,24,26,234240,41283.0
16,24,26,246312,41261.0
16,24,26,255291,41237.0
16,24,26,267178,41275.0
16,24,26,275286,41360.0
16,24,26,287351,41434.0
16,24,26,300177,41476.0
16,24,26,308381,41465.0
16,24,26,320324,41437.0
16,24,26,328667,41408.0
16,24,26,341306,41410.0
16,24,26,349437,41332.0
16,24,26,361298,41224.0
16,24,26,373147,41151.0
16,24,26,381280,41046.0
16,24,26,394252,40771.0
16,24,26,402402,40324.0
16,24,26,414405,40096.0
16,24,26,422395,40294.0
16,24,26,435201,40610.0
16,24,26,447237,40859.0
16,24,26,455544,40770.0
16,24,26,467347,40329.0
16,24,26,476295,39907.0
16,24,26,488378,39791.0
16,24,26,496238,39823.0
16,24,26,508413,40041.0
16,24,26,521244,40230.0
16,24,26,529307,40506.0
16,24,26,541237,40717.0
16,24,26,549403,40863.0
16,24,26,562413,41017.0
16,24,26,570286,41172.0
16,24,26,582303,41290.0
16,24,26,594257,41388.0
16,24,26,603403,41473.0
16,24,26,615360,41534.0
16,24,26,623410,41570.0
16,24,26,635400,41613.0
16,24,26,644204,41659.0
16,24,26,656401,41718.0
16,24,26,668247,41786.0
16,24,26,676413,41837.0
16,24,26,689279,41878.0
16,24,26,697402,41911.0
16,24,26,709403,41918.0
16,24,26,717275,41926.0
16,24,26,730398,41951.0
16,24,26,742192,41967.0
16,24,26,750390,41971.0
16,24,26,762401,41966.0
16,24,26,771520,41942.0
16,24,26,783400,41891.0
16,24,26,791313,41866.0
16,24,26,803317,41816.0
16,24,26,816234,41697.0
16,24,26,824407,41326.0
16,24,26,836376,40501.0
16,24,26,844282,39691.0
16,24,26,857415,39988.0
16,24,26,865231,40280.0
16,24,26,877402,40671.0
16,24,26,889083,40896.0
16,24,26,915580,40867.0
16,24,26,924484,40559.0
16,24,26,925094,40481.0
16,24,26,930219,40655.0
16,24,26,939399,40906.0
16,24,26,951405,41151.0
16,24,26,963198,41347.0
16,24,26,971374,41515.0
16,24,26,984338,41651.0
16,24,26,992237,41763.0
16,24,27,4427,41876.0
16,24,27,12409,42002.0
16,24,27,25406,42075.0
16,24,27,37247,42136.0
16,24,27,45260,42199.0
16,24,27,57365,42238.0
16,24,27,65391,42296.0
16,24,27,78470,42337.0
16,24,27,86423,42354.0
16,24,27,98286,42394.0
16,24,27,111151,42409.0
16,24,27,119403,42430.0
16,24,27,131359,42418.0
16,24,27,139374,42439.0
16,24,27,152313,42430.0
16,24,27,160407,42447.0
16,24,27,172317,42449.0
16,24,27,184206,42453.0
16,24,27,192461,42472.0
16,24,27,205374,42485.0
16,24,27,213409,42478.0
16,24,27,225409,42480.0
16,24,27,233384,42495.0
16,24,27,246447,42495.0
16,24,27,258198,42494.0
16,24,27,266251,42502.0
16,24,27,278171,42494.0
16,24,27,287381,42500.0
16,24,27,299390,42518.0
16,24,27,307231,42515.0
16,24,27,319467,42526.0
16,24,27,332213,42521.0
16,24,27,340406,42507.0
16,24,27,352441,42527.0
16,24,27,360264,42519.0
16,24,27,373290,42539.0
16,24,27,381379,42523.0
16,24,27,393191,42531.0
16,24,27,405096,42522.0
16,24,27,414154,42523.0
16,24,27,426125,42522.0
16,24,27,434160,42503.0
16,24,27,446299,42492.0
16,24,27,455318,42483.0
16,24,27,467353,42601.0
16,24,27,479235,42737.0
16,24,27,487201,42936.0
16,24,27,500207,43212.0
16,24,27,508398,43308.0
16,24,27,520419,43351.0
16,24,27,528241,43381.0
16,24,27,541408,43387.0
16,24,27,553538,43397.0
16,24,27,561189,43400.0
16,24,27,573196,43400.0
16,24,27,582668,43403.0
16,24,27,594265,43398.0
16,24,27,602313,43402.0
16,24,27,614282,43409.0
16,24,27,627158,43408.0
16,24,27,635286,43419.0
16,24,27,647204,43441.0
16,24,27,655268,43446.0
16,24,27,668404,43455.0
16,24,27,676448,43477.0
16,24,27,688190,43468.0
16,24,27,700273,43461.0
16,24,27,709371,43455.0
16,24,27,721347,43433.0
16,24,27,729219,43427.0
16,24,27,741260,43427.0
16,24,27,750155,43421.0
16,24,27,762245,43413.0
16,24,27,774164,43394.0
16,24,27,782432,43366.0
16,24,27,795383,43350.0
16,24,27,803226,43335.0
16,24,27,815310,43312.0
16,24,27,823296,43302.0
16,24,27,836260,43291.0
16,24,27,848287,43262.0
16,24,27,856172,43157.0
16,24,27,868283,42966.0
16,24,27,876387,42618.0
16,24,27,889415,41960.0
16,24,27,897326,41333.0
16,24,27,909273,41133.0
16,24,27,922277,41203.0
16,24,27,930373,41296.0
16,24,27,942186,41324.0
16,24,27,950279,41322.0
16,24,27,963254,41436.0
16,24,27,971314,41610.0
16,24,27,983254,41757.0
16,24,27,995180,41914.0
16,24,28,3456,42024.0
16,24,28,16377,42143.0
16,24,28,24389,42243.0
16,24,28,36262,42322.0
16,24,28,44156,42409.0
16,24,28,57280,42485.0
16,24,28,69142,42536.0
16,24,28,77258,42586.0
16,24,28,89300,42627.0
16,24,28,98377,42666.0
16,24,28,110476,42706.0
16,24,28,118360,42725.0
16,24,28,130407,42754.0
16,24,28,143286,42807.0
16,24,28,151227,43004.0
16,24,28,163240,43282.0
16,24,28,171219,43319.0
16,24,28,184292,43349.0
16,24,28,192210,43370.0
16,24,28,204273,43412.0
16,24,28,216183,43465.0
16,24,28,225246,43505.0
16,24,28,237287,43520.0
16,24,28,245234,43519.0
16,24,28,257312,43519.0
16,24,28,266239,43506.0
16,24,28,278258,43463.0
16,24,28,290141,43389.0
16,24,28,298290,43353.0
16,24,28,311312,43315.0
16,24,28,319460,43269.0
16,24,28,331204,43198.0
16,24,28,339384,43005.0
16,24,28,352288,43157.0
16,24,28,364300,42979.0
16,24,28,372307,42900.0
16,24,28,384234,42891.0
16,24,28,393276,42881.0
16,24,28,405403,42809.0
16,24,28,413323,42800.0
16,24,28,425375,42826.0
16,24,28,438259,42809.0
16,24,28,446380,42704.0
16,24,28,458436,42658.0
16,24,28,466260,42593.0
16,24,28,479303,42688.0
16,24,28,487423,42641.0
16,24,28,499403,42454.0
16,24,28,511289,42258.0
16,24,28,520401,42025.0
16,24,28,532393,41620.0
16,24,28,540406,41233.0
16,24,28,552403,41350.0
16,24,28,560205,41661.0
16,24,28,573290,41849.0
16,24,28,585158,42003.0
16,24,28,593400,42143.0
16,24,28,606396,42227.0
16,24,28,614397,42176.0
16,24,28,626443,42228.0
16,24,28,634398,42382.0
16,24,28,646407,42516.0
16,24,28,659323,42635.0
16,24,28,667348,42729.0
16,24,28,679415,42809.0
16,24,28,687406,42879.0
16,24,28,700407,42912.0
16,24,28,708399,42947.0
16,24,28,720404,42979.0
16,24,28,732167,42986.0
16,24,28,741399,43075.0
16,24,28,753409,43060.0
16,24,28,761390,43058.0
16,24,28,773393,43144.0
16,24,28,782931,43193.0
16,24,28,794408,43210.0
16,24,28,806316,43216.0
16,24,28,814446,43226.0
16,24,28,827442,43228.0
16,24,28,835375,43239.0
16,24,28,847407,43255.0
16,24,28,855406,43268.0
16,24,28,868412,43272.0
16,24,28,880308,43282.0
16,24,28,888404,43295.0
16,24,28,900430,43293.0
16,24,28,909159,43283.0
16,24,28,921403,43276.0
16,24,28,929401,43277.0
16,24,28,941167,43280.0
16,24,28,954317,43287.0
16,24,28,962396,43275.0
16,24,28,974411,43276.0
16,24,28,982260,43272.0
16,24,28,995295,43268.0
16,24,29,3191,43265.0
16,24,29,15417,43344.0
16,24,29,27180,43504.0
16,24,29,36337,43616.0
16,24,29,48302,43697.0
16,24,29,56361,43762.0
16,24,29,68447,43799.0
16,24,29,81110,43841.0
16,24,29,89257,43863.0
16,24,29,101225,43858.0
16,24,29,109186,43852.0
16,24,29,122364,43853.0
16,24,29,130417,43854.0
16,24,29,142377,43849.0
16,24,29,154195,43849.0
16,24,29,163223,43849.0
16,24,29,175300,43848.0
16,24,29,183398,43852.0
16,24,29,195289,43854.0
16,24,29,204403,43847.0
16,24,29,216395,43842.0
16,24,29,228214,43842.0
16,24,29,236395,43856.0
16,24,29,249302,43873.0
16,24,29,257371,43886.0
16,24,29,269391,43902.0
16,24,29,277287,43905.0
16,24,29,290300,43902.0
16,24,29,302080,43903.0
16,24,29,310266,43914.0
16,24,29,322290,43934.0
16,24,29,331440,43947.0
16,24,29,343213,43949.0
16,24,29,351370,43934.0
16,24,29,363390,43925.0
16,24,29,376200,43900.0
16,24,29,384444,43862.0
16,24,29,396178,43811.0
16,24,29,404403,43740.0
16,24,29,417198,43632.0
16,24,29,425373,43260.0
16,24,29,437284,42576.0
16,24,29,449053,42101.0
16,24,29,457177,42015.0
16,24,29,470087,42148.0
16,24,29,478134,42375.0
16,24,29,490195,42576.0
16,24,29,498177,42767.0
16,24,29,511377,42982.0
16,24,29,523204,43246.0
16,24,29,531402,43408.0
16,24,29,543300,43516.0
16,24,29,552303,43581.0
16,24,29,564393,43658.0
16,24,29,572243,43790.0
16,24,29,584410,43807.0
16,24,29,597356,43865.0
16,24,29,605270,43913.0
16,24,29,617286,43986.0
16,24,29,625402,44038.0
16,24,29,638410,44071.0
16,24,29,646396,44050.0
16,24,29,658421,44001.0
16,24,29,670199,43996.0
16,24,29,679410,44012.0
16,24,29,691380,43961.0
16,24,29,699608,43837.0
16,24,29,711271,43740.0
16,24,29,720398,43667.0
16,24,29,732481,43602.0
16,24,29,744152,43529.0
16,24,29,752254,43440.0
16,24,29,765372,43478.0
16,24,29,773394,43188.0
16,24,29,785404,42993.0
16,24,29,793408,42867.0
16,24,29,806316,42713.0
16,24,29,818198,42575.0
16,24,29,826393,42447.0
16,24,29,838175,42354.0
16,24,29,847398,42263.0
16,24,29,859324,42258.0
16,24,29,867424,42208.0
16,24,29,879322,42170.0
16,24,29,892154,41992.0
16,24,29,900395,41737.0
16,24,29,912343,41459.0
16,24,29,920220,41198.0
16,24,29,933402,40922.0
16,24,29,941252,40791.0
16,24,29,953687,40655.0
16,24,29,965109,40628.0
16,24,29,974263,40622.0
16,24,29,986348,40668.0
16,24,29,994407,40835.0
16,24,30,6295,41112.0
16,24,30,15407,41319.0
16,24,30,27406,41447.0
16,24,30,39201,41631.0
16,24,30,47223,41806.0
16,24,30,60239,41944.0
16,24,30,68349,42056.0
16,24,30,80384,42131.0
16,24,30,88249,42200.0
16,24,30,101408,42275.0
16,24,30,113092,42308.0
16,24,30,121397,42120.0
16,24,30,133333,41345.0
16,24,30,141390,40440.0
16,24,30,154414,40308.0
16,24,30,162247,41247.0
16,24,30,174308,41251.0
16,24,30,187246,41410.0
16,24,30,195337,41602.0
16,24,30,207328,41445.0
16,24,30,215296,41399.0
16,24,30,228281,41505.0
16,24,30,236393,41722.0
16,24,30,248406,41940.0
16,24,30,260195,42128.0
16,24,30,269279,42264.0
16,24,30,281245,42381.0
16,24,30,289429,42585.0
16,24,30,301434,42635.0
16,24,30,309313,42729.0
16,24,30,322406,42801.0
16,24,30,334249,42880.0
16,24,30,342513,42943.0
16,24,30,354318,42974.0
16,24,30,363416,42987.0
16,24,30,375419,42997.0
16,24,30,383402,43015.0
16,24,30,395298,43077.0
16,24,30,408237,43084.0
16,24,30,416246,43041.0
16,24,30,428333,43075.0
16,24,30,436396,43052.0
16,24,30,449347,42973.0
16,24,30,457395,42946.0
16,24,30,469491,42927.0
16,24,30,481079,43025.0
16,24,30,490382,43333.0
16,24,30,502322,43696.0
16,24,30,510410,43974.0
16,24,30,522282,44160.0
16,24,30,531405,44263.0
16,24,30,543411,44325.0
16,24,30,555260,44379.0
16,24,30,563394,44412.0
16,24,30,576213,44539.0
16,24,30,584399,44568.0
16,24,30,596455,44614.0
16,24,30,604398,44642.0
16,24,30,617294,44630.0
16,24,30,629236,44601.0
16,24,30,637398,44596.0
16,24,30,649335,44597.0
16,24,30,658403,44601.0
16,24,30,670316,44599.0
16,24,30,678392,44596.0
16,24,30,690465,44605.0
16,24,30,703239,44609.0
16,24,30,711241,44586.0
16,24,30,723349,44555.0
16,24,30,731230,44537.0
16,24,30,744405,44510.0
16,24,30,752244,44507.0
16,24,30,764357,44510.0
16,24,30,776245,44528.0
16,24,30,785391,44521.0
16,24,30,797510,44518.0
16,24,30,805411,44498.0
16,24,30,817406,44485.0
16,24,30,826392,44475.0
16,24,30,838265,44467.0
16,24,30,850237,44470.0
16,24,30,858259,44457.0
16,24,30,871276,44347.0
16,24,30,879402,44029.0
16,24,30,891406,43529.0
16,24,30,899455,42849.0
16,24,30,912404,42336.0
16,24,30,924100,42046.0
16,24,30,932399,41871.0
16,24,30,944352,41899.0
16,24,30,952377,42036.0
16,24,30,965419,42221.0
16,24,30,973202,42270.0
16,24,30,985398,42178.0
16,24,30,998207,42164.0
16,24,31,6370,42168.0
16,24,31,18314,42191.0
16,24,31,26249,42256.0
16,24,31,38398,42321.0
16,24,31,47478,42393.0
16,24,31,59402,42461.0
16,24,31,71245,42528.0
16,24,31,79421,42621.0
16,24,31,92372,42632.0
16,24,31,100312,42667.0
16,24,31,112449,42738.0
16,24,31,120398,42688.0
16,24,31,133239,42714.0
16,24,31,145252,42699.0
16,24,31,153387,42704.0
16,24,31,165375,42740.0
16,24,31,174328,42789.0
16,24,31,186401,42852.0
16,24,31,194237,42899.0
16,24,31,206419,42951.0
16,24,31,219245,43000.0
16,24,31,227247,43017.0
16,24,31,239672,43044.0
16,24,31,247398,43071.0
16,24,31,260452,43164.0
16,24,31,268241,43064.0
16,24,31,280279,43055.0
16,24,31,292246,43053.0
16,24,31,301300,43115.0
16,24,31,313369,43141.0
16,24,31,321423,43076.0
16,24,31,333431,43120.0
16,24,31,342183,43086.0
16,24,31,354390,43136.0
16,24,31,366261,43168.0
16,24,31,374406,43095.0
16,24,31,387322,43070.0
16,24,31,395331,43078.0
16,24,31,407455,43078.0
16,24,31,415238,43142.0
16,24,31,428563,43084.0
16,24,31,440265,43061.0
16,24,31,448320,43057.0
16,24,31,460342,43040.0
16,24,31,469405,43017.0
16,24,31,481317,43007.0
16,24,31,489389,43003.0
16,24,31,501171,42998.0
16,24,31,514074,43009.0
16,24,31,522159,43006.0
16,24,31,534151,43224.0
16,24,31,542138,43010.0
16,24,31,555359,42900.0
16,24,31,563577,42939.0
16,24,31,575275,43121.0
16,24,31,587283,43200.0
16,24,31,596413,43244.0
16,24,31,608376,43252.0
16,24,31,616220,43213.0
16,24,31,628399,43172.0
16,24,31,637272,43082.0
16,24,31,649411,42906.0
16,24,31,661274,42624.0
16,24,31,669404,42075.0
16,24,31,682412,41395.0
16,24,31,690401,41107.0
16,24,31,702533,41288.0
16,24,31,710397,41629.0
16,24,31,723404,42093.0
16,24,31,735138,42328.0
16,24,31,743374,42177.0
16,24,31,755236,42036.0
16,24,31,763378,42079.0
16,24,31,776239,42288.0
16,24,31,784219,42630.0
16,24,31,796403,42997.0
16,24,31,808280,43259.0
16,24,31,817397,43408.0
16,24,31,829378,43527.0
16,24,31,837283,43625.0
16,24,31,849397,43684.0
16,24,31,858399,43711.0
16,24,31,870514,43737.0
16,24,31,882163,43749.0
16,24,31,890407,43774.0
16,24,31,903375,43796.0
16,24,31,911248,43799.0
16,24,31,923284,43811.0
16,24,31,931398,43820.0
16,24,31,944372,43830.0
16,24,31,956205,43833.0
16,24,31,964392,43838.0
16,24,31,976366,43826.0
16,24,31,985399,43799.0
16,24,31,997413,43779.0
16,24,32,5429,43768.0
16,24,32,17246,43762.0
16,24,32,30275,43763.0
16,24,32,38615,43738.0
16,24,32,50250,43636.0
16,24,32,58409,43560.0
16,24,32,71599,43594.0
16,24,32,79408,43612.0
16,24,32,91322,43603.0
16,24,32,103272,43599.0
16,24,32,112407,43603.0
16,24,32,124359,43599.0
16,24,32,132410,43605.0
16,24,32,144248,43612.0
16,24,32,153404,43607.0
16,24,32,165405,43611.0
16,24,32,177284,43607.0
16,24,32,185396,43588.0
16,24,32,198363,43597.0
16,24,32,206370,43602.0
16,24,32,218242,43587.0
16,24,32,226405,43575.0
16,24,32,239247,43587.0
16,24,32,251288,43575.0
16,24,32,259405,43571.0
16,24,32,271340,43564.0
16,24,32,280222,43555.0
16,24,32,292726,43553.0
16,24,32,300410,43554.0
16,24,32,312419,43580.0
16,24,32,325157,43598.0
16,24,32,333414,43634.0
16,24,32,345281,43639.0
16,24,32,353391,43646.0
16,24,32,366416,43658.0
16,24,32,374343,43674.0
16,24,32,386756,43697.0
16,24,32,398210,43710.0
16,24,32,407326,43418.0
16,24,32,419353,42909.0
16,24,32,427224,42384.0
16,24,32,439461,41967.0
16,24,32,448248,41458.0
16,24,32,460405,41019.0
16,24,32,472264,40560.0
16,24,32,480413,40285.0
16,24,32,493424,40379.0
16,24,32,501253,40529.0
16,24,32,513403,40661.0
16,24,32,521375,40791.0
16,24,32,533297,40900.0
16,24,32,546285,40993.0
16,24,32,554265,41062.0
16,24,32,566370,41168.0
16,24,32,574289,41247.0
16,24,32,587404,41307.0
16,24,32,595725,41312.0
16,24,32,607289,41357.0
16,24,32,619274,41408.0
16,24,32,628402,41466.0
16,24,32,640365,41527.0
16,24,32,648436,41584.0
16,24,32,660410,41632.0
16,24,32,669286,41643.0
16,24,32,681406,41638.0
16,24,32,693275,41645.0
16,24,32,701263,41665.0
16,24,32,714205,41581.0
16,24,32,722372,41309.0
16,24,32,734402,40538.0
16,24,32,742234,39763.0
16,24,32,755298,39526.0
16,24,32,767276,39552.0
16,24,32,775228,39699.0
16,24,32,787408,39812.0
16,24,32,796369,39698.0
16,24,32,808422,39442.0
16,24,32,816269,39305.0
16,24,32,828443,39344.0
16,24,32,841282,39440.0
16,24,32,849399,39616.0
16,24,32,861388,39780.0
16,24,32,869240,39913.0
16,24,32,882414,39998.0
16,24,32,890400,40097.0
16,24,32,902397,40191.0
16,24,32,914294,40259.0
16,24,32,923404,40301.0
16,24,32,935413,40340.0
16,24,32,943397,40387.0
16,24,32,955267,40412.0
16,24,32,964307,40426.0
16,24,32,976408,40451.0
16,24,32,988249,40468.0
16,24,32,996281,40487.0
16,24,33,9368,40506.0
16,24,33,17308,40521.0
16,24,33,29251,40534.0
16,24,33,37235,40543.0
16,24,33,50413,40539.0
16,24,33,62184,40531.0
16,24,33,70394,40512.0
16,24,33,82399,40512.0
16,24,33,91421,40557.0
16,24,33,103412,40813.0
16,24,33,111403,41346.0
16,24,33,123339,41854.0
16,24,33,136288,42194.0
16,24,33,144400,42385.0
16,24,33,156407,42444.0
16,24,33,164286,42530.0
16,24,33,177402,42518.0
16,24,33,185394,42542.0
16,24,33,197422,42570.0
16,24,33,209581,42601.0
16,24,33,218401,42615.0
16,24,33,230304,42618.0
16,24,33,238423,42618.0
16,24,33,250447,42625.0
16,24,33,258231,42634.0
16,24,33,271316,42657.0
16,24,33,283310,42679.0
16,24,33,291363,42696.0
16,24,33,304371,42717.0
16,24,33,312217,42731.0
16,24,33,324395,42704.0
16,24,33,332407,42651.0
16,24,33,344386,42531.0
16,24,33,357319,42268.0
16,24,33,365251,41840.0
16,24,33,377409,41416.0
16,24,33,385399,41254.0
16,24,33,398403,41377.0
16,24,33,406409,41641.0
16,24,33,418299,41823.0
16,24,33,430315,41934.0
16,24,33,439418,41878.0
16,24,33,451399,41674.0
16,24,33,459452,41525.0
16,24,33,471197,41387.0
16,24,33,480286,41383.0
16,24,33,492409,41531.0
16,24,33,504303,41838.0
16,24,33,512546,42076.0
16,24,33,525409,41963.0
16,24,33,533400,41735.0
16,24,33,545262,41594.0
16,24,33,553395,41529.0
16,24,33,566516,41495.0
16,24,33,578096,41460.0
16,24,33,586243,41456.0
16,24,33,598415,41478.0
16,24,33,607398,41504.0
16,24,33,619266,41491.0
16,24,33,627417,41493.0
16,24,33,639398,41488.0
16,24,33,652313,41495.0
16,24,33,660391,41483.0
16,24,33,672311,41468.0
16,24,33,680187,41471.0
16,24,33,693403,41471.0
16,24,33,701253,41469.0
16,24,33,713550,41459.0
16,24,33,725322,41409.0
16,24,33,734435,41361.0
16,24,33,746201,41317.0
16,24,33,754183,41301.0
16,24,33,766166,41257.0
16,24,33,779034,41227.0
16,24,33,787157,41542.0
16,24,33,799289,42273.0
16,24,33,807246,42601.0
16,24,33,820766,42926.0
16,24,33,828418,43184.0
16,24,33,840428,43273.0
16,24,33,852133,43348.0
16,24,33,861200,43423.0
16,24,33,873171,43492.0
16,24,33,881368,43539.0
16,24,33,893260,43525.0
16,24,33,902460,43547.0
16,24,33,914309,43551.0
16,24,33,926143,43551.0
16,24,33,934402,43547.0
16,24,33,947299,43522.0
16,24,33,955274,43489.0
16,24,33,967407,43445.0
16,24,33,975296,43304.0
16,24,33,988399,42872.0
16,24,34,58,42266.0
16,24,34,8414,41824.0
16,24,34,20299,41812.0
16,24,34,28169,42035.0
16,24,34,41242,42296.0
16,24,34,49206,42508.0
16,24,34,61371,42660.0
16,24,34,74105,42847.0
16,24,34,82205,43085.0
16,24,34,94292,43226.0
16,24,34,102237,43328.0
16,24,34,115409,43404.0
16,24,34,123432,43461.0
16,24,34,135408,43526.0
16,24,34,147113,43589.0
16,24,34,155401,43638.0
16,24,34,168318,43652.0
16,24,34,176268,43688.0
16,24,34,188391,43730.0
16,24,34,196406,43826.0
16,24,34,209401,43790.0
16,24,34,221193,43805.0
16,24,34,229253,43814.0
16,24,34,241301,43823.0
16,24,34,250292,43842.0
16,24,34,262232,43864.0
16,24,34,270404,43887.0
16,24,34,282298,43899.0
16,24,34,295172,43904.0
16,24,34,303360,43906.0
16,24,34,315325,43906.0
16,24,34,323464,43905.0
16,24,34,336406,43909.0
16,24,34,344426,43918.0
16,24,34,356417,43914.0
16,24,34,368200,43914.0
16,24,34,377408,43923.0
16,24,34,389293,43927.0
16,24,34,397368,43923.0
16,24,34,409409,43922.0
16,24,34,418492,43926.0
16,24,34,430761,43928.0
16,24,34,442233,43927.0
16,24,34,450425,43933.0
16,24,34,463332,43942.0
16,24,34,471395,43944.0
16,24,34,483198,43953.0
