Hour,Minute,Second,IR1,Blinks,Actual Blinks
14,31,39.411,17136.0,0,0
14,31,39.411,17137.0,0,0
14,31,39.411,17130.0,0,0
14,31,39.426,17130.0,0,0
14,31,39.426,17130.0,0,0
14,31,39.442,17132.0,0,0
14,31,39.442,17141.0,0,0
14,31,39.458,17135.0,0,0
14,31,39.473,17133.0,0,0
14,31,39.473,17146.0,0,0
14,31,39.473,17136.0,0,0
14,31,39.489,17139.0,0,0
14,31,39.489,17139.0,0,0
14,31,39.504,17159.0,0,0
14,31,39.52,17147.0,0,0
14,31,39.52,17152.0,0,0
14,31,39.536,17152.0,0,0
14,31,39.536,17141.0,0,0
14,31,39.551,17143.0,0,0
14,31,39.551,17148.0,0,0
14,31,39.567,17148.0,0,0
14,31,39.567,17157.0,0,0
14,31,39.582,17147.0,0,0
14,31,39.582,17155.0,0,0
14,31,39.598,17155.0,0,0
14,31,39.598,17145.0,0,0
14,31,39.614,17149.0,0,0
14,31,39.614,17147.0,0,0
14,31,39.629,17143.0,0,0
14,31,39.629,17133.0,0,0
14,31,39.645,17148.0,0,0
14,31,39.645,17143.0,0,0
14,31,39.66,17144.0,0,0
14,31,39.66,17148.0,0,0
14,31,39.676,17147.0,0,0
14,31,39.676,17154.0,0,0
14,31,39.692,17151.0,0,0
14,31,39.692,17148.0,0,0
14,31,39.707,17144.0,0,0
14,31,39.707,17128.0,0,0
14,31,39.723,17133.0,0,0
14,31,39.723,17138.0,0,0
14,31,39.738,17125.0,0,0
14,31,39.738,17120.0,0,0
14,31,39.754,17126.0,0,0
14,31,39.754,17129.0,0,0
14,31,39.77,17129.0,0,0
14,31,39.77,17120.0,0,0
14,31,39.785,17124.0,0,0
14,31,39.785,17124.0,0,0
14,31,39.801,17122.0,0,0
14,31,39.801,17121.0,0,0
14,31,39.816,17126.0,0,0
14,31,39.832,17126.0,0,0
14,31,39.832,17125.0,0,0
14,31,39.848,17131.0,0,0
14,31,39.848,17133.0,0,0
14,31,39.863,17133.0,0,0
14,31,39.863,17137.0,0,0
14,31,39.879,17138.0,0,0
14,31,39.879,17145.0,0,0
14,31,39.894,17145.0,0,0
14,31,39.894,17148.0,0,0
14,31,39.91,17165.0,0,0
14,31,39.91,17192.0,0,0
14,31,39.972,17192.0,0,0
14,31,39.972,17187.0,0,0
14,31,39.988,17192.0,0,0
14,31,39.988,17200.0,0,0
14,31,39.988,17200.0,0,0
14,31,39.988,17200.0,0,0
14,31,39.988,17194.0,0,0
14,31,39.988,17195.0,0,0
14,31,40.004,17200.0,0,0
14,31,40.004,17206.0,0,0
14,31,40.004,17201.0,0,0
14,31,40.004,17204.0,0,0
14,31,40.019,17203.0,0,0
14,31,40.019,17203.0,0,0
14,31,40.035,17195.0,0,0
14,31,40.035,17201.0,0,0
14,31,40.05,17200.0,0,0
14,31,40.05,17200.0,0,0
14,31,40.066,17190.0,0,0
14,31,40.066,17196.0,0,0
14,31,40.082,17170.0,0,0
14,31,40.082,17170.0,0,0
14,31,40.097,17188.0,0,0
14,31,40.097,17177.0,0,0
14,31,40.113,17177.0,0,0
14,31,40.113,17177.0,0,0
14,31,40.128,17185.0,0,0
14,31,40.128,17177.0,0,0
14,31,40.144,17188.0,0,0
14,31,40.144,17188.0,0,0
14,31,40.163,17181.0,0,0
14,31,40.163,17168.0,0,0
14,31,40.178,17169.0,0,0
14,31,40.178,17169.0,0,0
14,31,40.194,17176.0,0,0
14,31,40.194,17162.0,0,0
14,31,40.209,17178.0,0,0
14,31,40.209,17178.0,0,0
14,31,40.225,17171.0,0,0
14,31,40.225,17166.0,0,0
14,31,40.241,17170.0,0,0
14,31,40.241,17166.0,0,0
14,31,40.256,17157.0,0,0
14,31,40.256,17172.0,0,0
14,31,40.272,17167.0,0,0
14,31,40.272,17165.0,0,0
14,31,40.287,17162.0,0,0
14,31,40.303,17157.0,0,0
14,31,40.303,17170.0,0,0
14,31,40.319,17167.0,0,0
14,31,40.319,17164.0,0,0
14,31,40.334,17164.0,0,0
14,31,40.34,17171.0,0,0
14,31,40.34,17167.0,0,0
14,31,40.356,17166.0,0,0
14,31,40.356,17169.0,0,0
14,31,40.371,17166.0,0,0
14,31,40.371,17172.0,0,0
14,31,40.387,17175.0,0,0
14,31,40.387,17173.0,0,0
14,31,40.403,17175.0,0,0
14,31,40.403,17164.0,0,0
14,31,40.418,17164.0,0,0
14,31,40.418,17166.0,0,0
14,31,40.434,17179.0,0,0
14,31,40.434,17181.0,0,0
14,31,40.449,17181.0,0,0
14,31,40.449,17181.0,0,0
14,31,40.465,17178.0,0,0
14,31,40.465,17180.0,0,0
14,31,40.481,17180.0,0,0
14,31,40.481,17173.0,0,0
14,31,40.496,17159.0,0,0
14,31,40.496,17162.0,0,0
14,31,40.512,17162.0,0,0
14,31,40.527,17161.0,0,0
14,31,40.527,17172.0,0,0
14,31,40.527,17177.0,0,0
14,31,40.543,17177.0,0,0
14,31,40.543,17166.0,0,0
14,31,40.561,17180.0,0,0
14,31,40.561,17171.0,0,0
14,31,40.576,17171.0,0,0
14,31,40.576,17174.0,0,0
14,31,40.592,17169.0,0,0
14,31,40.592,17159.0,0,0
14,31,40.607,17159.0,0,0
14,31,40.607,17161.0,0,0
14,31,40.623,17164.0,0,0
14,31,40.623,17163.0,0,0
14,31,40.639,17165.0,0,0
14,31,40.639,17168.0,0,0
14,31,40.654,17157.0,0,0
14,31,40.67,17162.0,0,0
14,31,40.67,17159.0,0,0
14,31,40.685,17157.0,0,0
14,31,40.685,17149.0,0,0
14,31,40.701,17160.0,0,0
14,31,40.701,17163.0,0,0
14,31,40.717,17164.0,0,0
14,31,40.717,17148.0,0,0
14,31,40.732,17146.0,0,0
14,31,40.732,17145.0,0,0
14,31,40.748,17145.0,0,0
14,31,40.748,17137.0,0,0
14,31,40.763,17137.0,0,0
14,31,40.763,17142.0,0,0
14,31,40.779,17142.0,0,0
14,31,40.779,17142.0,0,0
14,31,40.795,17138.0,0,0
14,31,40.795,17146.0,0,0
14,31,40.81,17146.0,0,0
14,31,40.81,17148.0,0,0
14,31,40.826,17138.0,0,0
14,31,40.826,17135.0,0,0
14,31,40.841,17135.0,0,0
14,31,40.841,17130.0,0,0
14,31,40.857,17126.0,0,0
14,31,40.857,17132.0,0,0
14,31,40.873,17132.0,0,0
14,31,40.873,17128.0,0,0
14,31,40.888,17129.0,0,0
14,31,40.888,17126.0,0,0
14,31,40.904,17125.0,0,0
14,31,40.919,17122.0,0,0
14,31,40.919,17122.0,0,0
14,31,40.935,17137.0,0,0
14,31,40.935,17128.0,0,0
14,31,40.951,17119.0,0,0
14,31,40.951,17119.0,0,0
14,31,40.966,17116.0,0,0
14,31,40.966,17118.0,0,0
14,31,40.982,17120.0,0,0
14,31,40.982,17126.0,0,0
14,31,40.997,17113.0,0,0
14,31,40.997,17127.0,0,0
14,31,41.013,17132.0,0,0
14,31,41.013,17121.0,0,0
14,31,41.029,17124.0,0,17124.0
14,31,41.029,17125.0,0,0
14,31,41.044,17126.0,0,0
14,31,41.044,17118.0,0,0
14,31,41.06,17134.0,0,0
14,31,41.06,17123.0,0,0
14,31,41.075,17123.0,0,0
14,31,41.075,17125.0,0,0
14,31,41.091,17123.0,0,0
14,31,41.091,17126.0,0,0
14,31,41.107,17126.0,0,0
14,31,41.107,17116.0,0,0
14,31,41.122,17115.0,0,0
14,31,41.122,17122.0,0,0
14,31,41.138,17122.0,0,0
14,31,41.138,17120.0,0,0
14,31,41.153,17104.0,0,0
14,31,41.153,17109.0,0,0
14,31,41.169,17109.0,0,0
14,31,41.169,17106.0,0,0
14,31,41.185,17073.0,0,0
14,31,41.185,17039.0,0,0
14,31,41.2,17028.0,0,0
14,31,41.2,16997.0,0,0
14,31,41.216,17117.0,0,0
14,31,41.216,17342.0,0,0
14,31,41.231,17395.0,0,0
14,31,41.231,17554.0,0,0
14,31,41.247,17718.0,0,0
14,31,41.247,17885.0,0,0
14,31,41.263,17928.0,0,0
14,31,41.263,17971.0,0,0
14,31,41.278,18084.0,0,0
14,31,41.278,18165.0,0,0
14,31,41.294,18185.0,0,0
14,31,41.294,18205.0,0,0
14,31,41.309,18280.0,0,0
14,31,41.325,18302.0,0,0
14,31,41.325,18326.0,0,0
14,31,41.341,18334.0,0,0
14,31,41.341,18369.0,0,0
14,31,41.356,18375.0,0,0
14,31,41.356,18388.0,0,0
14,31,41.372,18393.0,0,0
14,31,41.372,18410.0,0,0
14,31,41.387,18428.0,0,0
14,31,41.387,18426.0,0,0
14,31,41.403,18426.0,0,0
14,31,41.403,18454.0,0,0
14,31,41.419,18447.0,0,0
14,31,41.419,18448.0,0,0
14,31,41.434,18448.0,0,0
14,31,41.434,18381.0,0,0
14,31,41.45,18274.0,0,0
14,31,41.45,18234.0,0,0
14,31,41.465,18234.0,0,0
14,31,41.465,18203.0,0,0
14,31,41.481,18180.0,0,0
14,31,41.481,18194.0,0,0
14,31,41.497,18194.0,0,0
14,31,41.497,18211.0,0,0
14,31,41.512,18288.0,0,0
14,31,41.512,18346.0,0,0
14,31,41.528,18346.0,0,0
14,31,41.528,18448.0,0,0
14,31,41.543,18496.0,0,0
14,31,41.543,18551.0,0,0
14,31,41.559,18565.0,0,0
14,31,41.559,18610.0,0,0
14,31,41.575,18646.0,0,0
14,31,41.575,18690.0,0,0
14,31,41.59,18696.0,0,0
14,31,41.59,18714.0,0,0
14,31,41.606,18753.0,0,0
14,31,41.606,18767.0,0,0
14,31,41.621,18780.0,0,0
14,31,41.621,18793.0,0,0
14,31,41.637,18801.0,0,0
14,31,41.637,18828.0,0,0
14,31,41.653,18851.0,0,0
14,31,41.668,18859.0,0,0
14,31,41.668,18868.0,0,0
14,31,41.684,18884.0,0,0
14,31,41.684,18897.0,0,0
14,31,41.699,18902.0,0,0
14,31,41.699,18900.0,0,0
14,31,41.715,18901.0,0,0
14,31,41.715,18910.0,0,0
14,31,41.731,18910.0,0,0
14,31,41.731,18906.0,0,0
14,31,41.746,18903.0,0,0
14,31,41.746,18918.0,0,0
14,31,41.762,18918.0,0,0
14,31,41.762,18926.0,0,0
14,31,41.777,18925.0,0,0
14,31,41.777,18910.0,0,0
14,31,41.793,18910.0,0,0
14,31,41.793,18921.0,0,0
14,31,41.809,18904.0,0,0
14,31,41.809,18920.0,0,0
14,31,41.824,18920.0,0,0
14,31,41.824,18917.0,0,0
14,31,41.84,18925.0,0,0
14,31,41.84,18934.0,0,0
14,31,41.855,18932.0,0,0
14,31,41.855,18927.0,0,0
14,31,41.871,18927.0,0,0
14,31,41.871,18910.0,0,0
14,31,41.887,18905.0,0,0
14,31,41.887,18892.0,0,0
14,31,41.902,18883.0,0,0
14,31,41.902,18885.0,0,0
14,31,41.918,18875.0,0,0
14,31,41.918,18865.0,0,0
14,31,41.933,18874.0,0,0
14,31,41.933,18884.0,0,0
14,31,41.949,18869.0,0,0
14,31,41.949,18865.0,0,0
14,31,41.965,18847.0,0,0
14,31,41.98,18840.0,0,0
14,31,41.98,18817.0,0,0
14,31,41.996,18810.0,0,0
14,31,41.997,18798.0,0,0
14,31,41.997,18801.0,0,0
14,31,42.012,18794.0,0,0
14,31,42.028,18794.0,0,0
14,31,42.028,18793.0,0,0
14,31,42.044,18806.0,0,0
14,31,42.044,18797.0,0,0
14,31,42.059,18797.0,0,0
14,31,42.059,18796.0,0,0
14,31,42.075,18786.0,0,0
14,31,42.075,18771.0,0,0
14,31,42.09,18771.0,0,0
14,31,42.09,18777.0,0,0
14,31,42.106,18777.0,0,0
14,31,42.106,18777.0,0,0
14,31,42.122,18777.0,0,0
14,31,42.122,18776.0,0,0
14,31,42.137,18756.0,0,0
14,31,42.137,18757.0,0,0
14,31,42.153,18756.0,0,0
14,31,42.153,18754.0,0,0
14,31,42.168,18740.0,0,0
14,31,42.168,18739.0,0,0
14,31,42.184,18734.0,0,0
14,31,42.184,18722.0,0,0
14,31,42.2,18725.0,0,0
14,31,42.2,18735.0,0,0
14,31,42.215,18726.0,0,0
14,31,42.215,18718.0,0,0
14,31,42.231,18703.0,0,0
14,31,42.231,18703.0,0,0
14,31,42.246,18715.0,0,0
14,31,42.246,18727.0,0,0
14,31,42.262,18720.0,0,0
14,31,42.262,18702.0,0,0
14,31,42.281,18705.0,0,0
14,31,42.281,18706.0,0,0
14,31,42.296,18695.0,0,0
14,31,42.296,18700.0,0,0
14,31,42.312,18701.0,0,0
14,31,42.312,18701.0,0,0
14,31,42.327,18685.0,0,0
14,31,42.327,18654.0,0,0
14,31,42.343,18620.0,0,0
14,31,42.343,18620.0,0,0
14,31,42.359,18553.0,0,0
14,31,42.359,18456.0,0,0
14,31,42.374,18336.0,0,0
14,31,42.374,18336.0,0,0
14,31,42.39,18221.0,0,0
14,31,42.39,18067.0,0,0
14,31,42.405,17938.0,0,0
14,31,42.405,17938.0,0,0
14,31,42.421,17833.0,0,0
14,31,42.421,17753.0,0,0
14,31,42.437,17698.0,0,0
14,31,42.437,17698.0,0,0
14,31,42.452,17654.0,0,0
14,31,42.452,17596.0,0,0
14,31,42.468,17559.0,0,0
14,31,42.468,17543.0,0,0
14,31,42.483,17498.0,0,0
14,31,42.499,17448.0,0,0
14,31,42.499,17415.0,0,0
14,31,42.515,17401.0,0,0
14,31,42.515,17388.0,0,0
14,31,42.53,17370.0,0,0
14,31,42.53,17368.0,0,0
14,31,42.546,17363.0,0,0
14,31,42.546,17359.0,0,0
14,31,42.561,17352.0,0,0
14,31,42.561,17328.0,0,0
14,31,42.577,17336.0,0,0
14,31,42.577,17339.0,0,0
14,31,42.593,17317.0,0,0
14,31,42.593,17307.0,0,0
14,31,42.608,17300.0,0,0
14,31,42.608,17300.0,0,0
14,31,42.624,17317.0,0,0
14,31,42.624,17306.0,0,0
14,31,42.639,17301.0,0,0
14,31,42.639,17301.0,0,0
14,31,42.655,17305.0,0,0
14,31,42.655,17306.0,0,0
14,31,42.671,17309.0,0,0
14,31,42.671,17309.0,0,0
14,31,42.686,17291.0,0,0
14,31,42.686,17286.0,0,0
14,31,42.702,17308.0,0,0
14,31,42.702,17308.0,0,0
14,31,42.717,17300.0,0,0
14,31,42.717,17306.0,0,0
14,31,42.733,17281.0,0,0
14,31,42.733,17274.0,0,0
14,31,42.749,17254.0,0,0
14,31,42.749,17242.0,0,0
14,31,42.764,17232.0,0,0
14,31,42.764,17235.0,0,0
14,31,42.78,17246.0,0,0
14,31,42.795,17246.0,0,0
14,31,42.795,17235.0,0,0
14,31,42.811,17231.0,0,0
14,31,42.811,17227.0,0,0
14,31,42.827,17219.0,0,0
14,31,42.827,17196.0,0,0
14,31,42.842,17188.0,0,0
14,31,42.842,17186.0,0,0
14,31,42.858,17190.0,0,0
14,31,42.858,17187.0,0,0
14,31,42.873,17185.0,0,0
14,31,42.873,17185.0,0,0
14,31,42.889,17188.0,0,0
14,31,42.889,17179.0,0,0
14,31,42.905,17176.0,0,0
14,31,42.905,17176.0,0,0
14,31,42.92,17147.0,0,0
14,31,42.92,17130.0,0,0
14,31,42.936,17098.0,0,0
14,31,42.936,17098.0,0,0
14,31,42.951,17100.0,0,0
14,31,42.951,17110.0,0,0
14,31,42.967,17108.0,0,0
14,31,42.967,17108.0,0,0
14,31,42.983,17119.0,0,0
14,31,42.983,17111.0,0,0
14,31,42.998,17115.0,0,0
14,31,42.998,17115.0,0,0
14,31,43.015,17119.0,0,0
14,31,43.015,17118.0,0,0
14,31,43.03,17110.0,0,0
14,31,43.03,17110.0,0,0
14,31,43.046,17111.0,0,0
14,31,43.046,17113.0,0,0
14,31,43.062,17104.0,0,0
14,31,43.062,17101.0,0,0
14,31,43.077,17098.0,0,0
14,31,43.077,17101.0,0,0
14,31,43.093,17104.0,0,0
14,31,43.093,17103.0,0,0
14,31,43.108,17102.0,0,0
14,31,43.108,17107.0,0,0
14,31,43.124,17092.0,0,0
14,31,43.124,17098.0,0,0
14,31,43.14,17100.0,0,0
14,31,43.14,17091.0,0,0
14,31,43.155,17088.0,0,0
14,31,43.155,17094.0,0,0
14,31,43.171,17094.0,0,0
14,31,43.186,17097.0,0,0
14,31,43.186,17132.0,0,0
14,31,43.202,17174.0,0,0
14,31,43.202,17174.0,0,0
14,31,43.218,17178.0,0,0
14,31,43.218,17163.0,0,0
14,31,43.233,17163.0,0,0
14,31,43.233,17163.0,0,0
14,31,43.249,17152.0,0,0
14,31,43.249,17150.0,0,0
14,31,43.264,17150.0,0,0
14,31,43.264,17150.0,0,0
14,31,43.28,17154.0,0,0
14,31,43.28,17146.0,0,0
14,31,43.296,17138.0,0,0
14,31,43.296,17132.0,0,0
14,31,43.311,17114.0,0,0
14,31,43.311,17114.0,0,0
14,31,43.33,17114.0,0,0
14,31,43.335,17112.0,0,0
14,31,43.335,17106.0,0,0
14,31,43.35,17104.0,0,0
14,31,43.35,17110.0,0,0
14,31,43.366,17108.0,0,0
14,31,43.366,17106.0,0,0
14,31,43.382,17073.0,0,0
14,31,43.382,17047.0,0,0
14,31,43.397,17046.0,0,0
14,31,43.397,17046.0,0,0
14,31,43.413,17042.0,0,0
14,31,43.413,17077.0,0,0
14,31,43.428,17103.0,0,0
14,31,43.428,17112.0,0,0
14,31,43.444,17158.0,0,0
14,31,43.444,17255.0,0,0
14,31,43.46,17388.0,0,0
14,31,43.46,17388.0,0,0
14,31,43.475,17540.0,0,0
14,31,43.475,17685.0,0,0
14,31,43.491,17802.0,0,0
14,31,43.506,17802.0,0,0
14,31,43.506,17914.0,0,0
14,31,43.522,18052.0,0,0
14,31,43.522,18149.0,0,0
14,31,43.538,18149.0,0,0
14,31,43.538,18233.0,0,0
14,31,43.553,18322.0,0,0
14,31,43.553,18395.0,0,0
14,31,43.569,18395.0,0,0
14,31,43.569,18439.0,0,0
14,31,43.584,18454.0,0,0
14,31,43.584,18456.0,0,0
14,31,43.6,18455.0,0,0
14,31,43.6,18455.0,0,0
14,31,43.616,18455.0,0,0
14,31,43.616,18444.0,0,0
14,31,43.631,18375.0,0,0
14,31,43.631,18424.0,0,0
14,31,43.647,18433.0,0,0
14,31,43.647,18433.0,0,0
14,31,43.662,18429.0,0,0
14,31,43.662,18425.0,0,0
14,31,43.678,18406.0,0,0
14,31,43.678,18402.0,0,0
14,31,43.694,18383.0,0,0
14,31,43.694,18377.0,0,0
14,31,43.709,18392.0,0,0
14,31,43.709,18366.0,0,0
14,31,43.725,18365.0,0,0
14,31,43.725,18365.0,0,0
14,31,43.74,18352.0,0,0
14,31,43.74,18363.0,0,0
14,31,43.756,18356.0,0,0
14,31,43.756,18356.0,0,0
14,31,43.772,18361.0,0,0
14,31,43.772,18351.0,0,0
14,31,43.787,18353.0,0,0
14,31,43.787,18353.0,0,0
14,31,43.803,18344.0,0,0
14,31,43.818,18354.0,0,0
14,31,43.818,18354.0,0,0
14,31,43.834,18354.0,0,0
14,31,43.834,18349.0,0,0
14,31,43.834,18372.0,0,0
14,31,43.85,18367.0,0,0
14,31,43.865,18367.0,0,0
14,31,43.865,18379.0,0,0
14,31,43.881,18365.0,0,0
14,31,43.881,18374.0,0,0
14,31,43.896,18374.0,0,0
14,31,43.896,18378.0,0,0
14,31,43.912,18369.0,0,0
14,31,43.912,18385.0,0,0
14,31,43.928,18384.0,0,0
14,31,43.928,18384.0,0,0
14,31,43.943,18386.0,0,0
14,31,43.943,18393.0,0,0
14,31,43.959,18392.0,0,0
14,31,43.959,18391.0,0,0
14,31,43.974,18393.0,0,0
14,31,43.974,18390.0,0,0
14,31,43.99,18396.0,0,0
14,31,43.99,18402.0,0,0
14,31,44.006,18409.0,0,0
14,31,44.006,18411.0,0,0
14,31,44.022,18403.0,0,0
14,31,44.022,18401.0,0,0
14,31,44.038,18417.0,0,0
14,31,44.038,18420.0,0,0
14,31,44.053,18419.0,0,18419.0
14,31,44.053,18419.0,0,0
14,31,44.069,18408.0,0,0
14,31,44.069,18399.0,0,0
14,31,44.085,18368.0,0,0
14,31,44.085,18368.0,0,0
14,31,44.1,18307.0,0,0
14,31,44.1,18270.0,0,0
14,31,44.116,18088.0,0,0
14,31,44.116,18088.0,0,0
14,31,44.131,17908.0,0,0
14,31,44.131,17866.0,0,0
14,31,44.147,17900.0,0,0
14,31,44.147,17900.0,0,0
14,31,44.163,17973.0,0,0
14,31,44.163,18050.0,0,0
14,31,44.178,18087.0,0,0
14,31,44.178,18087.0,0,0
14,31,44.194,18124.0,0,0
14,31,44.209,18186.0,0,0
14,31,44.209,18239.0,0,0
14,31,44.225,18253.0,0,0
14,31,44.225,18296.0,0,0
14,31,44.241,18318.0,0,0
14,31,44.241,18326.0,0,0
14,31,44.256,18342.0,0,0
14,31,44.256,18359.0,0,0
14,31,44.272,18355.0,0,0
14,31,44.272,18351.0,0,0
14,31,44.287,18341.0,0,0
14,31,44.287,18331.0,0,0
14,31,44.303,18313.0,0,0
14,31,44.303,18288.0,0,0
14,31,44.319,18225.0,0,0
14,31,44.319,18204.0,0,0
14,31,44.334,18088.0,0,0
14,31,44.334,17956.0,0,0
14,31,44.35,17831.0,0,0
14,31,44.35,17831.0,0,0
14,31,44.365,17715.0,0,0
14,31,44.365,17592.0,0,0
14,31,44.381,17474.0,0,0
14,31,44.381,17474.0,0,0
14,31,44.397,17390.0,0,0
14,31,44.397,17326.0,0,0
14,31,44.412,17279.0,0,0
14,31,44.412,17279.0,0,0
14,31,44.428,17266.0,0,0
14,31,44.428,17243.0,0,0
14,31,44.443,17251.0,0,0
14,31,44.443,17251.0,0,0
14,31,44.459,17274.0,0,0
14,31,44.459,17274.0,0,0
14,31,44.475,17275.0,0,0
14,31,44.475,17279.0,0,0
14,31,44.49,17292.0,0,0
14,31,44.49,17311.0,0,0
14,31,44.506,17333.0,0,0
14,31,44.521,17333.0,0,0
14,31,44.521,17335.0,0,0
14,31,44.537,17370.0,0,0
14,31,44.537,17364.0,0,0
14,31,44.553,17346.0,0,0
14,31,44.553,17329.0,0,0
14,31,44.568,17303.0,0,0
14,31,44.568,17304.0,0,0
14,31,44.584,17310.0,0,0
14,31,44.584,17313.0,0,0
14,31,44.599,17325.0,0,0
14,31,44.599,17338.0,0,0
14,31,44.615,17339.0,0,0
14,31,44.615,17340.0,0,0
14,31,44.631,17364.0,0,0
14,31,44.631,17370.0,0,0
14,31,44.646,17362.0,0,0
14,31,44.646,17362.0,0,0
14,31,44.662,17376.0,0,0
14,31,44.662,17364.0,0,0
14,31,44.677,17373.0,0,0
14,31,44.677,17373.0,0,0
14,31,44.693,17393.0,0,0
14,31,44.693,17383.0,0,0
14,31,44.709,17399.0,0,0
14,31,44.709,17399.0,0,0
14,31,44.724,17388.0,0,0
14,31,44.724,17390.0,0,0
14,31,44.74,17371.0,0,0
14,31,44.74,17371.0,0,0
14,31,44.755,17359.0,0,0
14,31,44.755,17357.0,0,0
14,31,44.771,17361.0,0,0
14,31,44.771,17357.0,0,0
14,31,44.787,17345.0,0,0
14,31,44.787,17353.0,0,0
14,31,44.802,17350.0,0,0
14,31,44.802,17351.0,0,0
14,31,44.818,17355.0,0,0
14,31,44.833,17364.0,0,0
14,31,44.833,17363.0,0,0
14,31,44.849,17356.0,0,0
14,31,44.849,17349.0,0,0
14,31,44.849,17355.0,0,0
14,31,44.865,17344.0,0,0
14,31,44.88,17348.0,0,0
14,31,44.88,17350.0,0,0
14,31,44.896,17342.0,0,0
14,31,44.896,17332.0,0,0
14,31,44.911,17329.0,0,0
14,31,44.911,17329.0,0,0
14,31,44.927,17345.0,0,0
14,31,44.927,17323.0,0,0
14,31,44.943,17314.0,0,0
14,31,44.943,17314.0,0,0
14,31,44.958,17302.0,0,0
14,31,44.958,17291.0,0,0
14,31,44.974,17284.0,0,0
14,31,44.974,17284.0,0,0
14,31,44.989,17273.0,0,0
14,31,44.989,17264.0,0,0
14,31,45.005,17242.0,0,0
14,31,45.005,17242.0,0,0
14,31,45.021,17215.0,0,0
14,31,45.021,17175.0,0,0
14,31,45.037,17216.0,0,0
14,31,45.037,17216.0,0,0
14,31,45.053,17294.0,0,0
14,31,45.053,17374.0,0,0
14,31,45.068,17494.0,0,0
14,31,45.068,17517.0,0,0
14,31,45.084,17589.0,0,0
14,31,45.084,17669.0,0,0
14,31,45.1,17754.0,0,0
14,31,45.1,17808.0,0,0
14,31,45.115,17863.0,0,0
14,31,45.115,17971.0,0,0
14,31,45.131,18042.0,0,0
14,31,45.131,18091.0,0,0
14,31,45.146,18141.0,0,0
14,31,45.146,18245.0,0,0
14,31,45.162,18337.0,0,0
14,31,45.162,18374.0,0,0
14,31,45.178,18387.0,0,0
14,31,45.178,18424.0,0,0
14,31,45.193,18484.0,0,0
14,31,45.193,18514.0,0,0
14,31,45.209,18514.0,0,0
14,31,45.224,18549.0,0,0
14,31,45.224,18544.0,0,0
14,31,45.24,18505.0,0,0
14,31,45.24,18505.0,0,0
14,31,45.256,18488.0,0,0
14,31,45.256,18462.0,0,0
14,31,45.271,18436.0,0,0
14,31,45.271,18436.0,0,0
14,31,45.287,18417.0,0,0
14,31,45.287,18395.0,0,0
14,31,45.302,18394.0,0,0
14,31,45.302,18394.0,0,0
14,31,45.318,18379.0,0,0
14,31,45.318,18376.0,0,0
14,31,45.334,18351.0,0,0
14,31,45.334,18350.0,0,0
14,31,45.349,18347.0,0,0
14,31,45.349,18333.0,0,0
14,31,45.365,18303.0,0,0
14,31,45.365,18301.0,0,0
14,31,45.38,18297.0,0,0
14,31,45.38,18281.0,0,0
14,31,45.396,18293.0,0,18293.0
14,31,45.396,18281.0,0,0
14,31,45.412,18270.0,0,0
14,31,45.412,18218.0,0,0
14,31,45.427,18190.0,0,0
14,31,45.427,18102.0,0,0
14,31,45.443,18073.0,0,0
14,31,45.443,17861.0,0,0
14,31,45.458,17869.0,0,0
14,31,45.458,18013.0,0,0
14,31,45.474,18062.0,18062.0,0
14,31,45.474,18303.0,18303.0,0
14,31,45.49,18469.0,18469.0,0
14,31,45.49,18597.0,18597.0,0
14,31,45.505,18597.0,18597.0,0
14,31,45.505,18683.0,18683.0,0
14,31,45.521,18760.0,18760.0,0
14,31,45.536,18804.0,18804.0,0
14,31,45.536,18804.0,18804.0,0
14,31,45.552,18833.0,18833.0,0
14,31,45.552,18847.0,18847.0,0
14,31,45.568,18850.0,18850.0,0
14,31,45.568,18850.0,18850.0,0
14,31,45.583,18874.0,18874.0,0
14,31,45.583,18875.0,18875.0,0
14,31,45.599,18830.0,18830.0,0
14,31,45.599,18830.0,18830.0,0
14,31,45.614,18727.0,18727.0,0
14,31,45.614,18621.0,18621.0,0
14,31,45.63,18434.0,18434.0,0
14,31,45.63,18395.0,18395.0,0
14,31,45.646,18280.0,18280.0,0
14,31,45.646,18171.0,0,0
14,31,45.661,18136.0,0,0
14,31,45.661,18146.0,0,0
14,31,45.677,18179.0,0,0
14,31,45.677,18230.0,0,0
14,31,45.692,18315.0,0,0
14,31,45.692,18345.0,0,0
14,31,45.708,18376.0,0,0
14,31,45.708,18402.0,0,0
14,31,45.724,18400.0,0,0
14,31,45.724,18400.0,0,0
14,31,45.739,18401.0,0,0
14,31,45.739,18341.0,0,0
14,31,45.755,18304.0,0,0
14,31,45.755,18240.0,0,0
14,31,45.77,18219.0,0,0
14,31,45.77,18141.0,0,0
14,31,45.786,18062.0,0,0
14,31,45.786,17947.0,0,0
14,31,45.802,17947.0,0,0
14,31,45.802,17850.0,0,0
14,31,45.817,17720.0,0,0
14,31,45.817,17644.0,0,0
14,31,45.833,17644.0,0,0
14,31,45.833,17567.0,0,0
14,31,45.848,17534.0,0,0
14,31,45.848,17518.0,0,0
14,31,45.864,17518.0,0,0
14,31,45.88,17536.0,0,0
14,31,45.88,17513.0,0,0
14,31,45.895,17509.0,0,0
14,31,45.895,17509.0,0,0
14,31,45.911,17502.0,0,0
14,31,45.911,17503.0,0,0
14,31,45.926,17515.0,0,0
14,31,45.926,17512.0,0,0
14,31,45.942,17505.0,0,0
14,31,45.942,17519.0,0,0
14,31,45.958,17525.0,0,0
14,31,45.958,17519.0,0,0
14,31,45.973,17502.0,0,0
14,31,45.973,17516.0,0,0
14,31,45.989,17515.0,0,0
14,31,45.989,17525.0,0,0
14,31,46.004,17535.0,0,0
14,31,46.004,17570.0,0,0
14,31,46.02,17593.0,0,0
14,31,46.02,17575.0,0,0
14,31,46.036,17569.0,0,0
14,31,46.036,17571.0,0,0
14,31,46.052,17570.0,0,0
14,31,46.052,17576.0,0,0
14,31,46.068,17578.0,0,0
14,31,46.068,17550.0,0,0
14,31,46.083,17551.0,0,0
14,31,46.083,17547.0,0,0
14,31,46.099,17547.0,0,0
14,31,46.099,17538.0,0,0
14,31,46.115,17528.0,0,0
14,31,46.115,17505.0,0,0
14,31,46.13,17505.0,0,17505.0
14,31,46.13,17493.0,0,0
14,31,46.146,17483.0,0,0
14,31,46.146,17494.0,0,0
14,31,46.161,17494.0,0,0
14,31,46.161,17482.0,0,0
14,31,46.177,17589.0,0,0
14,31,46.177,17920.0,0,0
14,31,46.193,17984.0,0,0
14,31,46.193,18211.0,0,0
14,31,46.208,18363.0,0,0
14,31,46.208,18496.0,0,0
14,31,46.224,18513.0,0,0
14,31,46.239,18566.0,0,0
14,31,46.239,18646.0,0,0
14,31,46.255,18683.0,0,0
14,31,46.255,18669.0,0,0
14,31,46.271,18655.0,0,0
14,31,46.271,18711.0,0,0
14,31,46.286,18726.0,0,0
14,31,46.286,18741.0,0,0
14,31,46.302,18746.0,0,0
14,31,46.302,18715.0,0,0
14,31,46.317,18674.0,0,0
14,31,46.317,18616.0,0,0
14,31,46.333,18597.0,0,0
14,31,46.333,18530.0,0,0
14,31,46.349,18473.0,0,0
14,31,46.349,18438.0,0,0
14,31,46.364,18438.0,0,0
14,31,46.364,18468.0,0,0
14,31,46.38,18553.0,0,0
14,31,46.38,18622.0,0,0
14,31,46.395,18622.0,0,0
14,31,46.395,18649.0,0,0
14,31,46.411,18655.0,0,0
14,31,46.411,18642.0,0,0
14,31,46.427,18642.0,0,0
14,31,46.427,18591.0,0,0
14,31,46.442,18510.0,0,0
14,31,46.442,18459.0,0,0
14,31,46.458,18459.0,0,0
14,31,46.458,18383.0,0,0
14,31,46.473,18333.0,0,0
14,31,46.489,18322.0,0,0
14,31,46.489,18317.0,0,0
14,31,46.505,18304.0,0,0
14,31,46.505,18284.0,0,0
14,31,46.52,18256.0,0,0
14,31,46.52,18241.0,0,0
14,31,46.536,18198.0,0,0
14,31,46.536,18185.0,0,0
14,31,46.551,18258.0,0,0
14,31,46.551,18307.0,0,0
14,31,46.567,18357.0,0,0
14,31,46.567,18397.0,0,0
14,31,46.583,18415.0,0,0
14,31,46.583,18459.0,0,0
14,31,46.598,18474.0,0,0
14,31,46.598,18542.0,0,0
14,31,46.614,18602.0,0,0
14,31,46.614,18631.0,0,0
14,31,46.629,18641.0,0,0
14,31,46.629,18688.0,0,0
14,31,46.645,18742.0,0,0
14,31,46.645,18771.0,0,0
14,31,46.661,18771.0,0,0
14,31,46.661,18811.0,0,0
14,31,46.676,18830.0,0,0
14,31,46.676,18833.0,0,0
14,31,46.692,18833.0,0,0
14,31,46.692,18844.0,0,0
14,31,46.707,18878.0,0,0
14,31,46.707,18926.0,0,0
14,31,46.723,18926.0,0,0
14,31,46.723,18959.0,0,0
14,31,46.739,18979.0,0,0
14,31,46.739,18976.0,0,0
14,31,46.754,18976.0,0,0
14,31,46.754,18989.0,0,0
14,31,46.77,18991.0,0,0
14,31,46.77,19010.0,0,0
14,31,46.785,19011.0,0,0
14,31,46.785,19015.0,0,0
14,31,46.801,19021.0,0,0
14,31,46.801,19036.0,0,0
14,31,46.817,19041.0,0,0
14,31,46.817,19059.0,0,0
14,31,46.832,19071.0,0,0
14,31,46.832,19130.0,0,0
14,31,46.848,19142.0,0,0
14,31,46.848,19155.0,0,0
14,31,46.863,19126.0,0,0
14,31,46.863,19117.0,0,0
14,31,46.879,19103.0,0,0
14,31,46.879,19090.0,0,0
14,31,46.895,19096.0,0,0
14,31,46.91,19070.0,0,0
14,31,46.91,19046.0,0,0
14,31,46.926,19039.0,0,0
14,31,46.926,19009.0,0,0
14,31,46.941,19004.0,0,0
14,31,46.941,19022.0,0,0
14,31,46.957,19022.0,0,0
14,31,46.957,19032.0,0,0
14,31,46.973,19004.0,0,0
14,31,46.973,19043.0,0,0
14,31,46.988,19043.0,0,0
14,31,47.035,19083.0,0,0
14,31,47.035,19114.0,0,0
14,31,47.051,19141.0,0,0
14,31,47.051,19141.0,0,0
14,31,47.051,19171.0,0,0
14,31,47.051,19185.0,0,0
14,31,47.051,19172.0,0,0
14,31,47.066,19172.0,0,0
14,31,47.066,19165.0,0,0
14,31,47.066,19165.0,0,0
14,31,47.066,19166.0,0,0
14,31,47.082,19168.0,0,0
14,31,47.082,19176.0,0,0
14,31,47.097,19182.0,0,0
14,31,47.097,19188.0,0,0
14,31,47.113,19183.0,0,0
14,31,47.113,19171.0,0,0
14,31,47.129,19178.0,0,0
14,31,47.129,19192.0,0,0
14,31,47.144,19188.0,0,0
14,31,47.144,19184.0,0,0
14,31,47.16,19201.0,0,0
14,31,47.16,19213.0,0,0
14,31,47.175,19219.0,0,0
14,31,47.175,19222.0,0,0
14,31,47.191,19231.0,0,0
14,31,47.191,19258.0,0,0
14,31,47.207,19294.0,0,0
14,31,47.207,19306.0,0,0
14,31,47.222,19324.0,0,0
14,31,47.238,19339.0,0,0
14,31,47.238,19352.0,0,0
14,31,47.253,19352.0,0,0
14,31,47.253,19383.0,0,0
14,31,47.269,19365.0,0,0
14,31,47.269,19375.0,0,0
14,31,47.285,19375.0,0,0
14,31,47.285,19396.0,0,0
14,31,47.3,19389.0,0,0
14,31,47.3,19389.0,0,0
14,31,47.316,19389.0,0,0
14,31,47.316,19390.0,0,0
14,31,47.331,19391.0,0,0
14,31,47.331,19384.0,0,0
14,31,47.347,19384.0,0,0
14,31,47.347,19306.0,0,0
14,31,47.363,19127.0,0,0
14,31,47.363,18887.0,0,0
14,31,47.378,18832.0,0,0
14,31,47.378,18669.0,0,0
14,31,47.394,18487.0,0,0
14,31,47.394,18287.0,0,0
14,31,47.409,18184.0,0,0
14,31,47.409,18134.0,0,0
14,31,47.425,17993.0,0,0
14,31,47.425,17856.0,0,0
14,31,47.441,17793.0,0,0
14,31,47.441,17731.0,0,0
14,31,47.456,17655.0,0,0
14,31,47.456,17582.0,0,0
14,31,47.472,17529.0,0,0
14,31,47.472,17512.0,0,0
14,31,47.487,17451.0,0,0
14,31,47.487,17426.0,0,0
14,31,47.503,17317.0,0,0
14,31,47.503,17367.0,0,0
14,31,47.519,17328.0,0,0
14,31,47.519,17289.0,0,0
14,31,47.534,17272.0,0,0
14,31,47.55,17272.0,0,0
14,31,47.55,17235.0,0,0
14,31,47.565,17230.0,0,0
14,31,47.565,17257.0,0,0
14,31,47.581,17257.0,0,0
14,31,47.581,17274.0,0,0
14,31,47.597,17310.0,0,0
14,31,47.597,17357.0,0,0
14,31,47.612,17357.0,0,0
14,31,47.612,17399.0,0,0
14,31,47.628,17419.0,0,0
14,31,47.628,17464.0,0,0
14,31,47.643,17476.0,0,0
14,31,47.643,17512.0,0,0
14,31,47.659,17534.0,0,0
14,31,47.659,17538.0,0,0
14,31,47.675,17539.0,0,17539.0
14,31,47.675,17545.0,0,0
14,31,47.69,17554.0,0,0
14,31,47.69,17586.0,0,0
14,31,47.706,17592.0,0,0
14,31,47.706,17599.0,0,0
14,31,47.721,17588.0,0,0
14,31,47.721,17561.0,0,0
14,31,47.737,17531.0,17531.0,0
14,31,47.737,17521.0,17521.0,0
14,31,47.753,17703.0,17703.0,0
14,31,47.753,17961.0,17961.0,0
14,31,47.768,18111.0,18111.0,0
14,31,47.768,18161.0,18161.0,0
14,31,47.784,18376.0,18376.0,0
14,31,47.784,18562.0,18562.0,0
14,31,47.799,18674.0,18674.0,0
14,31,47.799,18674.0,18674.0,0
14,31,47.815,18768.0,18768.0,0
14,31,47.815,18802.0,18802.0,0
14,31,47.831,18850.0,18850.0,0
14,31,47.831,18850.0,18850.0,0
14,31,47.846,18868.0,18868.0,0
14,31,47.846,18851.0,18851.0,0
14,31,47.862,18878.0,18878.0,0
14,31,47.862,18878.0,18878.0,0
14,31,47.877,18887.0,18887.0,0
14,31,47.893,18851.0,18851.0,0
14,31,47.893,18752.0,18752.0,0
14,31,47.909,18752.0,18752.0,0
14,31,47.909,18616.0,18616.0,0
14,31,47.924,18517.0,18517.0,0
14,31,47.924,18439.0,18439.0,0
14,31,47.94,18439.0,18439.0,0
14,31,47.94,18442.0,18442.0,0
14,31,47.955,18455.0,18455.0,0
14,31,47.955,18373.0,18373.0,0
14,31,47.971,18323.0,18323.0,0
14,31,47.971,18174.0,18174.0,0
14,31,47.987,17915.0,17915.0,0
14,31,47.987,17641.0,0,0
14,31,48.002,17560.0,0,0
14,31,48.002,17479.0,0,0
14,31,48.033,17387.0,0,0
14,31,48.033,17257.0,0,0
14,31,48.033,17101.0,0,0
14,31,48.033,17050.0,0,0
14,31,48.049,16843.0,0,0
14,31,48.049,16715.0,0,0
14,31,48.065,16734.0,0,0
14,31,48.065,16741.0,0,0
14,31,48.081,16886.0,0,0
14,31,48.081,17058.0,0,0
14,31,48.097,17133.0,0,0
14,31,48.097,17133.0,0,0
14,31,48.112,17070.0,0,0
14,31,48.112,16932.0,0,0
14,31,48.128,16810.0,0,0
14,31,48.128,16810.0,0,0
14,31,48.144,16791.0,0,0
14,31,48.144,16888.0,0,0
14,31,48.159,17034.0,0,0
14,31,48.159,17034.0,0,0
14,31,48.175,17133.0,0,0
14,31,48.175,17182.0,0,0
14,31,48.19,17147.0,0,0
14,31,48.19,17147.0,0,0
14,31,48.206,17108.0,0,0
14,31,48.206,17066.0,0,0
14,31,48.222,16975.0,0,0
14,31,48.237,16963.0,0,0
14,31,48.237,16928.0,0,0
14,31,48.253,16901.0,0,0
14,31,48.253,16934.0,0,0
14,31,48.268,16962.0,0,0
14,31,48.268,17047.0,0,0
14,31,48.284,17190.0,0,0
14,31,48.284,17281.0,0,0
14,31,48.3,17293.0,0,0
14,31,48.3,17306.0,0,0
14,31,48.315,17257.0,0,0
14,31,48.315,17149.0,0,0
14,31,48.331,17101.0,0,0
14,31,48.331,17053.0,0,0
14,31,48.346,17007.0,0,0
14,31,48.346,17020.0,0,0
14,31,48.363,17062.0,0,0
14,31,48.363,17076.0,0,0
14,31,48.379,17160.0,0,0
14,31,48.379,17216.0,0,0
14,31,48.394,17255.0,0,0
14,31,48.394,17255.0,0,0
14,31,48.41,17329.0,0,0
14,31,48.41,17387.0,0,0
14,31,48.425,17393.0,0,0
14,31,48.425,17393.0,0,0
14,31,48.441,17409.0,0,0
14,31,48.441,17459.0,0,0
14,31,48.457,17485.0,0,0
14,31,48.457,17485.0,0,0
14,31,48.472,17558.0,0,0
14,31,48.472,17634.0,0,0
14,31,48.488,17706.0,0,0
14,31,48.488,17706.0,0,0
14,31,48.503,17782.0,0,0
14,31,48.503,17840.0,0,0
14,31,48.519,17797.0,0,0
14,31,48.519,17797.0,0,0
14,31,48.535,17639.0,0,0
14,31,48.535,17834.0,0,0
14,31,48.55,18070.0,0,0
14,31,48.55,18131.0,0,0
14,31,48.566,18316.0,0,0
14,31,48.566,18495.0,0,0
14,31,48.581,18624.0,0,0
14,31,48.581,18666.0,0,0
14,31,48.597,18708.0,0,0
14,31,48.597,18769.0,0,0
14,31,48.613,18808.0,0,0
14,31,48.628,18824.0,0,0
14,31,48.628,18841.0,0,0
14,31,48.644,18841.0,0,0
14,31,48.644,18843.0,0,0
14,31,48.659,18826.0,0,0
14,31,48.659,18821.0,0,0
14,31,48.675,18735.0,0,0
14,31,48.675,18641.0,0,0
14,31,48.691,18577.0,0,0
14,31,48.691,18577.0,0,0
14,31,48.706,18562.0,0,0
14,31,48.706,18570.0,0,0
14,31,48.722,18632.0,0,0
14,31,48.722,18632.0,0,0
14,31,48.737,18685.0,0,0
14,31,49.143,18769.0,0,0
14,31,49.159,18830.0,0,0
14,31,49.159,18830.0,0,0
14,31,49.174,18878.0,0,0
14,31,49.174,18905.0,0,0
14,31,49.19,18890.0,0,0
14,31,49.19,18890.0,0,0
14,31,49.19,18888.0,0,0
14,31,49.19,18876.0,0,0
14,31,49.205,18871.0,0,0
14,31,49.205,18869.0,0,0
14,31,49.205,18864.0,0,0
14,31,49.205,18842.0,0,0
14,31,49.221,18820.0,0,0
14,31,49.221,18820.0,0,0
14,31,49.221,18820.0,0,0
14,31,49.221,18791.0,0,0
14,31,49.221,18758.0,0,0
14,31,49.221,18741.0,0,0
14,31,49.221,18724.0,0,0
14,31,49.221,18716.0,0,0
14,31,49.221,18712.0,0,0
14,31,49.237,18713.0,0,0
14,31,49.237,18715.0,0,0
14,31,49.237,18697.0,0,0
14,31,49.237,18701.0,0,0
14,31,49.237,18696.0,0,0
14,31,49.237,18695.0,0,0
14,31,49.237,18742.0,0,0
14,31,49.237,18788.0,0,0
14,31,49.237,18817.0,0,0
14,31,49.237,18817.0,0,0
14,31,49.252,18856.0,0,0
14,31,49.252,18850.0,0,0
14,31,49.252,18841.0,0,0
14,31,49.252,18841.0,0,0
14,31,49.252,18847.0,0,0
14,31,49.252,18834.0,0,0
14,31,49.252,18841.0,0,0
14,31,49.252,18841.0,0,0
14,31,49.252,18846.0,0,0
14,31,49.268,18830.0,0,0
14,31,49.268,18815.0,0,0
14,31,49.268,18815.0,0,0
14,31,49.268,18805.0,0,0
14,31,49.268,18808.0,0,0
14,31,49.268,18806.0,0,0
14,31,49.268,18803.0,0,0
14,31,49.268,18794.0,0,0
14,31,49.268,18792.0,0,0
14,31,49.268,18796.0,0,0
14,31,49.283,18799.0,0,0
14,31,49.283,18803.0,0,0
14,31,49.283,18793.0,0,0
14,31,49.283,18805.0,0,0
14,31,49.283,18801.0,0,0
14,31,49.283,18798.0,0,0
14,31,49.283,18794.0,0,0
14,31,49.283,18789.0,0,0
14,31,49.299,18798.0,0,0
14,31,49.299,18801.0,0,0
14,31,49.299,18787.0,0,0
14,31,49.299,18752.0,0,0
14,31,49.299,18634.0,0,0
14,31,49.299,18680.0,0,0
14,31,49.299,18530.0,0,0
14,31,49.299,18357.0,0,0
14,31,49.299,18218.0,0,0
14,31,49.315,18218.0,0,0
14,31,49.315,18082.0,0,0
14,31,49.315,17929.0,0,0
14,31,49.315,17810.0,0,0
14,31,49.315,17810.0,0,0
14,31,49.33,17767.0,0,0
14,31,49.33,17795.0,0,0
14,31,49.346,17794.0,0,0
14,31,49.346,17794.0,0,0
14,31,49.361,17795.0,0,0
14,31,49.361,17768.0,0,0
14,31,49.377,17734.0,0,0
14,31,49.377,17670.0,0,0
14,31,49.393,17660.0,0,0
14,31,49.393,17604.0,0,0
14,31,49.408,17537.0,0,0
14,31,49.408,17529.0,0,0
14,31,49.424,17505.0,0,0
14,31,49.424,17479.0,0,0
14,31,49.439,17470.0,0,0
14,31,49.439,17461.0,0,0
14,31,49.455,17452.0,0,0
14,31,49.455,17463.0,0,0
14,31,49.471,17439.0,0,0
14,31,49.471,17443.0,0,0
14,31,49.486,17445.0,0,0
14,31,49.486,17449.0,0,0
14,31,49.502,17592.0,0,0
14,31,49.502,17742.0,0,0
14,31,49.517,17793.0,0,17793.0
14,31,49.517,18096.0,0,0
14,31,49.533,18326.0,0,0
14,31,49.533,18531.0,0,0
14,31,49.549,18531.0,0,0
14,31,49.549,18707.0,0,0
14,31,49.564,18825.0,0,0
14,31,49.58,18957.0,0,0
14,31,49.58,18957.0,0,0
14,31,49.595,19141.0,0,0
14,31,49.595,19263.0,0,0
14,31,49.611,19335.0,0,0
14,31,49.611,19335.0,0,0
14,31,49.627,19397.0,0,0
14,31,49.627,19423.0,0,0
14,31,49.642,19444.0,0,0
14,31,49.642,19444.0,0,0
14,31,49.658,19464.0,0,0
14,31,49.658,19478.0,0,0
14,31,49.673,19502.0,0,0
14,31,49.673,19495.0,0,0
14,31,49.689,19477.0,0,0
14,31,49.689,19409.0,0,0
14,31,49.705,19357.0,0,0
14,31,49.705,19339.0,0,0
14,31,49.72,19322.0,0,0
14,31,49.72,19257.0,0,0
14,31,49.736,19207.0,0,0
14,31,49.736,19184.0,0,0
14,31,49.751,19161.0,0,0
14,31,49.751,19102.0,0,0
14,31,49.767,18985.0,0,0
14,31,49.767,18860.0,0,0
14,31,49.783,18819.0,0,0
14,31,49.783,18625.0,0,0
14,31,49.798,18495.0,0,0
14,31,49.798,18327.0,0,0
14,31,49.814,18327.0,0,0
14,31,49.814,18118.0,0,0
14,31,49.829,17936.0,0,0
14,31,49.829,17751.0,0,0
14,31,49.845,17751.0,0,0
14,31,49.845,17673.0,0,0
14,31,49.861,17625.0,0,0
14,31,49.876,17639.0,0,0
14,31,49.876,17639.0,0,0
14,31,49.892,17712.0,0,0
14,31,49.892,17772.0,0,0
14,31,49.907,17803.0,0,0
14,31,49.907,17803.0,0,0
14,31,49.923,17746.0,0,0
14,31,49.923,17665.0,0,0
14,31,49.939,17582.0,0,0
14,31,49.939,17560.0,0,0
14,31,49.954,17495.0,0,0
14,31,49.954,17494.0,0,0
14,31,49.97,17481.0,0,0
14,31,49.97,17478.0,0,0
14,31,49.985,17471.0,0,0
14,31,49.985,17437.0,0,0
14,31,50.001,17424.0,0,0
14,31,50.001,17414.0,0,0
14,31,50.017,17405.0,0,0
14,31,50.017,17385.0,0,0
14,31,50.032,17365.0,0,0
14,31,50.032,17326.0,0,0
14,31,50.048,17313.0,0,0
14,31,50.048,17279.0,0,0
14,31,50.063,17294.0,0,0
14,31,50.063,17350.0,0,0
14,31,50.079,17369.0,0,0
14,31,50.079,17429.0,0,0
14,31,50.095,17436.0,0,0
14,31,50.095,17389.0,0,0
14,31,50.111,17389.0,0,0
14,31,50.111,17354.0,0,0
14,31,50.127,17359.0,0,0
14,31,50.127,17445.0,0,0
14,31,50.142,17445.0,0,0
14,31,50.142,17546.0,0,0
14,31,50.158,17677.0,0,0
14,31,50.158,17703.0,0,0
14,31,50.174,17703.0,0,0
14,31,50.174,17660.0,0,0
14,31,50.189,17560.0,0,0
14,31,50.189,17453.0,0,0
14,31,50.205,17453.0,0,0
14,31,50.205,17407.0,0,0
14,31,50.22,17441.0,0,0
14,31,50.22,17507.0,0,0
14,31,50.236,17522.0,0,0
14,31,50.236,17569.0,0,0
14,31,50.252,17598.0,0,0
14,31,50.267,17578.0,0,0
14,31,50.267,17581.0,0,0
14,31,50.283,17585.0,0,0
14,31,50.283,17591.0,0,0
14,31,50.298,17641.0,0,0
14,31,50.298,17665.0,0,0
14,31,50.314,17689.0,0,0
14,31,50.314,17722.0,0,0
14,31,50.33,17748.0,0,0
14,31,50.33,17799.0,0,0
14,31,50.345,17817.0,0,0
14,31,50.345,17905.0,0,0
14,31,50.361,17924.0,0,0
14,31,50.361,17873.0,0,0
14,31,50.376,17857.0,0,0
14,31,50.376,17807.0,0,0
14,31,50.392,17760.0,0,0
14,31,50.392,17824.0,0,0
14,31,50.408,17824.0,0,0
14,31,50.408,17868.0,0,0
14,31,50.423,17847.0,0,0
14,31,50.423,17795.0,0,0
14,31,50.439,17795.0,0,0
14,31,50.439,17768.0,0,0
14,31,50.454,17754.0,0,17754.0
14,31,50.454,17725.0,0,0
14,31,50.47,17725.0,0,0
14,31,50.47,17645.0,0,0
14,31,50.486,17553.0,0,0
14,31,50.486,17502.0,0,0
14,31,50.501,17502.0,0,0
14,31,50.501,17487.0,0,0
14,31,50.517,17568.0,0,0
14,31,50.517,17714.0,0,0
14,31,50.532,17744.0,17744.0,0
14,31,50.532,17835.0,17835.0,0
14,31,50.548,17990.0,17990.0,0
14,31,50.548,18101.0,18101.0,0
14,31,50.564,18188.0,18188.0,0
14,31,50.579,18276.0,18276.0,0
14,31,50.579,18417.0,18417.0,0
14,31,50.595,18531.0,18531.0,0
14,31,50.595,18566.0,18566.0,0
14,31,50.61,18602.0,18602.0,0
14,31,50.61,18633.0,18633.0,0
14,31,50.626,18728.0,18728.0,0
14,31,50.626,18818.0,18818.0,0
14,31,50.642,18848.0,18848.0,0
14,31,50.642,18944.0,18944.0,0
14,31,50.657,19005.0,19005.0,0
14,31,50.657,19005.0,19005.0,0
14,31,50.673,19005.0,19005.0,0
14,31,50.673,19032.0,19032.0,0
14,31,50.688,19089.0,19089.0,0
14,31,50.688,19137.0,19137.0,0
14,31,50.704,19137.0,19137.0,0
14,31,50.704,19166.0,19166.0,0
14,31,50.72,19220.0,19220.0,0
14,31,50.72,19261.0,19261.0,0
14,31,50.735,19261.0,19261.0,0
14,31,50.735,19295.0,19295.0,0
14,31,50.751,19293.0,19293.0,0
14,31,50.751,19337.0,19337.0,0
14,31,50.766,19337.0,19337.0,0
14,31,50.766,19332.0,19332.0,0
14,31,50.782,19328.0,19328.0,0
14,31,50.782,19286.0,19286.0,0
14,31,50.798,19262.0,19262.0,0
14,31,50.798,19191.0,19191.0,0
14,31,50.813,18986.0,18986.0,0
14,31,50.813,18737.0,0,0
14,31,50.829,18684.0,0,0
14,31,50.829,18526.0,0,0
14,31,50.844,18362.0,0,0
14,31,50.844,18302.0,0,0
14,31,50.86,18282.0,0,0
14,31,50.86,18263.0,0,0
14,31,50.876,18247.0,0,0
14,31,50.876,18252.0,0,0
14,31,50.891,18273.0,0,0
14,31,50.907,18281.0,0,0
14,31,50.907,18318.0,0,0
14,31,50.922,18363.0,0,0
14,31,50.922,18384.0,0,0
14,31,50.938,18391.0,0,0
14,31,50.938,18407.0,0,0
14,31,50.954,18421.0,0,0
14,31,50.954,18439.0,0,0
14,31,50.969,18439.0,0,0
14,31,50.969,18443.0,0,0
14,31,50.985,18438.0,0,0
14,31,50.985,18446.0,0,0
14,31,51.0,18446.0,0,0
14,31,51.0,18445.0,0,0
14,31,51.016,18455.0,0,0
14,31,51.016,18442.0,0,0
14,31,51.032,18442.0,0,0
14,31,51.032,18446.0,0,0
14,31,51.047,18431.0,0,0
14,31,51.047,18444.0,0,0
14,31,51.063,18444.0,0,0
14,31,51.063,18437.0,0,0
14,31,51.078,18432.0,0,0
14,31,51.078,18426.0,0,0
14,31,51.094,18425.0,0,0
14,31,51.094,18424.0,0,0
14,31,51.11,18429.0,0,0
14,31,51.11,18424.0,0,0
14,31,51.126,18424.0,0,0
14,31,51.126,18424.0,0,0
14,31,51.142,18423.0,0,0
14,31,51.142,18414.0,0,0
14,31,51.157,18414.0,0,0
14,31,51.157,18415.0,0,0
14,31,51.173,18418.0,0,0
14,31,51.173,18411.0,0,0
14,31,51.189,18417.0,0,0
14,31,51.189,18423.0,0,0
14,31,51.204,18426.0,0,0
14,31,51.204,18427.0,0,0
14,31,51.22,18420.0,0,0
14,31,51.22,18418.0,0,0
14,31,51.235,18419.0,0,0
14,31,51.235,18436.0,0,0
14,31,51.251,18441.0,0,0
14,31,51.251,18441.0,0,0
14,31,51.267,18436.0,0,0
14,31,51.282,18437.0,0,0
14,31,51.282,18461.0,0,0
14,31,51.298,18461.0,0,0
14,31,51.298,18451.0,0,0
14,31,51.313,18468.0,0,0
14,31,51.313,18459.0,0,0
14,31,51.329,18459.0,0,0
14,31,51.329,18471.0,0,0
14,31,51.345,18474.0,0,0
14,31,51.345,18474.0,0,0
14,31,51.36,18474.0,0,0
14,31,51.36,18476.0,0,0
14,31,51.376,18434.0,0,0
14,31,51.376,18434.0,0,0
14,31,51.391,18438.0,0,0
14,31,51.391,18453.0,0,0
14,31,51.407,18434.0,0,0
14,31,51.407,18454.0,0,0
14,31,51.423,18449.0,0,0
14,31,51.423,18444.0,0,0
14,31,51.438,18438.0,0,0
14,31,51.438,18454.0,0,0
14,31,51.454,18458.0,0,0
14,31,51.454,18463.0,0,0
14,31,51.469,18452.0,0,0
14,31,51.469,18458.0,0,0
14,31,51.485,18467.0,0,0
14,31,51.485,18471.0,0,0
14,31,51.501,18471.0,0,0
14,31,51.501,18478.0,0,0
14,31,51.516,18488.0,0,0
14,31,51.516,18488.0,0,0
14,31,51.532,18470.0,0,0
14,31,51.532,18497.0,0,0
14,31,51.547,18496.0,0,0
14,31,51.547,18496.0,0,0
14,31,51.563,18500.0,0,0
14,31,51.563,18503.0,0,0
14,31,51.579,18506.0,0,0
14,31,51.579,18506.0,0,0
14,31,51.594,18504.0,0,0
14,31,51.61,18523.0,0,0
14,31,51.61,18522.0,0,0
14,31,51.625,18522.0,0,0
14,31,51.625,18520.0,0,0
14,31,51.641,18517.0,0,0
14,31,51.641,18529.0,0,0
14,31,51.657,18529.0,0,0
14,31,51.657,18531.0,0,0
14,31,51.672,18542.0,0,0
14,31,51.672,18540.0,0,0
14,31,51.688,18544.0,0,0
14,31,51.688,18558.0,0,0
14,31,51.703,18547.0,0,0
14,31,51.703,18538.0,0,0
14,31,51.719,18551.0,0,0
14,31,51.719,18564.0,0,0
14,31,51.735,18536.0,0,0
14,31,51.735,18544.0,0,0
14,31,51.75,18547.0,0,0
14,31,51.75,18548.0,0,0
14,31,51.766,18546.0,0,0
14,31,51.766,18537.0,0,0
14,31,51.781,18522.0,0,0
14,31,51.781,18518.0,0,0
14,31,51.797,18520.0,0,0
14,31,51.797,18515.0,0,0
14,31,51.813,18491.0,0,0
14,31,51.813,18491.0,0,0
14,31,51.828,18518.0,0,0
14,31,51.828,18513.0,0,0
14,31,51.844,18499.0,0,0
14,31,51.844,18499.0,0,0
14,31,51.859,18516.0,0,0
14,31,51.859,18507.0,0,0
14,31,51.875,18505.0,0,0
14,31,51.875,18505.0,0,0
14,31,51.891,18508.0,0,0
14,31,51.891,18499.0,0,0
14,31,51.906,18507.0,0,0
14,31,51.922,18507.0,0,0
14,31,51.922,18498.0,0,0
14,31,51.937,18506.0,0,0
14,31,51.937,18496.0,0,0
14,31,51.953,18499.0,0,0
14,31,51.953,18508.0,0,0
14,31,51.969,18498.0,0,0
14,31,51.969,18500.0,0,0
14,31,51.984,18494.0,0,0
14,31,51.984,18489.0,0,0
14,31,52.0,18503.0,0,0
14,31,52.0,18492.0,0,0
14,31,52.015,18504.0,0,0
14,31,52.015,18517.0,0,0
14,31,52.031,18484.0,0,0
14,31,52.031,18515.0,0,0
14,31,52.047,18505.0,0,0
14,31,52.047,18502.0,0,0
14,31,52.062,18496.0,0,0
14,31,52.062,18493.0,0,0
14,31,52.078,18492.0,0,0
14,31,52.078,18492.0,0,0
14,31,52.093,18482.0,0,0
14,31,52.093,18486.0,0,0
14,31,52.109,18476.0,0,0
14,31,52.109,18476.0,0,0
14,31,52.125,18481.0,0,0
14,31,52.125,18473.0,0,0
14,31,52.141,18472.0,0,0
14,31,52.141,18472.0,0,0
14,31,52.157,18471.0,0,0
14,31,52.157,18461.0,0,0
14,31,52.172,18470.0,0,0
14,31,52.172,18470.0,0,0
14,31,52.188,18471.0,0,0
14,31,52.188,18486.0,0,0
14,31,52.204,18467.0,0,0
14,31,52.204,18467.0,0,0
14,31,52.219,18469.0,0,0
14,31,52.219,18469.0,0,0
14,31,52.235,18472.0,0,0
14,31,52.235,18469.0,0,0
14,31,52.25,18461.0,0,0
14,31,52.266,18472.0,0,0
14,31,52.266,18465.0,0,0
14,31,52.282,18468.0,0,0
14,31,52.282,18471.0,0,0
14,31,52.297,18467.0,0,0
14,31,52.297,18460.0,0,0
14,31,52.313,18396.0,0,0
14,31,52.313,18375.0,0,0
14,31,52.328,18289.0,0,0
14,31,52.328,18218.0,0,0
14,31,52.344,18103.0,0,0
14,31,52.344,18151.0,0,0
14,31,52.36,18069.0,0,0
14,31,52.36,18028.0,0,0
14,31,52.375,18012.0,0,0
14,31,52.375,18012.0,0,0
14,31,52.391,18016.0,0,0
14,31,52.391,18024.0,0,0
14,31,52.406,18022.0,0,0
14,31,52.406,18022.0,0,0
14,31,52.422,18000.0,0,0
14,31,52.422,18013.0,0,0
14,31,52.438,18009.0,0,0
14,31,52.438,18009.0,0,0
14,31,52.453,18009.0,0,0
14,31,52.453,18008.0,0,0
14,31,52.469,18014.0,0,0
14,31,52.469,18014.0,0,0
14,31,52.484,18023.0,0,0
14,31,52.484,18019.0,0,0
14,31,52.5,18021.0,0,0
14,31,52.5,18021.0,0,0
14,31,52.516,18021.0,0,0
14,31,52.516,18015.0,0,0
14,31,52.531,18018.0,0,0
14,31,52.531,18010.0,0,0
14,31,52.547,18003.0,0,0
14,31,52.547,18003.0,0,0
14,31,52.562,18008.0,0,0
14,31,52.578,18005.0,0,0
14,31,52.578,18003.0,0,0
14,31,52.578,17978.0,0,0
14,31,52.594,17925.0,0,0
14,31,52.609,17873.0,0,0
14,31,52.609,17856.0,0,0
14,31,52.625,17785.0,0,0
14,31,52.625,17753.0,0,0
14,31,52.64,17737.0,0,0
14,31,52.64,17737.0,0,0
14,31,52.656,17730.0,0,0
14,31,52.656,17710.0,0,0
14,31,52.672,17723.0,0,0
14,31,52.672,17723.0,0,0
14,31,52.687,17703.0,0,0
14,31,52.687,17707.0,0,0
14,31,52.703,17706.0,0,0
14,31,52.703,17706.0,0,0
14,31,52.718,17697.0,0,0
14,31,52.718,17691.0,0,0
14,31,52.734,17696.0,0,0
14,31,52.734,17696.0,0,0
14,31,52.75,17688.0,0,0
14,31,52.75,17680.0,0,0
14,31,52.765,17688.0,0,0
14,31,52.765,17688.0,0,0
14,31,52.781,17705.0,0,0
14,31,52.781,17702.0,0,0
14,31,52.796,17713.0,0,0
14,31,52.796,17710.0,0,0
14,31,52.812,17704.0,0,0
14,31,52.812,17697.0,0,0
14,31,52.828,17704.0,0,0
14,31,52.828,17705.0,0,0
14,31,52.843,17707.0,0,0
14,31,52.843,17709.0,0,0
14,31,52.859,17712.0,0,0
14,31,52.859,17715.0,0,0
14,31,52.874,17718.0,0,0
14,31,52.874,17712.0,0,0
14,31,52.89,17706.0,0,0
14,31,52.89,17721.0,0,0
14,31,52.906,17727.0,0,0
14,31,52.906,17711.0,0,0
14,31,52.921,17724.0,0,0
14,31,52.937,17742.0,0,0
14,31,52.937,17742.0,0,0
14,31,52.952,17724.0,0,0
14,31,52.952,17731.0,0,0
14,31,52.968,17728.0,0,0
14,31,52.968,17728.0,0,0
14,31,52.984,17726.0,0,0
14,31,52.984,17687.0,0,0
14,31,52.999,17642.0,0,0
14,31,52.999,17642.0,0,0
14,31,53.015,17640.0,0,0
14,31,53.015,17641.0,0,0
14,31,53.03,17648.0,0,0
14,31,53.03,17648.0,0,0
14,31,53.046,17661.0,0,0
14,31,53.046,17665.0,0,0
14,31,53.062,17667.0,0,0
14,31,53.062,17667.0,0,0
14,31,53.077,17676.0,0,0
14,31,53.077,17684.0,0,0
14,31,53.093,17691.0,0,0
14,31,53.093,17694.0,0,0
14,31,53.108,17703.0,0,0
14,31,53.108,17696.0,0,0
14,31,53.124,17709.0,0,0
14,31,53.124,17714.0,0,0
14,31,53.14,17719.0,0,0
14,31,53.14,17726.0,0,0
14,31,53.156,17721.0,0,0
14,31,53.156,17725.0,0,0
14,31,53.172,17730.0,0,0
14,31,53.172,17741.0,0,0
14,31,53.187,17744.0,0,0
14,31,53.187,17749.0,0,0
14,31,53.203,17751.0,0,0
14,31,53.203,17742.0,0,0
14,31,53.219,17742.0,0,0
14,31,53.219,17751.0,0,0
14,31,53.234,17751.0,0,0
14,31,53.234,17750.0,0,0
14,31,53.25,17769.0,0,0
14,31,53.25,17766.0,0,0
14,31,53.265,17766.0,0,0
14,31,53.281,17766.0,0,0
14,31,53.281,17768.0,0,0
14,31,53.297,17767.0,0,0
14,31,53.297,17767.0,0,0
14,31,53.312,17780.0,0,0
14,31,53.312,17784.0,0,0
14,31,53.328,17786.0,0,0
14,31,53.328,17786.0,0,0
14,31,53.343,17783.0,0,0
14,31,53.343,17783.0,0,0
14,31,53.359,17797.0,0,0
14,31,53.359,17795.0,0,0
14,31,53.375,17790.0,0,0
14,31,53.375,17786.0,0,0
14,31,53.39,17795.0,0,0
14,31,53.39,17792.0,0,0
14,31,53.406,17790.0,0,0
14,31,53.406,17800.0,0,0
14,31,53.421,17789.0,0,0
14,31,53.421,17790.0,0,0
14,31,53.437,17791.0,0,0
14,31,53.437,17789.0,0,0
14,31,53.453,17790.0,0,0
14,31,53.453,17786.0,0,0
14,31,53.468,17785.0,0,0
14,31,53.468,17790.0,0,0
14,31,53.484,17785.0,0,0
14,31,53.484,17788.0,0,0
14,31,53.499,17789.0,0,0
14,31,53.499,17793.0,0,0
14,31,53.515,17778.0,0,0
14,31,53.515,17785.0,0,0
14,31,53.531,17785.0,0,0
14,31,53.531,17783.0,0,0
14,31,53.546,17775.0,0,0
14,31,53.546,17762.0,0,0
14,31,53.562,17762.0,0,0
14,31,53.577,17766.0,0,0
14,31,53.577,17772.0,0,0
14,31,53.593,17768.0,0,0
14,31,53.593,17768.0,0,0
14,31,53.609,17764.0,0,0
14,31,53.609,17764.0,0,0
14,31,53.624,17772.0,0,0
14,31,53.624,17772.0,0,0
14,31,53.64,17750.0,0,0
14,31,53.64,17751.0,0,0
14,31,53.655,17772.0,0,0
14,31,53.655,17767.0,0,0
14,31,53.671,17755.0,0,0
14,31,53.671,17752.0,0,0
14,31,53.687,17756.0,0,0
14,31,53.687,17755.0,0,0
14,31,53.702,17754.0,0,0
14,31,53.702,17748.0,0,0
14,31,53.718,17766.0,0,0
14,31,53.718,17766.0,0,0
14,31,53.733,17767.0,0,0
14,31,53.733,17762.0,0,0
14,31,53.749,17754.0,0,0
14,31,53.749,17760.0,0,0
14,31,53.765,17766.0,0,0
14,31,53.765,17771.0,0,0
14,31,53.78,17757.0,0,0
14,31,53.78,17765.0,0,0
14,31,53.796,17768.0,0,0
14,31,53.796,17759.0,0,0
14,31,53.811,17774.0,0,0
14,31,53.811,17761.0,0,0
14,31,53.827,17761.0,0,0
14,31,53.827,17746.0,0,0
14,31,53.843,17687.0,0,0
14,31,53.843,17598.0,0,0
14,31,53.858,17598.0,0,0
14,31,53.858,17517.0,0,0
14,31,53.874,17498.0,0,0
14,31,53.889,17512.0,0,0
14,31,53.889,17512.0,0,0
14,31,53.889,17496.0,0,0
14,31,53.905,17484.0,0,0
14,31,53.921,17469.0,0,0
14,31,53.921,17469.0,0,0
14,31,53.936,17455.0,0,0
14,31,53.936,17448.0,0,0
14,31,53.952,17480.0,0,0
14,31,53.952,17480.0,0,0
14,31,53.967,17498.0,0,0
14,31,53.967,17529.0,0,0
14,31,53.983,17556.0,0,0
14,31,53.983,17561.0,0,0
14,31,53.999,17578.0,0,0
14,31,53.999,17602.0,0,0
14,31,54.014,17629.0,0,0
14,31,54.014,17635.0,0,0
14,31,54.03,17653.0,0,0
14,31,54.03,17661.0,0,0
14,31,54.045,17673.0,0,0
14,31,54.045,17684.0,0,0
14,31,54.061,17695.0,0,0
14,31,54.061,17707.0,0,0
14,31,54.077,17711.0,0,0
14,31,54.077,17723.0,0,0
14,31,54.092,17727.0,0,0
14,31,54.092,17734.0,0,0
14,31,54.108,17734.0,0,0
14,31,54.108,17739.0,0,0
14,31,54.123,17741.0,0,0
14,31,54.123,17749.0,0,0
14,31,54.139,17747.0,0,0
14,31,54.139,17758.0,0,0
14,31,54.155,17758.0,0,0
14,31,54.155,17750.0,0,0
14,31,54.171,17749.0,0,0
14,31,54.171,17746.0,0,0
14,31,54.187,17746.0,0,0
14,31,54.187,17755.0,0,0
14,31,54.202,17746.0,0,0
14,31,54.202,17737.0,0,0
14,31,54.218,17737.0,0,0
14,31,54.218,17740.0,0,0
14,31,54.249,17748.0,0,0
14,31,54.249,17735.0,0,0
14,31,54.249,17735.0,0,0
14,31,54.265,17735.0,0,0
14,31,54.265,17737.0,0,0
14,31,54.28,17749.0,0,0
14,31,54.28,17746.0,0,0
14,31,54.296,17740.0,0,0
14,31,54.296,17747.0,0,0
14,31,54.312,17735.0,0,0
14,31,54.312,17735.0,0,0
14,31,54.327,17737.0,0,0
14,31,54.327,17740.0,0,0
14,31,54.343,17736.0,0,0
14,31,54.343,17740.0,0,0
14,31,54.358,17745.0,0,0
14,31,54.358,17741.0,0,0
14,31,54.374,17740.0,0,0
14,31,54.374,17738.0,0,0
14,31,54.39,17737.0,0,0
14,31,54.39,17739.0,0,0
14,31,54.405,17739.0,0,0
14,31,54.405,17729.0,0,0
14,31,54.421,17726.0,0,0
14,31,54.421,17739.0,0,0
14,31,54.436,17735.0,0,0
14,31,54.436,17747.0,0,0
14,31,54.452,17751.0,0,0
14,31,54.452,17732.0,0,0
14,31,54.468,17730.0,0,0
14,31,54.468,17740.0,0,0
14,31,54.483,17740.0,0,0
14,31,54.483,17748.0,0,0
14,31,54.499,17743.0,0,0
14,31,54.499,17750.0,0,0
14,31,54.514,17750.0,0,0
14,31,54.514,17740.0,0,0
14,31,54.53,17750.0,0,0
14,31,54.53,17749.0,0,0
14,31,54.546,17749.0,0,0
14,31,54.546,17744.0,0,0
14,31,54.561,17754.0,0,0
14,31,54.561,17745.0,0,0
14,31,54.577,17745.0,0,0
14,31,54.577,17753.0,0,0
14,31,54.592,17754.0,0,0
14,31,54.592,17739.0,0,0
14,31,54.608,17739.0,0,0
14,31,54.608,17742.0,0,0
14,31,54.624,17744.0,0,0
14,31,54.624,17739.0,0,0
14,31,54.639,17738.0,0,0
14,31,54.639,17737.0,0,0
14,31,54.655,17740.0,0,0
14,31,54.67,17730.0,0,0
14,31,54.67,17720.0,0,0
14,31,54.686,17710.0,0,0
14,31,54.686,17705.0,0,0
14,31,54.702,17704.0,0,0
14,31,54.702,17707.0,0,0
14,31,54.717,17711.0,0,0
14,31,54.717,17716.0,0,0
14,31,54.733,17711.0,0,0
14,31,54.733,17705.0,0,0
14,31,54.748,17704.0,0,0
14,31,54.748,17714.0,0,0
14,31,54.764,17721.0,0,0
14,31,54.764,17718.0,0,0
14,31,54.78,17718.0,0,0
14,31,54.78,17709.0,0,0
14,31,54.795,17714.0,0,0
14,31,54.795,17710.0,0,0
14,31,54.811,17710.0,0,0
14,31,54.811,17714.0,0,0
14,31,54.826,17716.0,0,0
14,31,54.826,17713.0,0,0
14,31,54.842,17713.0,0,0
14,31,54.842,17720.0,0,0
14,31,54.858,17722.0,0,0
14,31,54.858,17720.0,0,0
14,31,54.873,17720.0,0,0
14,31,54.873,17720.0,0,0
14,31,54.889,17713.0,0,0
14,31,54.889,17719.0,0,0
14,31,54.904,17719.0,0,0
14,31,54.904,17728.0,0,0
14,31,54.92,17716.0,0,0
14,31,54.92,17724.0,0,0
14,31,54.936,17724.0,0,0
14,31,54.936,17725.0,0,0
14,31,54.951,17720.0,0,0
14,31,54.951,17718.0,0,0
14,31,54.967,17717.0,0,0
14,31,54.982,17716.0,0,0
14,31,54.982,17722.0,0,0
14,31,54.998,17721.0,0,0
14,31,54.998,17718.0,0,0
14,31,55.014,17716.0,0,0
14,31,55.014,17727.0,0,0
14,31,55.029,17715.0,0,0
14,31,55.029,17718.0,0,0
14,31,55.045,17720.0,0,0
14,31,55.045,17708.0,0,0
14,31,55.06,17716.0,0,0
14,31,55.06,17718.0,0,0
14,31,55.076,17719.0,0,0
14,31,55.076,17712.0,0,0
14,31,55.092,17703.0,0,0
14,31,55.092,17708.0,0,0
14,31,55.107,17708.0,0,0
14,31,55.107,17719.0,0,0
14,31,55.123,17706.0,0,0
14,31,55.123,17717.0,0,0
14,31,55.138,17717.0,0,0
14,31,55.138,17712.0,0,0
14,31,55.154,17717.0,0,0
14,31,55.154,17710.0,0,0
14,31,55.17,17710.0,0,0
14,31,55.17,17717.0,0,0
14,31,55.187,17713.0,0,0
14,31,55.187,17713.0,0,0
14,31,55.203,17713.0,0,0
14,31,55.203,17709.0,0,0
14,31,55.218,17727.0,0,0
14,31,55.218,17710.0,0,0
14,31,55.234,17710.0,0,0
14,31,55.234,17713.0,0,0
14,31,55.25,17715.0,0,0
14,31,55.25,17716.0,0,0
14,31,55.265,17714.0,0,0
14,31,55.265,17711.0,0,0
14,31,55.281,17702.0,0,0
14,31,55.281,17710.0,0,0
14,31,55.296,17705.0,0,0
14,31,55.296,17700.0,0,0
14,31,55.312,17703.0,0,0
14,31,55.312,17695.0,0,0
14,31,55.328,17700.0,0,0
14,31,55.328,17706.0,0,0
14,31,55.343,17707.0,0,0
14,31,55.343,17702.0,0,0
14,31,55.359,17699.0,0,0
14,31,55.359,17699.0,0,0
14,31,55.374,17693.0,0,0
14,31,55.374,17700.0,0,0
14,31,55.39,17706.0,0,0
14,31,55.406,17706.0,0,0
14,31,55.406,17694.0,0,0
14,31,55.421,17693.0,0,0
14,31,55.421,17698.0,0,0
14,31,55.437,17698.0,0,0
14,31,55.437,17693.0,0,0
14,31,55.452,17700.0,0,0
14,31,55.452,17694.0,0,0
14,31,55.468,17694.0,0,0
14,31,55.468,17697.0,0,0
14,31,55.484,17690.0,0,0
14,31,55.484,17696.0,0,0
14,31,55.499,17696.0,0,0
14,31,55.499,17686.0,0,0
14,31,55.515,17692.0,0,0
14,31,55.515,17691.0,0,0
14,31,55.53,17691.0,0,0
14,31,55.53,17699.0,0,0
14,31,55.546,17693.0,0,0
14,31,55.546,17679.0,0,0
14,31,55.562,17681.0,0,0
14,31,55.562,17688.0,0,0
14,31,55.579,17692.0,0,0
14,31,55.579,17687.0,0,0
14,31,55.595,17689.0,0,0
14,31,55.595,17696.0,0,0
14,31,55.61,17697.0,0,0
14,31,55.61,17699.0,0,0
14,31,55.626,17691.0,0,0
14,31,55.626,17684.0,0,0
14,31,55.642,17675.0,0,0
14,31,55.642,17688.0,0,0
14,31,55.657,17684.0,0,0
14,31,55.657,17681.0,0,0
14,31,55.673,17684.0,0,0
14,31,55.673,17699.0,0,0
14,31,55.688,17697.0,0,0
14,31,55.688,17697.0,0,0
14,31,55.704,17697.0,0,0
14,31,55.704,17694.0,0,0
14,31,55.72,17695.0,0,0
14,31,55.72,17695.0,0,0
14,31,55.735,17700.0,0,0
14,31,55.735,17702.0,0,0
14,31,55.751,17701.0,0,0
14,31,55.751,17701.0,0,0
14,31,55.766,17700.0,0,0
14,31,55.766,17699.0,0,0
14,31,55.782,17700.0,0,0
14,31,55.782,17700.0,0,0
14,31,55.798,17705.0,0,0
14,31,55.798,17693.0,0,0
14,31,55.813,17690.0,0,0
14,31,55.829,17690.0,0,0
14,31,55.829,17682.0,0,0
14,31,55.844,17672.0,0,0
14,31,55.844,17683.0,0,0
14,31,55.86,17683.0,0,0
14,31,55.86,17679.0,0,0
14,31,55.876,17670.0,0,0
14,31,55.876,17669.0,0,0
14,31,55.891,17667.0,0,0
14,31,55.891,17662.0,0,0
14,31,55.907,17676.0,0,0
14,31,55.907,17670.0,0,0
14,31,55.922,17673.0,0,0
14,31,55.922,17683.0,0,0
14,31,55.938,17667.0,0,0
14,31,55.938,17666.0,0,0
14,31,55.954,17664.0,0,0
14,31,55.954,17663.0,0,0
14,31,55.969,17659.0,0,0
14,31,55.969,17656.0,0,0
14,31,55.985,17655.0,0,0
14,31,55.985,17655.0,0,0
14,31,56.0,17663.0,0,0
14,31,56.0,17663.0,0,0
14,31,56.016,17663.0,0,0
14,31,56.016,17664.0,0,0
14,31,56.032,17656.0,0,0
14,31,56.032,17668.0,0,0
14,31,56.047,17673.0,0,0
14,31,56.047,17673.0,0,0
14,31,56.063,17667.0,0,0
14,31,56.063,17667.0,0,0
14,31,56.078,17666.0,0,0
14,31,56.078,17666.0,0,0
14,31,56.094,17672.0,0,0
14,31,56.094,17666.0,0,0
14,31,56.11,17658.0,0,0
14,31,56.11,17658.0,0,0
14,31,56.125,17656.0,0,0
14,31,56.125,17621.0,0,0
14,31,56.141,17571.0,0,0
14,31,56.141,17571.0,0,0
14,31,56.156,17511.0,0,0
14,31,56.156,17451.0,0,0
14,31,56.172,17426.0,0,0
14,31,56.172,17426.0,0,0
14,31,56.188,17578.0,0,0
14,31,56.188,17754.0,0,0
14,31,56.204,17891.0,0,0
14,31,56.204,17918.0,0,0
14,31,56.22,17999.0,0,0
14,31,56.22,18099.0,0,0
14,31,56.235,18139.0,0,0
14,31,56.251,18139.0,0,0
14,31,56.251,18140.0,0,0
14,31,56.267,18183.0,0,0
14,31,56.267,18216.0,0,0
14,31,56.282,18212.0,0,0
14,31,56.282,18209.0,0,0
14,31,56.298,18220.0,0,0
14,31,56.298,18226.0,0,0
14,31,56.313,18209.0,0,0
14,31,56.313,18204.0,0,0
14,31,56.329,18187.0,0,0
14,31,56.329,18180.0,0,0
14,31,56.345,18164.0,0,0
14,31,56.345,18159.0,0,0
14,31,56.36,18126.0,0,18126.0
14,31,56.36,18089.0,0,0
14,31,56.376,18076.0,0,0
14,31,56.376,18076.0,0,0
14,31,56.391,18033.0,0,0
14,31,56.407,18018.0,0,0
14,31,56.407,18015.0,0,0
14,31,56.407,18015.0,0,0
14,31,56.423,17990.0,0,0
14,31,56.423,17996.0,0,0
14,31,56.438,17976.0,0,0
14,31,56.438,17976.0,0,0
14,31,56.454,17941.0,0,0
14,31,56.454,17943.0,0,0
14,31,56.469,17969.0,0,0
14,31,56.469,17969.0,0,0
14,31,56.485,17948.0,17948.0,0
14,31,56.485,17820.0,17820.0,0
14,31,56.501,17613.0,17613.0,0
14,31,56.501,17562.0,17562.0,0
14,31,56.516,17412.0,17412.0,0
14,31,56.516,17322.0,17322.0,0
14,31,56.532,17382.0,17382.0,0
14,31,56.547,17474.0,17474.0,0
14,31,56.547,17566.0,17566.0,0
14,31,56.563,17884.0,17884.0,0
14,31,56.563,18024.0,0,0
14,31,56.579,18014.0,0,0
14,31,56.641,18005.0,0,0
14,31,56.658,17909.0,0,0
14,31,56.658,17836.0,0,0
14,31,56.673,17848.0,0,0
14,31,56.673,17852.0,0,0
14,31,56.689,17861.0,0,0
14,31,56.689,17845.0,0,0
14,31,56.689,17798.0,0,0
14,31,56.689,17798.0,0,0
14,31,56.689,17722.0,0,0
14,31,56.689,17641.0,0,0
14,31,56.689,17521.0,0,0
14,31,56.704,17521.0,0,0
14,31,56.704,17401.0,0,0
14,31,56.704,17272.0,0,0
14,31,56.704,17175.0,0,0
14,31,56.704,17175.0,0,0
14,31,56.72,17132.0,0,0
14,31,56.72,17111.0,0,0
14,31,56.736,17087.0,0,0
14,31,56.736,17087.0,0,0
14,31,56.751,17096.0,0,0
14,31,56.751,17094.0,0,0
14,31,56.767,17124.0,0,0
14,31,56.767,17123.0,0,0
14,31,56.782,17120.0,0,0
14,31,56.782,17180.0,0,0
14,31,56.798,17187.0,0,0
14,31,56.798,17202.0,0,0
14,31,56.814,17218.0,0,0
14,31,56.814,17206.0,0,0
14,31,56.829,17242.0,0,0
14,31,56.829,17252.0,0,0
14,31,56.845,17263.0,0,0
14,31,56.845,17288.0,0,0
14,31,56.86,17303.0,0,0
14,31,56.86,17294.0,0,0
14,31,56.876,17291.0,0,0
14,31,56.892,17296.0,0,0
14,31,56.892,17238.0,0,0
14,31,56.907,17169.0,0,0
14,31,56.907,17169.0,0,0
14,31,56.923,17112.0,0,0
14,31,56.923,17143.0,0,0
14,31,56.938,17207.0,0,0
14,31,56.938,17207.0,0,0
14,31,56.954,17288.0,0,0
14,31,56.954,17357.0,0,0
14,31,56.97,17324.0,0,0
14,31,56.97,17324.0,0,0
14,31,56.985,17292.0,0,0
14,31,56.985,17223.0,0,0
14,31,57.001,17170.0,0,0
14,31,57.001,17170.0,0,0
14,31,57.016,17104.0,0,0
14,31,57.016,17074.0,0,0
14,31,57.032,17033.0,0,0
14,31,57.032,17026.0,0,0
14,31,57.048,17006.0,0,0
14,31,57.048,17016.0,0,0
14,31,57.063,17030.0,0,0
14,31,57.063,17040.0,0,0
14,31,57.079,17051.0,0,0
14,31,57.079,17072.0,0,0
14,31,57.094,17087.0,0,0
14,31,57.094,17100.0,0,0
14,31,57.11,17113.0,0,0
14,31,57.11,17131.0,0,0
14,31,57.126,17158.0,0,0
14,31,57.126,17173.0,0,0
14,31,57.141,17178.0,0,0
14,31,57.141,17184.0,0,0
14,31,57.157,17163.0,0,0
14,31,57.157,17081.0,0,0
14,31,57.172,17139.0,0,0
14,31,57.172,17218.0,0,0
14,31,57.188,17415.0,0,0
14,31,57.204,17599.0,0,0
14,31,57.204,17599.0,0,0
14,31,57.219,17775.0,0,0
14,31,57.22,17908.0,0,17908.0
14,31,57.22,18010.0,0,0
14,31,57.236,18010.0,0,0
14,31,57.236,18083.0,0,0
14,31,57.251,18128.0,0,0
14,31,57.267,18179.0,0,0
14,31,57.267,18179.0,0,0
14,31,57.283,18189.0,0,0
14,31,57.283,18232.0,0,0
14,31,57.298,18240.0,0,0
14,31,57.298,18236.0,0,0
14,31,57.314,18226.0,0,0
14,31,57.314,18235.0,0,0
14,31,57.329,18231.0,0,0
14,31,57.329,18222.0,0,0
14,31,57.345,18197.0,0,0
14,31,57.345,18082.0,0,0
14,31,57.361,17927.0,0,0
14,31,57.361,17843.0,0,0
14,31,57.376,17760.0,0,0
14,31,57.376,17588.0,0,0
14,31,57.392,17457.0,0,0
14,31,57.392,17373.0,0,0
14,31,57.407,17346.0,0,0
14,31,57.407,17301.0,0,0
14,31,57.423,17263.0,0,0
14,31,57.423,17255.0,0,0
14,31,57.439,17253.0,0,0
14,31,57.439,17266.0,0,0
14,31,57.454,17287.0,0,0
14,31,57.454,17295.0,0,0
14,31,57.471,17295.0,0,0
14,31,57.471,17290.0,0,0
14,31,57.486,17286.0,0,0
14,31,57.486,17311.0,0,0
14,31,57.502,17311.0,0,0
14,31,57.502,17341.0,0,0
14,31,57.518,17361.0,0,0
14,31,57.518,17386.0,0,0
14,31,57.533,17386.0,0,0
14,31,57.533,17404.0,0,0
14,31,57.549,17405.0,0,0
14,31,57.549,17428.0,0,0
14,31,57.564,17428.0,0,0
14,31,57.564,17435.0,0,0
14,31,57.58,17449.0,0,0
14,31,57.58,17446.0,0,0
14,31,57.596,17446.0,0,0
14,31,57.596,17465.0,0,0
14,31,57.611,17455.0,0,0
14,31,57.611,17454.0,0,0
14,31,57.627,17457.0,0,0
14,31,57.642,17467.0,0,0
14,31,57.642,17446.0,0,0
14,31,57.658,17439.0,0,0
14,31,57.658,17438.0,0,0
14,31,57.674,17437.0,0,0
14,31,57.674,17437.0,0,0
14,31,57.689,17403.0,0,0
14,31,57.689,17376.0,0,0
14,31,57.705,17350.0,0,0
14,31,57.705,17271.0,0,0
14,31,57.72,17274.0,0,0
14,31,57.72,17335.0,0,0
14,31,57.736,17356.0,0,0
14,31,57.736,17491.0,0,0
14,31,57.752,17552.0,0,0
14,31,57.752,17544.0,0,0
14,31,57.767,17544.0,0,0
14,31,57.767,17532.0,0,0
14,31,57.783,17484.0,0,0
14,31,57.783,17444.0,0,0
14,31,57.798,17444.0,0,0
14,31,57.798,17401.0,0,0
14,31,57.814,17358.0,0,0
14,31,57.814,17346.0,0,0
14,31,57.83,17346.0,0,0
14,31,57.83,17314.0,0,0
14,31,57.845,17325.0,0,0
14,31,57.845,17332.0,0,0
14,31,57.861,17332.0,0,0
14,31,57.861,17344.0,0,0
14,31,57.876,17346.0,0,0
14,31,57.876,17355.0,0,0
14,31,57.892,17356.0,0,0
14,31,57.892,17361.0,0,0
14,31,57.908,17347.0,0,0
14,31,57.908,17357.0,0,0
14,31,57.923,17349.0,0,0
14,31,57.923,17328.0,0,0
14,31,57.939,17292.0,0,0
14,31,57.954,17263.0,0,17263.0
14,31,57.954,17308.0,0,0
14,31,57.97,17353.0,17353.0,0
14,31,57.97,17610.0,17610.0,0
14,31,57.986,17852.0,17852.0,0
14,31,57.986,17973.0,17973.0,0
14,31,58.001,18014.0,18014.0,0
14,31,58.001,18095.0,18095.0,0
14,31,58.017,18147.0,18147.0,0
14,31,58.017,18140.0,18140.0,0
14,31,58.032,18140.0,18140.0,0
14,31,58.032,18147.0,18147.0,0
14,31,58.048,18133.0,18133.0,0
14,31,58.048,18072.0,18072.0,0
14,31,58.064,18072.0,18072.0,0
14,31,58.064,18042.0,18042.0,0
14,31,58.079,17954.0,17954.0,0
14,31,58.079,17851.0,17851.0,0
14,31,58.095,17851.0,17851.0,0
14,31,58.095,17722.0,17722.0,0
14,31,58.11,17641.0,17641.0,0
14,31,58.11,17619.0,17619.0,0
14,31,58.126,17619.0,17619.0,0
14,31,58.126,17665.0,0,0
14,31,58.142,17706.0,0,0
14,31,58.142,17750.0,0,0
14,31,58.157,17756.0,0,0
14,31,58.157,17774.0,0,0
14,31,58.173,17679.0,0,0
14,31,58.173,17573.0,0,0
14,31,58.188,17533.0,0,0
14,31,58.188,17493.0,0,0
14,31,58.204,17434.0,0,0
14,31,58.204,17366.0,0,0
14,31,58.22,17327.0,0,0
14,31,58.22,17289.0,0,0
14,31,58.235,17220.0,0,0
14,31,58.235,17244.0,0,0
14,31,58.251,17251.0,0,0
14,31,58.251,17254.0,0,0
14,31,58.266,17252.0,0,0
14,31,58.282,17279.0,0,0
14,31,58.282,17282.0,0,0
14,31,58.298,17282.0,0,0
14,31,58.298,17313.0,0,0
14,31,58.313,17309.0,0,0
14,31,58.313,17318.0,0,0
14,31,58.329,17318.0,0,0
14,31,58.329,17318.0,0,0
14,31,58.344,17345.0,0,0
14,31,58.344,17347.0,0,0
14,31,58.36,17347.0,0,0
14,31,58.36,17354.0,0,0
14,31,58.376,17331.0,0,0
14,31,58.376,17350.0,0,0
14,31,58.392,17350.0,0,0
14,31,58.392,17347.0,0,0
14,31,58.408,17358.0,0,0
14,31,58.408,17346.0,0,0
14,31,58.423,17346.0,0,0
14,31,58.423,17332.0,0,0
14,31,58.439,17297.0,0,0
14,31,58.439,17260.0,0,0
14,31,58.455,17258.0,0,0
14,31,58.455,17252.0,0,0
14,31,58.472,17312.0,0,0
14,31,58.472,17387.0,0,0
14,31,58.488,17414.0,0,0
14,31,58.488,17442.0,0,0
14,31,58.503,17439.0,0,0
14,31,58.503,17478.0,0,0
14,31,58.519,17492.0,0,0
14,31,58.519,17497.0,0,0
14,31,58.535,17530.0,0,0
14,31,58.535,17563.0,0,0
14,31,58.55,17620.0,0,17620.0
14,31,58.55,17640.0,0,0
14,31,58.566,17715.0,0,0
14,31,58.566,17769.0,0,0
14,31,58.581,17855.0,0,0
14,31,58.581,17855.0,0,0
14,31,58.597,17929.0,0,0
14,31,58.597,17994.0,0,0
14,31,58.613,18100.0,0,0
14,31,58.613,18100.0,0,0
14,31,58.628,18167.0,0,0
14,31,58.628,18219.0,0,0
14,31,58.644,18229.0,0,0
14,31,58.644,18229.0,0,0
14,31,58.659,18246.0,0,0
14,31,58.659,18254.0,0,0
14,31,58.676,18252.0,0,0
14,31,58.676,18252.0,0,0
14,31,58.692,18247.0,0,0
14,31,58.692,18216.0,0,0
14,31,58.707,18149.0,0,0
14,31,58.707,18120.0,0,0
14,31,58.723,18034.0,0,0
14,31,58.723,17878.0,0,0
14,31,58.738,17700.0,0,0
14,31,58.754,17631.0,0,0
14,31,58.754,17562.0,0,0
14,31,58.77,17439.0,0,0
14,31,58.77,17361.0,0,0
14,31,58.785,17326.0,0,0
14,31,58.785,17315.0,0,0
14,31,58.801,17273.0,0,0
14,31,58.801,17245.0,0,0
14,31,58.816,17225.0,0,0
14,31,58.816,17219.0,0,0
14,31,58.832,17211.0,0,0
14,31,58.832,17179.0,0,0
14,31,58.848,17176.0,0,0
14,31,58.848,17176.0,0,0
14,31,58.863,17157.0,0,0
14,31,58.863,17151.0,0,0
14,31,58.879,17128.0,0,0
14,31,58.879,17128.0,0,0
14,31,58.894,17124.0,0,0
14,31,58.894,17151.0,0,0
14,31,58.91,17161.0,0,0
14,31,58.91,17161.0,0,0
14,31,58.926,17179.0,0,0
14,31,58.926,17201.0,0,0
14,31,58.941,17217.0,0,0
14,31,58.941,17217.0,0,0
14,31,58.957,17223.0,0,0
14,31,58.957,17223.0,0,0
14,31,58.972,17242.0,0,0
14,31,58.972,17238.0,0,0
14,31,58.988,17229.0,0,0
14,31,58.988,17262.0,0,0
14,31,59.004,17256.0,0,0
14,31,59.004,17257.0,0,0
14,31,59.019,17259.0,0,0
14,31,59.019,17271.0,0,0
14,31,59.035,17267.0,0,0
14,31,59.035,17271.0,0,0
14,31,59.05,17275.0,0,0
14,31,59.066,17273.0,0,0
14,31,59.066,17282.0,0,0
14,31,59.082,17271.0,0,0
14,31,59.082,17268.0,0,0
14,31,59.097,17269.0,0,0
14,31,59.097,17230.0,0,0
14,31,59.113,17230.0,0,0
14,31,59.113,17230.0,0,0
14,31,59.128,17230.0,0,0
14,31,59.128,17211.0,0,0
14,31,59.144,17239.0,0,0
14,31,59.144,17239.0,0,0
14,31,59.16,17264.0,0,0
14,31,59.16,17276.0,0,0
14,31,59.175,17293.0,0,0
14,31,59.175,17293.0,0,0
14,31,59.191,17303.0,0,0
14,31,59.191,17301.0,0,0
14,31,59.206,17260.0,0,17260.0
14,31,59.206,17260.0,0,0
14,31,59.222,17262.0,0,0
14,31,59.222,17381.0,0,0
14,31,59.238,17529.0,0,0
14,31,59.238,17529.0,0,0
14,31,59.254,17652.0,0,0
14,31,59.254,17777.0,0,0
14,31,59.27,17857.0,0,0
14,31,59.27,17869.0,0,0
14,31,59.285,17907.0,0,0
14,31,59.285,17938.0,0,0
14,31,59.301,17971.0,0,0
14,31,59.301,17984.0,0,0
14,31,59.317,17998.0,0,0
14,31,59.317,18000.0,0,0
14,31,59.332,18038.0,0,0
14,31,59.332,18038.0,0,0
14,31,59.348,18039.0,0,0
14,31,59.348,18044.0,0,0
14,31,59.363,18049.0,0,0
14,31,59.363,18053.0,0,0
14,31,59.379,18055.0,0,0
14,31,59.379,18052.0,0,0
14,31,59.395,18054.0,0,0
14,31,59.41,18049.0,0,0
14,31,59.41,18049.0,0,0
14,31,59.426,18005.0,0,0
14,31,59.426,17939.0,0,0
14,31,59.441,17841.0,0,0
14,31,59.441,17841.0,0,0
14,31,59.457,17742.0,0,0
14,31,59.457,17658.0,0,0
14,31,59.473,17539.0,0,0
14,31,59.473,17539.0,0,0
14,31,59.488,17462.0,0,0
14,31,59.488,17424.0,0,0
14,31,59.504,17401.0,0,0
14,31,59.504,17395.0,0,0
14,31,59.519,17379.0,0,0
14,31,59.519,17335.0,0,0
14,31,59.535,17287.0,0,0
14,31,59.535,17265.0,0,0
14,31,59.551,17201.0,0,0
14,31,59.551,17100.0,0,0
14,31,59.566,16966.0,0,0
14,31,59.566,16906.0,0,0
14,31,59.582,16846.0,0,0
14,31,59.582,16798.0,0,0
14,31,59.597,16843.0,0,0
14,31,59.597,16957.0,0,0
14,31,59.613,16996.0,0,0
14,31,59.613,17214.0,0,0
14,31,59.629,17335.0,0,0
14,31,59.629,17314.0,0,0
14,31,59.644,17308.0,0,0
14,31,59.644,17242.0,0,0
14,31,59.66,17207.0,0,0
14,31,59.66,17266.0,0,0
14,31,59.675,17266.0,0,0
14,31,59.675,17256.0,0,0
14,31,59.691,17263.0,0,0
14,31,59.691,17264.0,0,0
14,31,59.707,17264.0,0,0
14,31,59.722,17288.0,0,0
14,31,59.722,17279.0,0,0
14,31,59.738,17265.0,0,0
14,31,59.738,17265.0,0,0
14,31,59.753,17284.0,0,0
14,31,59.753,17273.0,0,0
14,31,59.769,17257.0,0,0
14,31,59.769,17257.0,0,0
14,31,59.785,17261.0,0,0
14,31,59.785,17275.0,0,0
14,31,59.8,17266.0,0,0
14,31,59.8,17258.0,0,0
14,31,59.816,17236.0,0,0
14,31,59.816,17221.0,0,0
14,31,59.831,17189.0,0,0
14,31,59.831,17204.0,0,0
14,31,59.847,17219.0,0,0
14,31,59.847,17272.0,0,0
14,31,59.863,17346.0,0,0
14,31,59.863,17442.0,0,0
14,31,59.878,17474.0,0,0
14,31,59.878,17595.0,0,0
14,31,59.894,17699.0,0,0
14,31,59.894,17751.0,0,0
14,31,59.909,17769.0,0,0
14,31,59.909,17809.0,0,0
14,31,59.925,17856.0,0,0
14,31,59.925,17925.0,0,0
14,31,59.941,17925.0,0,0
14,31,59.941,17972.0,0,0
14,31,59.956,18006.0,0,0
14,31,59.956,18021.0,0,0
14,31,59.972,18021.0,0,0
14,31,59.972,18052.0,0,0
14,31,59.987,18085.0,0,0
14,31,59.987,18089.0,0,0
14,32,0.005,18089.0,0,18089.0
14,32,0.005,18092.0,0,0
14,32,0.021,18103.0,0,0
14,32,0.021,18098.0,0,0
14,32,0.036,18098.0,0,0
14,32,0.036,18056.0,0,0
14,32,0.052,17997.0,0,0
14,32,0.052,17929.0,0,0
14,32,0.067,17898.0,0,0
14,32,0.067,17808.0,0,0
14,32,0.083,17700.0,0,0
14,32,0.083,17606.0,0,0
14,32,0.099,17573.0,0,0
14,32,0.099,17541.0,0,0
14,32,0.114,17483.0,0,0
14,32,0.13,17418.0,0,0
14,32,0.13,17327.0,0,0
14,32,0.145,17365.0,0,0
14,32,0.145,17335.0,0,0
14,32,0.161,17329.0,0,0
14,32,0.161,17317.0,0,0
14,32,0.177,17313.0,0,0
14,32,0.177,17299.0,0,0
14,32,0.192,17300.0,0,0
14,32,0.192,17307.0,0,0
14,32,0.21,17307.0,0,0
14,32,0.218,17329.0,0,0
14,32,0.226,17360.0,0,0
14,32,0.234,17382.0,0,0
14,32,0.236,17382.0,0,0
14,32,0.236,17406.0,0,0
14,32,0.251,17408.0,0,0
14,32,0.251,17400.0,0,0
14,32,0.267,17400.0,0,0
14,32,0.267,17413.0,0,0
14,32,0.283,17438.0,0,0
14,32,0.283,17444.0,0,0
14,32,0.298,17444.0,0,0
14,32,0.314,17439.0,0,0
14,32,0.314,17476.0,0,0
14,32,0.329,17462.0,0,0
14,32,0.329,17466.0,0,0
14,32,0.346,17480.0,0,0
14,32,0.352,17457.0,0,0
14,32,0.352,17444.0,0,0
14,32,0.368,17441.0,0,0
14,32,0.368,17432.0,0,0
14,32,0.383,17402.0,0,0
14,32,0.383,17358.0,0,0
14,32,0.399,17351.0,0,0
14,32,0.399,17345.0,0,0
14,32,0.414,17372.0,0,0
14,32,0.414,17428.0,0,0
14,32,0.43,17415.0,0,0
14,32,0.43,17411.0,0,0
14,32,0.45,17370.0,0,0
14,32,0.455,17353.0,0,0
14,32,0.455,17366.0,0,0
14,32,0.47,17371.0,0,0
14,32,0.47,17413.0,0,0
14,32,0.486,17468.0,0,0
14,32,0.486,17523.0,0,0
14,32,0.501,17523.0,0,0
14,32,0.501,17583.0,0,0
14,32,0.517,17631.0,0,0
14,32,0.517,17669.0,0,0
14,32,0.533,17669.0,0,0
14,32,0.533,17689.0,0,0
14,32,0.548,17711.0,0,0
14,32,0.548,17728.0,0,0
14,32,0.564,17728.0,0,0
14,32,0.564,17742.0,0,0
14,32,0.579,17736.0,0,0
14,32,0.579,17735.0,0,0
14,32,0.595,17735.0,0,0
14,32,0.595,17753.0,0,0
14,32,0.611,17745.0,0,0
14,32,0.611,17757.0,0,0
14,32,0.626,17756.0,0,0
14,32,0.626,17753.0,0,0
14,32,0.642,17770.0,0,0
14,32,0.642,17753.0,0,0
14,32,0.657,17752.0,0,0
14,32,0.673,17750.0,0,17750.0
14,32,0.673,17734.0,0,0
14,32,0.689,17725.0,0,0
14,32,0.691,17711.0,0,0
14,32,0.691,17698.0,0,0
14,32,0.706,17625.0,0,0
14,32,0.706,17515.0,0,0
14,32,0.722,17509.0,0,0
14,32,0.722,17508.0,0,0
14,32,0.737,17606.0,0,0
14,32,0.753,17717.0,0,0
14,32,0.753,17778.0,0,0
14,32,0.769,17799.0,0,0
14,32,0.769,17846.0,0,0
14,32,0.784,17920.0,0,0
14,32,0.784,17984.0,0,0
14,32,0.8,17984.0,0,0
14,32,0.8,18034.0,0,0
14,32,0.815,18036.0,0,0
14,32,0.815,18018.0,0,0
14,32,0.831,18018.0,0,0
14,32,0.831,18028.0,0,0
14,32,0.847,18071.0,0,0
14,32,0.847,18072.0,0,0
14,32,0.862,18072.0,0,0
14,32,0.862,18089.0,0,0
14,32,0.878,18066.0,0,0
14,32,0.878,18065.0,0,0
14,32,0.893,18065.0,0,0
14,32,0.893,18033.0,0,0
14,32,0.909,17962.0,0,0
14,32,0.909,17895.0,0,0
14,32,0.925,17872.0,0,0
14,32,0.925,17806.0,0,0
14,32,0.94,17753.0,0,0
14,32,0.94,17706.0,0,0
14,32,0.956,17688.0,0,0
14,32,0.956,17671.0,0,0
14,32,0.971,17637.0,0,0
14,32,0.971,17597.0,0,0
14,32,0.987,17561.0,0,0
14,32,0.987,17550.0,0,0
14,32,1.003,17518.0,0,0
14,32,1.003,17496.0,0,0
14,32,1.018,17460.0,0,0
14,32,1.018,17448.0,0,0
14,32,1.034,17370.0,0,0
14,32,1.034,17256.0,0,0
14,32,1.049,17177.0,0,0
14,32,1.065,17177.0,0,0
14,32,1.065,17140.0,0,0
14,32,1.081,17156.0,0,0
14,32,1.081,17152.0,0,0
14,32,1.096,17152.0,0,0
14,32,1.096,17187.0,0,0
14,32,1.112,17228.0,0,0
14,32,1.112,17336.0,0,0
14,32,1.127,17336.0,0,0
14,32,1.127,17446.0,0,0
14,32,1.143,17437.0,0,0
14,32,1.143,17381.0,0,0
14,32,1.159,17369.0,0,0
14,32,1.159,17336.0,0,0
14,32,1.174,17330.0,0,0
14,32,1.174,17368.0,0,0
14,32,1.19,17364.0,0,0
14,32,1.19,17352.0,0,0
14,32,1.205,17368.0,0,0
14,32,1.205,17377.0,0,0
14,32,1.221,17381.0,0,0
14,32,1.221,17386.0,0,0
14,32,1.237,17385.0,0,0
14,32,1.237,17404.0,0,0
14,32,1.252,17416.0,0,0
14,32,1.252,17421.0,0,0
14,32,1.268,17408.0,0,0
14,32,1.268,17419.0,0,0
14,32,1.283,17430.0,0,0
14,32,1.283,17434.0,0,0
14,32,1.299,17422.0,0,0
14,32,1.299,17436.0,0,0
14,32,1.315,17430.0,0,0
14,32,1.315,17430.0,0,0
14,32,1.33,17417.0,0,17417.0
14,32,1.33,17409.0,0,0
14,32,1.346,17316.0,0,0
14,32,1.346,17316.0,0,0
14,32,1.361,17178.0,0,0
14,32,1.377,17034.0,0,0
14,32,1.377,17034.0,0,0
14,32,1.393,17034.0,0,0
14,32,1.393,17129.0,0,0
14,32,1.408,17294.0,0,0
14,32,1.408,17492.0,0,0
14,32,1.424,17492.0,0,0
14,32,1.424,17605.0,0,0
14,32,1.439,17621.0,0,0
14,32,1.439,17632.0,0,0
14,32,1.455,17629.0,0,0
14,32,1.455,17622.0,0,0
14,32,1.471,17600.0,0,0
14,32,1.471,17614.0,0,0
14,32,1.486,17591.0,0,0
14,32,1.486,17568.0,0,0
14,32,1.502,17539.0,0,0
14,32,1.502,17486.0,0,0
14,32,1.517,17434.0,0,0
14,32,1.517,17417.0,0,0
14,32,1.533,17363.0,0,0
14,32,1.533,17331.0,0,0
14,32,1.549,17287.0,0,0
14,32,1.549,17273.0,0,0
14,32,1.564,17267.0,0,0
14,32,1.564,17265.0,0,0
14,32,1.58,17254.0,0,0
14,32,1.58,17254.0,0,0
14,32,1.595,17278.0,0,0
14,32,1.595,17283.0,0,0
14,32,1.611,17283.0,0,0
14,32,1.611,17283.0,0,0
14,32,1.627,17254.0,0,0
14,32,1.627,17250.0,0,0
14,32,1.642,17243.0,0,0
14,32,1.642,17243.0,0,0
14,32,1.658,17225.0,0,0
14,32,1.658,17200.0,0,0
14,32,1.673,17204.0,0,0
14,32,1.689,17204.0,0,0
14,32,1.689,17219.0,0,0
14,32,1.705,17237.0,0,0
14,32,1.705,17242.0,0,0
14,32,1.72,17250.0,0,0
14,32,1.72,17275.0,0,0
14,32,1.736,17269.0,0,0
14,32,1.736,17288.0,0,0
14,32,1.751,17295.0,0,0
14,32,1.751,17303.0,0,0
14,32,1.767,17310.0,0,0
14,32,1.767,17337.0,0,0
14,32,1.783,17336.0,0,0
14,32,1.783,17335.0,0,0
14,32,1.798,17353.0,0,0
14,32,1.798,17374.0,0,0
14,32,1.814,17386.0,0,0
14,32,1.814,17391.0,0,0
14,32,1.829,17404.0,0,0
14,32,1.829,17403.0,0,0
14,32,1.845,17448.0,0,0
14,32,1.845,17448.0,0,0
14,32,1.861,17444.0,0,0
14,32,1.861,17429.0,0,0
14,32,1.876,17414.0,0,0
14,32,1.876,17414.0,0,0
14,32,1.892,17418.0,0,0
14,32,1.892,17404.0,0,0
14,32,1.907,17415.0,0,0
14,32,1.907,17415.0,0,0
14,32,1.923,17398.0,0,0
14,32,1.923,17369.0,0,0
14,32,1.939,17374.0,0,0
14,32,1.939,17374.0,0,0
14,32,1.954,17380.0,0,0
14,32,1.954,17380.0,0,0
14,32,1.97,17330.0,0,0
14,32,1.97,17330.0,0,0
14,32,1.985,17298.0,0,0
14,32,2.001,17391.0,0,0
14,32,2.001,17504.0,0,0
14,32,2.017,17528.0,0,0
14,32,2.017,17601.0,0,0
14,32,2.032,17688.0,0,0
14,32,2.032,17738.0,0,0
14,32,2.048,17778.0,0,0
14,32,2.048,17818.0,0,0
14,32,2.063,17888.0,0,0
14,32,2.063,17955.0,0,0
14,32,2.079,17994.0,0,17994.0
14,32,2.079,18033.0,0,0
14,32,2.095,18076.0,0,0
14,32,2.095,18109.0,0,0
14,32,2.11,18114.0,0,0
14,32,2.11,18116.0,0,0
14,32,2.126,18122.0,0,0
14,32,2.126,18119.0,0,0
14,32,2.141,18127.0,0,0
14,32,2.141,18130.0,0,0
14,32,2.157,18123.0,0,0
14,32,2.157,18130.0,0,0
14,32,2.173,18116.0,0,0
14,32,2.173,18116.0,0,0
14,32,2.188,18123.0,0,0
14,32,2.188,18119.0,0,0
14,32,2.204,18121.0,0,0
14,32,2.204,18121.0,0,0
14,32,2.219,18096.0,0,0
14,32,2.219,18079.0,0,0
14,32,2.235,18018.0,0,0
14,32,2.235,18018.0,0,0
14,32,2.257,17903.0,0,0
14,32,2.265,17755.0,0,0
14,32,2.273,17659.0,0,0
14,32,2.281,17659.0,0,0
14,32,2.286,17601.0,0,0
14,32,2.286,17560.0,0,0
14,32,2.301,17520.0,0,0
14,32,2.301,17516.0,0,0
14,32,2.317,17505.0,0,0
14,32,2.317,17506.0,0,0
14,32,2.332,17496.0,0,0
14,32,2.332,17494.0,0,0
14,32,2.348,17493.0,0,0
14,32,2.348,17480.0,0,0
14,32,2.364,17490.0,0,0
14,32,2.364,17481.0,0,0
14,32,2.379,17479.0,0,0
14,32,2.379,17484.0,0,0
14,32,2.395,17469.0,0,0
14,32,2.395,17480.0,0,0
14,32,2.41,17484.0,0,0
14,32,2.426,17467.0,0,0
14,32,2.426,17460.0,0,0
14,32,2.442,17395.0,0,0
14,32,2.442,17395.0,0,0
14,32,2.457,17374.0,0,0
14,32,2.457,17351.0,0,0
14,32,2.473,17335.0,0,0
14,32,2.473,17335.0,0,0
14,32,2.488,17331.0,0,0
14,32,2.488,17342.0,0,0
14,32,2.504,17352.0,0,0
14,32,2.504,17352.0,0,0
14,32,2.52,17385.0,0,0
14,32,2.52,17405.0,0,0
14,32,2.535,17430.0,0,0
14,32,2.535,17428.0,0,0
14,32,2.551,17423.0,0,0
14,32,2.551,17409.0,0,0
14,32,2.566,17441.0,0,0
14,32,2.566,17437.0,0,0
14,32,2.582,17425.0,0,0
14,32,2.582,17452.0,0,0
14,32,2.598,17442.0,0,0
14,32,2.598,17422.0,0,0
14,32,2.613,17403.0,0,0
14,32,2.613,17417.0,0,0
14,32,2.629,17404.0,0,0
14,32,2.629,17397.0,0,0
14,32,2.644,17395.0,0,0
14,32,2.644,17397.0,0,0
14,32,2.66,17400.0,0,0
14,32,2.66,17386.0,0,0
14,32,2.676,17382.0,0,0
14,32,2.676,17352.0,0,0
14,32,2.691,17339.0,0,0
14,32,2.691,17352.0,0,0
14,32,2.707,17352.0,0,0
14,32,2.707,17333.0,0,0
14,32,2.722,17318.0,0,0
14,32,2.722,17291.0,0,0
14,32,2.738,17291.0,0,0
14,32,2.754,17290.0,0,0
14,32,2.754,17271.0,0,0
14,32,2.769,17250.0,0,0
14,32,2.769,17250.0,0,0
14,32,2.785,17208.0,0,0
14,32,2.785,17179.0,0,0
14,32,2.8,17098.0,0,0
14,32,2.8,17092.0,0,0
14,32,2.816,17076.0,0,0
14,32,2.816,17106.0,0,0
14,32,2.832,17202.0,0,0
14,32,2.832,17229.0,0,0
14,32,2.849,17312.0,17312.0,17312.0
14,32,2.855,17421.0,17421.0,0
14,32,2.855,17529.0,17529.0,0
14,32,2.871,17568.0,17568.0,0
14,32,2.871,17608.0,17608.0,0
14,32,2.886,17701.0,17701.0,0
14,32,2.886,17760.0,17760.0,0
14,32,2.902,17792.0,17792.0,0
14,32,2.902,17803.0,17803.0,0
14,32,2.918,17826.0,17826.0,0
14,32,2.918,17854.0,17854.0,0
14,32,2.933,17890.0,17890.0,0
14,32,2.933,17903.0,17903.0,0
14,32,2.949,17906.0,17906.0,0
14,32,2.949,17918.0,17918.0,0
14,32,2.964,17941.0,17941.0,0
14,32,2.964,17941.0,17941.0,0
14,32,2.98,17944.0,17944.0,0
14,32,2.98,17922.0,17922.0,0
14,32,2.996,17815.0,17815.0,0
14,32,2.996,17815.0,17815.0,0
14,32,3.011,17694.0,17694.0,0
14,32,3.011,17603.0,17603.0,0
14,32,3.027,17486.0,17486.0,0
14,32,3.027,17486.0,17486.0,0
14,32,3.042,17400.0,17400.0,0
14,32,3.058,17349.0,17349.0,0
14,32,3.058,17318.0,0,0
14,32,3.074,17318.0,0,0
14,32,3.105,17269.0,0,0
14,32,3.12,17224.0,0,0
14,32,3.12,17200.0,0,0
14,32,3.136,17191.0,0,0
14,32,3.136,17164.0,0,0
14,32,3.136,17156.0,0,0
14,32,3.136,17165.0,0,0
14,32,3.136,17158.0,0,0
14,32,3.136,17152.0,0,0
14,32,3.152,17131.0,0,0
14,32,3.152,17159.0,0,0
14,32,3.167,17171.0,0,0
14,32,3.167,17183.0,0,0
14,32,3.183,17225.0,0,0
14,32,3.183,17238.0,0,0
14,32,3.198,17258.0,0,0
14,32,3.198,17265.0,0,0
14,32,3.214,17268.0,0,0
14,32,3.214,17303.0,0,0
14,32,3.23,17315.0,0,0
14,32,3.23,17320.0,0,0
14,32,3.245,17330.0,0,0
14,32,3.245,17340.0,0,0
14,32,3.264,17350.0,0,0
14,32,3.271,17350.0,0,0
14,32,3.271,17354.0,0,0
14,32,3.286,17362.0,0,0
14,32,3.286,17387.0,0,0
14,32,3.302,17387.0,0,0
14,32,3.302,17397.0,0,0
14,32,3.318,17389.0,0,0
14,32,3.318,17396.0,0,0
14,32,3.333,17396.0,0,0
14,32,3.333,17413.0,0,0
14,32,3.349,17431.0,0,0
14,32,3.349,17416.0,0,0
14,32,3.364,17416.0,0,0
14,32,3.364,17432.0,0,0
14,32,3.38,17425.0,0,0
14,32,3.38,17426.0,0,0
14,32,3.397,17426.0,0,0
14,32,3.397,17432.0,0,0
14,32,3.412,17436.0,0,0
14,32,3.412,17442.0,0,0
14,32,3.428,17438.0,0,0
14,32,3.428,17429.0,0,0
14,32,3.443,17445.0,0,0
14,32,3.443,17440.0,0,0
14,32,3.459,17442.0,0,0
14,32,3.459,17451.0,0,0
14,32,3.475,17461.0,0,0
14,32,3.475,17465.0,0,0
14,32,3.49,17462.0,0,0
14,32,3.49,17460.0,0,0
14,32,3.506,17470.0,0,0
14,32,3.506,17463.0,0,0
14,32,3.521,17468.0,0,0
14,32,3.521,17473.0,0,0
14,32,3.537,17465.0,0,17465.0
14,32,3.537,17475.0,0,0
14,32,3.553,17465.0,0,0
14,32,3.553,17462.0,0,0
14,32,3.568,17472.0,0,0
14,32,3.584,17462.0,0,0
14,32,3.584,17465.0,0,0
14,32,3.599,17467.0,0,0
14,32,3.599,17468.0,0,0
14,32,3.615,17442.0,0,0
14,32,3.615,17402.0,0,0
14,32,3.631,17402.0,0,0
14,32,3.631,17353.0,0,0
14,32,3.646,17272.0,0,0
14,32,3.646,17338.0,0,0
14,32,3.662,17338.0,0,0
14,32,3.662,17456.0,0,0
14,32,3.677,17601.0,0,0
14,32,3.677,17693.0,0,0
14,32,3.693,17693.0,0,0
14,32,3.693,17772.0,0,0
14,32,3.709,17847.0,0,0
14,32,3.709,17849.0,0,0
14,32,3.724,17849.0,0,0
14,32,3.724,17891.0,0,0
14,32,3.74,17923.0,0,0
14,32,3.74,17912.0,0,0
14,32,3.755,17918.0,0,0
14,32,3.755,17937.0,0,0
14,32,3.771,17953.0,0,0
14,32,3.771,17927.0,0,0
14,32,3.787,17918.0,0,0
14,32,3.787,17909.0,0,0
14,32,3.802,17914.0,0,0
14,32,3.802,17934.0,0,0
14,32,3.818,17940.0,0,0
14,32,3.818,17946.0,0,0
14,32,3.833,17931.0,0,0
14,32,3.849,17938.0,0,0
14,32,3.849,17954.0,0,0
14,32,3.865,17960.0,0,0
14,32,3.865,17963.0,0,0
14,32,3.88,17943.0,0,0
14,32,3.88,17879.0,0,0
14,32,3.896,17879.0,0,0
14,32,3.896,17771.0,0,0
14,32,3.911,17687.0,0,0
14,32,3.911,17634.0,0,0
14,32,3.927,17634.0,0,0
14,32,3.927,17564.0,0,0
14,32,3.943,17530.0,0,0
14,32,3.943,17496.0,0,0
14,32,3.958,17496.0,0,0
14,32,3.958,17468.0,0,0
14,32,3.974,17463.0,0,0
14,32,3.974,17476.0,0,0
14,32,3.989,17476.0,0,0
14,32,3.989,17466.0,0,0
14,32,4.005,17401.0,0,0
14,32,4.005,17337.0,0,0
14,32,4.021,17316.0,0,0
14,32,4.021,17256.0,0,0
14,32,4.036,17252.0,0,0
14,32,4.036,17314.0,0,0
14,32,4.052,17363.0,0,0
14,32,4.052,17413.0,0,0
14,32,4.067,17418.0,0,0
14,32,4.067,17387.0,0,0
14,32,4.083,17333.0,0,0
14,32,4.083,17316.0,0,0
14,32,4.099,17317.0,0,0
14,32,4.099,17349.0,0,0
14,32,4.114,17364.0,0,0
14,32,4.114,17370.0,0,0
14,32,4.13,17395.0,0,0
14,32,4.13,17381.0,0,0
14,32,4.145,17367.0,0,0
14,32,4.145,17367.0,0,0
14,32,4.161,17356.0,0,0
14,32,4.161,17388.0,0,0
14,32,4.177,17370.0,0,0
14,32,4.192,17370.0,0,0
14,32,4.192,17374.0,0,0
14,32,4.208,17391.0,0,0
14,32,4.208,17380.0,0,0
14,32,4.223,17380.0,0,0
14,32,4.223,17379.0,0,0
14,32,4.239,17379.0,0,0
14,32,4.239,17360.0,0,0
14,32,4.255,17360.0,0,0
14,32,4.255,17370.0,0,0
14,32,4.27,17318.0,0,0
14,32,4.27,17286.0,0,0
14,32,4.288,17279.0,0,0
14,32,4.288,17259.0,0,0
14,32,4.303,17230.0,0,0
14,32,4.303,17211.0,0,0
14,32,4.319,17204.0,0,0
14,32,4.319,17198.0,0,0
14,32,4.335,17192.0,0,17192.0
14,32,4.335,17198.0,0,0
14,32,4.35,17204.0,0,0
14,32,4.35,17211.0,0,0
14,32,4.366,17204.0,0,0
14,32,4.366,17223.0,0,0
14,32,4.381,17232.0,0,0
14,32,4.381,17235.0,0,0
14,32,4.397,17258.0,0,0
14,32,4.397,17237.0,0,0
14,32,4.413,17221.0,0,0
14,32,4.413,17221.0,0,0
14,32,4.428,17222.0,0,0
14,32,4.428,17217.0,0,0
14,32,4.444,17195.0,0,0
14,32,4.444,17195.0,0,0
14,32,4.459,17189.0,0,0
14,32,4.459,17253.0,0,0
14,32,4.475,17363.0,0,0
14,32,4.475,17363.0,0,0
14,32,4.491,17427.0,0,0
14,32,4.491,17485.0,0,0
14,32,4.506,17543.0,0,0
14,32,4.506,17543.0,0,0
14,32,4.522,17557.0,0,0
14,32,4.522,17594.0,0,0
14,32,4.537,17597.0,0,0
14,32,4.537,17589.0,0,0
14,32,4.553,17567.0,0,0
14,32,4.553,17536.0,0,0
14,32,4.569,17510.0,0,0
14,32,4.569,17500.0,0,0
14,32,4.584,17471.0,0,0
14,32,4.584,17430.0,0,0
14,32,4.6,17398.0,0,0
14,32,4.615,17396.0,0,0
14,32,4.615,17394.0,0,0
14,32,4.631,17352.0,0,0
14,32,4.631,17343.0,0,0
14,32,4.647,17356.0,0,0
14,32,4.647,17361.0,0,0
14,32,4.662,17357.0,0,0
14,32,4.662,17391.0,0,0
14,32,4.678,17417.0,0,0
14,32,4.678,17417.0,0,0
14,32,4.693,17418.0,0,0
14,32,4.693,17413.0,0,0
14,32,4.709,17391.0,0,0
14,32,4.709,17391.0,0,0
14,32,4.725,17401.0,0,0
14,32,4.725,17397.0,0,0
14,32,4.74,17391.0,0,0
14,32,4.74,17391.0,0,0
14,32,4.756,17390.0,0,0
14,32,4.756,17398.0,0,0
14,32,4.771,17406.0,0,0
14,32,4.771,17406.0,0,0
14,32,4.787,17413.0,0,0
14,32,4.787,17429.0,0,0
14,32,4.803,17423.0,0,0
14,32,4.803,17426.0,0,0
14,32,4.818,17438.0,0,0
14,32,4.818,17453.0,0,0
14,32,4.834,17473.0,0,0
14,32,4.834,17469.0,0,0
14,32,4.849,17459.0,0,0
14,32,4.849,17474.0,0,0
14,32,4.865,17494.0,0,0
14,32,4.865,17505.0,0,0
14,32,4.881,17516.0,0,0
14,32,4.881,17512.0,0,0
14,32,4.896,17520.0,0,0
14,32,4.896,17527.0,0,0
14,32,4.912,17530.0,0,0
14,32,4.927,17560.0,0,0
14,32,4.927,17569.0,0,0
14,32,4.943,17568.0,0,0
14,32,4.943,17568.0,0,0
14,32,4.959,17575.0,0,0
14,32,4.959,17577.0,0,0
14,32,4.974,17603.0,0,0
14,32,4.974,17603.0,0,0
14,32,4.99,17594.0,0,0
14,32,4.99,17589.0,0,0
14,32,5.005,17603.0,0,0
14,32,5.005,17603.0,0,0
14,32,5.021,17616.0,0,0
14,32,5.021,17618.0,0,0
14,32,5.037,17630.0,0,0
14,32,5.037,17630.0,0,0
14,32,5.052,17642.0,0,0
14,32,5.052,17631.0,0,0
14,32,5.068,17620.0,0,0
14,32,5.068,17620.0,0,0
14,32,5.083,17627.0,0,17627.0
14,32,5.083,17643.0,0,0
14,32,5.099,17641.0,0,0
14,32,5.099,17638.0,0,0
14,32,5.115,17631.0,0,0
14,32,5.115,17623.0,0,0
14,32,5.13,17606.0,0,0
14,32,5.13,17605.0,0,0
14,32,5.146,17603.0,0,0
14,32,5.146,17521.0,0,0
14,32,5.161,17390.0,0,0
14,32,5.161,17380.0,0,0
14,32,5.177,17370.0,0,0
14,32,5.177,17449.0,0,0
14,32,5.193,17595.0,0,0
14,32,5.193,17696.0,0,0
14,32,5.208,17730.0,0,0
14,32,5.208,17804.0,0,0
14,32,5.224,17872.0,0,0
14,32,5.239,17897.0,0,0
14,32,5.239,17906.0,0,0
14,32,5.255,17938.0,0,0
14,32,5.255,17990.0,0,0
14,32,5.271,17992.0,0,0
14,32,5.271,17992.0,0,0
14,32,5.286,17989.0,0,0
14,32,5.286,17990.0,0,0
14,32,5.303,17983.0,0,0
14,32,5.304,17983.0,0,0
14,32,5.319,17955.0,0,0
14,32,5.319,17957.0,0,0
14,32,5.335,17938.0,0,0
14,32,5.335,17938.0,0,0
14,32,5.351,17954.0,0,0
14,32,5.351,17938.0,0,0
14,32,5.366,17932.0,0,0
14,32,5.366,17923.0,0,0
14,32,5.382,17898.0,0,0
14,32,5.382,17899.0,0,0
14,32,5.397,17868.0,0,0
14,32,5.397,17859.0,0,0
14,32,5.413,17835.0,0,0
14,32,5.413,17826.0,0,0
14,32,5.429,17806.0,0,0
14,32,5.429,17793.0,0,0
14,32,5.444,17781.0,0,0
14,32,5.444,17729.0,0,0
14,32,5.46,17677.0,0,0
14,32,5.46,17650.0,0,0
14,32,5.475,17642.0,0,0
14,32,5.475,17608.0,0,0
14,32,5.491,17539.0,0,0
14,32,5.491,17515.0,0,0
14,32,5.507,17507.0,0,0
14,32,5.507,17477.0,0,0
14,32,5.522,17455.0,0,0
14,32,5.522,17453.0,0,0
14,32,5.538,17453.0,0,0
14,32,5.538,17440.0,0,0
14,32,5.553,17428.0,0,0
14,32,5.553,17413.0,0,0
14,32,5.569,17413.0,0,0
14,32,5.569,17409.0,0,0
14,32,5.585,17410.0,0,0
14,32,5.585,17430.0,0,0
14,32,5.6,17430.0,0,0
14,32,5.6,17451.0,0,0
14,32,5.616,17439.0,0,0
14,32,5.631,17446.0,0,0
14,32,5.631,17446.0,0,0
14,32,5.647,17442.0,0,0
14,32,5.647,17450.0,0,0
14,32,5.663,17442.0,0,0
14,32,5.663,17443.0,0,0
14,32,5.678,17446.0,0,0
14,32,5.678,17453.0,0,0
14,32,5.694,17442.0,0,0
14,32,5.694,17450.0,0,0
14,32,5.709,17459.0,0,0
14,32,5.709,17461.0,0,0
14,32,5.725,17461.0,0,0
14,32,5.725,17464.0,0,0
14,32,5.741,17466.0,0,0
14,32,5.741,17435.0,0,0
14,32,5.756,17456.0,0,0
14,32,5.756,17471.0,0,0
14,32,5.772,17471.0,0,0
14,32,5.772,17439.0,0,0
14,32,5.787,17450.0,0,0
14,32,5.787,17461.0,0,0
14,32,5.803,17461.0,0,0
14,32,5.85,17456.0,0,17456.0
14,32,5.865,17450.0,0,0
14,32,5.865,17448.0,0,0
14,32,5.865,17448.0,0,0
14,32,5.881,17440.0,0,0
14,32,5.881,17434.0,0,0
14,32,5.881,17446.0,0,0
14,32,5.881,17446.0,0,0
14,32,5.897,17397.0,0,0
14,32,5.897,17337.0,0,0
14,32,5.897,17256.0,0,0
14,32,5.897,17253.0,0,0
14,32,5.897,17246.0,0,0
14,32,5.912,17288.0,0,0
14,32,5.912,17347.0,0,0
14,32,5.928,17376.0,0,0
14,32,5.928,17405.0,0,0
14,32,5.943,17491.0,0,0
14,32,5.959,17585.0,0,0
14,32,5.959,17597.0,0,0
14,32,5.975,17602.0,0,0
14,32,5.975,17680.0,0,0
14,32,5.99,17735.0,0,0
14,32,5.99,17720.0,0,0
14,32,6.006,17715.0,0,0
14,32,6.006,17716.0,0,0
14,32,6.021,17738.0,0,0
14,32,6.021,17766.0,0,0
14,32,6.037,17766.0,0,0
14,32,6.037,17753.0,0,0
14,32,6.053,17725.0,0,0
14,32,6.053,17710.0,0,0
14,32,6.068,17710.0,0,0
14,32,6.068,17709.0,0,0
14,32,6.084,17681.0,0,0
14,32,6.084,17608.0,0,0
14,32,6.099,17608.0,0,0
14,32,6.099,17522.0,0,0
14,32,6.115,17437.0,0,0
14,32,6.115,17370.0,0,0
14,32,6.131,17370.0,0,0
14,32,6.131,17325.0,0,0
14,32,6.146,17250.0,0,0
14,32,6.146,17206.0,0,0
14,32,6.162,17201.0,0,0
14,32,6.162,17188.0,0,0
14,32,6.177,17199.0,0,0
14,32,6.177,17235.0,0,0
14,32,6.193,17252.0,0,0
14,32,6.193,17269.0,0,0
14,32,6.209,17300.0,0,0
14,32,6.209,17339.0,0,0
14,32,6.224,17352.0,0,0
14,32,6.224,17366.0,0,0
14,32,6.24,17388.0,0,0
14,32,6.24,17404.0,0,0
14,32,6.255,17419.0,0,0
14,32,6.271,17424.0,0,0
14,32,6.271,17434.0,0,0
14,32,6.287,17442.0,0,0
14,32,6.287,17434.0,0,0
14,32,6.302,17434.0,0,0
14,32,6.302,17440.0,0,0
14,32,6.319,17456.0,0,0
14,32,6.32,17452.0,0,0
14,32,6.32,17452.0,0,0
14,32,6.335,17446.0,0,0
14,32,6.351,17440.0,0,0
14,32,6.351,17457.0,0,0
14,32,6.367,17457.0,0,0
14,32,6.367,17461.0,0,0
14,32,6.382,17456.0,0,0
14,32,6.382,17478.0,0,0
14,32,6.398,17478.0,0,0
14,32,6.398,17455.0,0,0
14,32,6.413,17410.0,0,0
14,32,6.413,17342.0,0,0
14,32,6.429,17342.0,0,0
14,32,6.429,17296.0,0,0
14,32,6.445,17265.0,0,0
14,32,6.445,17279.0,0,0
14,32,6.46,17279.0,0,0
14,32,6.46,17281.0,0,0
14,32,6.476,17285.0,0,0
14,32,6.476,17285.0,0,0
14,32,6.491,17279.0,0,0
14,32,6.491,17274.0,0,0
14,32,6.507,17282.0,0,0
14,32,6.507,17274.0,0,0
14,32,6.523,17284.0,0,0
14,32,6.523,17295.0,0,0
14,32,6.538,17286.0,0,0
14,32,6.538,17284.0,0,0
14,32,6.554,17292.0,0,0
14,32,6.554,17295.0,0,0
14,32,6.569,17295.0,0,0
14,32,6.569,17305.0,0,0
14,32,6.585,17293.0,0,0
14,32,6.585,17289.0,0,0
14,32,6.601,17288.0,0,0
14,32,6.616,17302.0,0,0
14,32,6.616,17306.0,0,0
14,32,6.616,17306.0,0,0
14,32,6.632,17300.0,0,0
14,32,6.632,17311.0,0,0
14,32,6.647,17309.0,0,0
14,32,6.647,17309.0,0,0
14,32,6.663,17303.0,0,0
14,32,6.679,17300.0,0,0
14,32,6.679,17317.0,0,0
14,32,6.694,17317.0,0,0
14,32,6.694,17331.0,0,0
14,32,6.71,17318.0,0,0
14,32,6.71,17327.0,0,0
14,32,6.725,17327.0,0,0
14,32,6.725,17329.0,0,0
14,32,6.741,17329.0,0,0
14,32,6.741,17327.0,0,0
14,32,6.757,17327.0,0,0
14,32,6.757,17325.0,0,0
14,32,6.772,17334.0,0,0
14,32,6.772,17326.0,0,0
14,32,6.788,17329.0,0,0
14,32,6.788,17338.0,0,0
14,32,6.803,17340.0,0,0
14,32,6.803,17323.0,0,0
14,32,6.819,17334.0,0,0
14,32,6.819,17346.0,0,0
14,32,6.835,17348.0,0,0
14,32,6.835,17344.0,0,0
14,32,6.85,17336.0,0,0
14,32,6.85,17328.0,0,0
14,32,6.866,17356.0,0,0
14,32,6.866,17350.0,0,0
14,32,6.881,17349.0,0,0
14,32,6.881,17349.0,0,0
14,32,6.897,17345.0,0,0
14,32,6.897,17341.0,0,0
14,32,6.913,17323.0,0,0
14,32,6.913,17317.0,0,0
14,32,6.928,17274.0,0,0
14,32,6.928,17183.0,0,0
14,32,6.944,17143.0,0,0
14,32,6.944,17143.0,0,0
14,32,6.959,17107.0,0,0
14,32,6.975,17121.0,0,0
14,32,6.975,17105.0,0,0
14,32,6.991,17105.0,0,0
14,32,6.991,17104.0,0,0
14,32,7.006,17097.0,0,0
14,32,7.006,17100.0,0,0
14,32,7.022,17100.0,0,0
14,32,7.022,17112.0,0,0
14,32,7.037,17099.0,0,0
14,32,7.037,17097.0,0,0
14,32,7.053,17097.0,0,0
14,32,7.053,17098.0,0,0
14,32,7.069,17091.0,0,0
14,32,7.069,17077.0,0,0
14,32,7.084,17078.0,0,0
14,32,7.084,17084.0,0,0
14,32,7.1,17081.0,0,0
14,32,7.1,17055.0,0,0
14,32,7.115,17054.0,0,0
14,32,7.115,17052.0,0,0
14,32,7.131,17041.0,0,0
14,32,7.131,17025.0,0,0
14,32,7.147,17012.0,0,0
14,32,7.147,16999.0,0,0
14,32,7.162,16965.0,0,0
14,32,7.162,16964.0,0,0
14,32,7.178,16958.0,0,0
14,32,7.178,16956.0,0,0
14,32,7.193,17026.0,0,0
14,32,7.193,17109.0,0,0
14,32,7.209,17156.0,0,0
14,32,7.209,17172.0,0,0
14,32,7.225,17181.0,0,0
14,32,7.225,17150.0,0,0
14,32,7.24,17121.0,0,0
14,32,7.24,17121.0,0,0
14,32,7.256,17074.0,0,0
14,32,7.256,17022.0,0,0
14,32,7.271,17009.0,0,0
14,32,7.271,17009.0,0,0
14,32,7.287,17008.0,0,0
14,32,7.287,17006.0,0,0
14,32,7.303,17025.0,0,0
14,32,7.303,17025.0,0,0
14,32,7.318,17029.0,0,0
14,32,7.318,17053.0,0,0
14,32,7.336,17083.0,0,0
14,32,7.336,17083.0,0,0
14,32,7.351,17097.0,0,0
14,32,7.351,17110.0,0,0
14,32,7.367,17134.0,0,0
14,32,7.367,17138.0,0,0
14,32,7.383,17152.0,0,0
14,32,7.383,17163.0,0,0
14,32,7.398,17183.0,0,0
14,32,7.398,17182.0,0,0
14,32,7.414,17182.0,0,0
14,32,7.429,17210.0,0,0
14,32,7.429,17195.0,0,0
14,32,7.445,17190.0,0,0
14,32,7.445,17186.0,0,0
14,32,7.461,17203.0,0,0
14,32,7.461,17208.0,0,0
14,32,7.476,17202.0,0,0
14,32,7.476,17200.0,0,0
14,32,7.492,17217.0,0,0
14,32,7.492,17211.0,0,0
14,32,7.507,17217.0,0,0
14,32,7.507,17220.0,0,0
14,32,7.523,17208.0,0,0
14,32,7.523,17221.0,0,0
14,32,7.539,17216.0,0,0
14,32,7.539,17216.0,0,0
14,32,7.554,17219.0,0,0
14,32,7.554,17254.0,0,0
14,32,7.57,17246.0,0,0
14,32,7.57,17246.0,0,0
14,32,7.585,17249.0,0,0
14,32,7.585,17249.0,0,0
14,32,7.601,17244.0,0,0
14,32,7.601,17244.0,0,0
14,32,7.617,17249.0,0,0
14,32,7.617,17257.0,0,0
14,32,7.632,17264.0,0,0
14,32,7.632,17264.0,0,0
14,32,7.648,17257.0,0,0
14,32,7.648,17268.0,0,0
14,32,7.663,17282.0,0,0
14,32,7.663,17279.0,0,0
14,32,7.679,17273.0,0,0
14,32,7.679,17275.0,0,0
14,32,7.695,17282.0,0,0
14,32,7.695,17284.0,0,0
14,32,7.71,17287.0,0,0
14,32,7.71,17284.0,0,0
14,32,7.726,17283.0,0,0
14,32,7.741,17281.0,0,0
14,32,7.741,17279.0,0,0
14,32,7.757,17300.0,0,0
14,32,7.757,17284.0,0,0
14,32,7.773,17287.0,0,0
14,32,7.773,17289.0,0,0
14,32,7.788,17287.0,0,0
14,32,7.788,17286.0,0,0
14,32,7.804,17287.0,0,0
14,32,7.804,17288.0,0,0
14,32,7.819,17283.0,0,0
14,32,7.819,17268.0,0,0
14,32,7.835,17282.0,0,0
14,32,7.835,17282.0,0,0
14,32,7.851,17274.0,0,0
14,32,7.851,17277.0,0,0
14,32,7.866,17269.0,0,0
14,32,7.866,17269.0,0,0
14,32,7.882,17275.0,0,0
14,32,7.882,17272.0,0,0
14,32,7.897,17274.0,0,0
14,32,7.897,17274.0,0,0
14,32,7.913,17257.0,0,0
14,32,7.913,17277.0,0,0
14,32,7.929,17266.0,0,0
14,32,7.929,17266.0,0,0
14,32,7.944,17276.0,0,0
14,32,7.944,17266.0,0,0
14,32,7.96,17256.0,0,0
14,32,7.96,17256.0,0,0
14,32,7.975,17258.0,0,0
14,32,7.975,17252.0,0,0
14,32,7.991,17257.0,0,0
14,32,7.991,17267.0,0,0
14,32,8.007,17278.0,0,0
14,32,8.007,17254.0,0,0
14,32,8.022,17258.0,0,0
14,32,8.022,17257.0,0,0
14,32,8.038,17257.0,0,0
14,32,8.038,17242.0,0,0
14,32,8.053,17263.0,0,0
14,32,8.053,17254.0,0,0
14,32,8.069,17252.0,0,0
14,32,8.085,17255.0,0,0
14,32,8.085,17260.0,0,0
14,32,8.1,17244.0,0,0
14,32,8.1,17239.0,0,0
14,32,8.116,17253.0,0,0
14,32,8.116,17244.0,0,0
14,32,8.131,17253.0,0,0
14,32,8.131,17253.0,0,0
14,32,8.147,17257.0,0,0
14,32,8.147,17243.0,0,0
14,32,8.163,17255.0,0,0
14,32,8.163,17255.0,0,0
14,32,8.178,17234.0,0,0
14,32,8.178,17246.0,0,0
14,32,8.194,17258.0,0,0
14,32,8.194,17258.0,0,0
14,32,8.209,17256.0,0,0
14,32,8.209,17260.0,0,0
14,32,8.225,17251.0,0,0
14,32,8.225,17249.0,0,0
14,32,8.241,17245.0,0,0
14,32,8.241,17261.0,0,0
14,32,8.256,17265.0,0,0
14,32,8.256,17265.0,0,0
14,32,8.272,17267.0,0,0
14,32,8.272,17264.0,0,0
14,32,8.287,17268.0,0,0
14,32,8.287,17264.0,0,0
14,32,8.303,17261.0,0,0
14,32,8.303,17274.0,0,0
14,32,8.319,17275.0,0,0
14,32,8.319,17269.0,0,0
14,32,8.334,17267.0,0,0
14,32,8.334,17270.0,0,0
14,32,8.356,17272.0,0,0
14,32,8.364,17276.0,0,0
14,32,8.372,17278.0,0,0
14,32,8.373,17267.0,0,0
14,32,8.388,17273.0,0,0
14,32,8.388,17274.0,0,0
14,32,8.404,17274.0,0,0
14,32,8.404,17273.0,0,0
14,32,8.42,17275.0,0,0
14,32,8.42,17275.0,0,0
14,32,8.435,17275.0,0,0
14,32,8.435,17273.0,0,0
14,32,8.451,17278.0,0,0
14,32,8.451,17284.0,0,0
14,32,8.466,17284.0,0,0
14,32,8.466,17299.0,0,0
14,32,8.482,17302.0,0,0
14,32,8.482,17306.0,0,0
14,32,8.498,17306.0,0,0
14,32,8.498,17302.0,0,0
14,32,8.513,17324.0,0,0
14,32,8.513,17308.0,0,0
14,32,8.529,17306.0,0,0
14,32,8.529,17300.0,0,0
14,32,8.544,17313.0,0,0
14,32,8.544,17319.0,0,0
14,32,8.56,17317.0,0,0
14,32,8.56,17313.0,0,0
14,32,8.576,17314.0,0,0
14,32,8.576,17312.0,0,0
14,32,8.591,17317.0,0,0
14,32,8.591,17322.0,0,0
14,32,8.607,17328.0,0,0
14,32,8.607,17325.0,0,0
14,32,8.622,17331.0,0,0
14,32,8.622,17334.0,0,0
14,32,8.638,17332.0,0,0
14,32,8.638,17331.0,0,0
14,32,8.654,17325.0,0,0
14,32,8.654,17323.0,0,0
14,32,8.669,17339.0,0,0
14,32,8.669,17326.0,0,0
14,32,8.685,17330.0,0,0
14,32,8.7,17330.0,0,0
14,32,8.7,17330.0,0,0
14,32,8.716,17341.0,0,0
14,32,8.716,17334.0,0,0
14,32,8.732,17334.0,0,0
14,32,8.732,17325.0,0,0
14,32,8.747,17312.0,0,0
14,32,8.747,17321.0,0,0
14,32,8.763,17321.0,0,0
14,32,8.763,17319.0,0,0
14,32,8.778,17309.0,0,0
14,32,8.778,17315.0,0,0
14,32,8.794,17315.0,0,0
14,32,8.794,17318.0,0,0
14,32,8.81,17320.0,0,0
14,32,8.81,17313.0,0,0
14,32,8.825,17317.0,0,0
14,32,8.825,17330.0,0,0
14,32,8.841,17307.0,0,0
14,32,8.841,17314.0,0,0
14,32,8.856,17322.0,0,0
14,32,8.856,17347.0,0,0
14,32,8.872,17357.0,0,0
14,32,8.872,17365.0,0,0
14,32,8.888,17364.0,0,0
14,32,8.888,17363.0,0,0
14,32,8.903,17360.0,0,0
14,32,8.903,17371.0,0,0
14,32,8.921,17366.0,0,0
14,32,8.921,17362.0,0,0
14,32,8.936,17378.0,0,0
14,32,8.936,17370.0,0,0
14,32,8.952,17370.0,0,0
14,32,8.952,17371.0,0,0
14,32,8.968,17389.0,0,0
14,32,8.968,17376.0,0,0
14,32,8.983,17384.0,0,0
14,32,8.983,17387.0,0,0
14,32,8.999,17386.0,0,0
14,32,8.999,17385.0,0,0
14,32,9.014,17380.0,0,0
14,32,9.014,17380.0,0,0
14,32,9.03,17373.0,0,0
14,32,9.03,17375.0,0,0
14,32,9.048,17388.0,0,0
14,32,9.048,17388.0,0,0
14,32,9.063,17381.0,0,0
14,32,9.063,17389.0,0,0
14,32,9.079,17379.0,0,0
14,32,9.079,17379.0,0,0
14,32,9.096,17391.0,0,0
14,32,9.096,17380.0,0,0
14,32,9.112,17379.0,0,0
14,32,9.112,17379.0,0,0
14,32,9.132,17375.0,0,0
14,32,9.137,17383.0,0,0
14,32,9.137,17383.0,0,0
14,32,9.152,17383.0,0,0
14,32,9.152,17391.0,0,0
14,32,9.168,17385.0,0,0
14,32,9.168,17374.0,0,0
14,32,9.183,17373.0,0,0
14,32,9.183,17370.0,0,0
14,32,9.199,17378.0,0,0
14,32,9.199,17372.0,0,0
14,32,9.215,17368.0,0,0
14,32,9.215,17364.0,0,0
14,32,9.23,17374.0,0,0
14,32,9.23,17384.0,0,0
14,32,9.246,17380.0,0,0
14,32,9.246,17377.0,0,0
14,32,9.261,17373.0,0,0
14,32,9.261,17366.0,0,0
