Hour,Minute,Second,IR1,Blinks
21,49,17.239,9098.0
21,49,17.239,9102.0
21,49,17.27,9104.0
21,49,17.285,9104.0
21,49,17.301,9102.0
21,49,17.317,9096.0
21,49,17.317,9079.0
21,49,17.332,9099.0
21,49,17.332,9099.0
21,49,17.348,9090.0
21,49,17.348,9100.0
21,49,17.348,9100.0
21,49,17.363,9097.0
21,49,17.363,9097.0
21,49,17.379,9118.0
21,49,17.395,9089.0
21,49,17.395,9089.0
21,49,17.395,9086.0
21,49,17.41,9095.0
21,49,17.41,9105.0
21,49,17.426,9102.0
21,49,17.426,9102.0
21,49,17.441,9097.0
21,49,17.441,9100.0
21,49,17.457,9100.0
21,49,17.457,9109.0
21,49,17.475,9109.0
21,49,17.475,9093.0
21,49,17.49,9080.0
21,49,17.49,9080.0
21,49,17.506,9097.0
21,49,17.506,9113.0
21,49,17.521,9113.0
21,49,17.521,9095.0
21,49,17.537,9095.0
21,49,17.537,9095.0
21,49,17.553,9097.0
21,49,17.553,9097.0
21,49,17.568,9097.0
21,49,17.568,9094.0
21,49,17.584,9087.0
21,49,17.584,9099.0
21,49,17.599,9099.0
21,49,17.599,9107.0
21,49,17.615,9095.0
21,49,17.631,9095.0
21,49,17.631,9096.0
21,49,17.646,9096.0
21,49,17.646,9110.0
21,49,17.662,9112.0
21,49,17.662,9112.0
21,49,17.677,9100.0
21,49,17.677,9103.0
21,49,17.693,9107.0
21,49,17.693,9100.0
21,49,17.709,9100.0
21,49,17.709,9095.0
21,49,17.724,9104.0
21,49,17.724,9104.0
21,49,17.74,9099.0
21,49,17.74,9099.0
21,49,17.756,9085.0
21,49,17.757,9100.0
21,49,17.757,9100.0
21,49,17.773,9094.0
21,49,17.773,9084.0
21,49,17.789,9084.0
21,49,17.789,9084.0
21,49,17.804,9084.0
21,49,17.804,9098.0
21,49,17.82,9097.0
21,49,17.835,9097.0
21,49,17.835,9100.0
21,49,17.835,9094.0
21,49,17.851,9079.0
21,49,17.851,9113.0
21,49,17.867,9113.0
21,49,17.867,9109.0
21,49,17.882,9111.0
21,49,17.882,9111.0
21,49,17.898,9095.0
21,49,17.898,9095.0
21,49,17.913,9099.0
21,49,17.913,9092.0
21,49,17.929,9092.0
21,49,17.929,9090.0
21,49,17.945,9104.0
21,49,17.945,9109.0
21,49,17.96,9094.0
21,49,17.96,9094.0
21,49,17.976,9096.0
21,49,17.976,9093.0
21,49,17.991,9093.0
21,49,17.991,9105.0
21,49,18.007,9105.0
21,49,18.007,9113.0
21,49,18.023,9099.0
21,49,18.023,9099.0
21,49,18.038,9096.0
21,49,18.038,9083.0
21,49,18.038,9083.0
21,49,18.054,9098.0
21,49,18.054,9098.0
21,49,18.069,9125.0
21,49,18.069,9093.0
21,49,18.085,9093.0
21,49,18.085,9102.0
21,49,18.101,9103.0
21,49,18.101,9105.0
21,49,18.116,9115.0
21,49,18.116,9115.0
21,49,18.132,9107.0
21,49,18.132,9091.0
21,49,18.147,9091.0
21,49,18.147,9106.0
21,49,18.163,9106.0
21,49,18.163,9097.0
21,49,18.179,9119.0
21,49,18.179,9119.0
21,49,18.194,9106.0
21,49,18.194,9104.0
21,49,18.21,9104.0
21,49,18.21,9110.0
21,49,18.225,9110.0
21,49,18.225,9110.0
21,49,18.225,9114.0
21,49,18.241,9114.0
21,49,18.241,9122.0
21,49,18.257,9122.0
21,49,18.257,9125.0
21,49,18.272,9103.0
21,49,18.272,9103.0
21,49,18.288,9118.0
21,49,18.288,9100.0
21,49,18.303,9100.0
21,49,18.303,9106.0
21,49,18.319,9106.0
21,49,18.319,9081.0
21,49,18.335,9051.0
21,49,18.335,9051.0
21,49,18.35,9053.0
21,49,18.35,9052.0
21,49,18.366,9052.0
21,49,18.366,9087.0
21,49,18.381,9087.0
21,49,18.381,9066.0
21,49,18.397,9048.0
21,49,18.397,9048.0
21,49,18.413,9052.0
21,49,18.413,9052.0
21,49,18.428,9062.0
21,49,18.428,9033.0
21,49,18.444,9033.0
21,49,18.444,9004.0
21,49,18.459,9002.0
21,49,18.459,9002.0
21,49,18.475,9003.0
21,49,18.475,9003.0
21,49,18.491,9024.0
21,49,18.491,9041.0
21,49,18.506,9041.0
21,49,18.506,9052.0
21,49,18.522,9042.0
21,49,18.522,9032.0
21,49,18.522,9053.0
21,49,18.537,9053.0
21,49,18.537,9034.0
21,49,18.553,9009.0
21,49,18.553,9009.0
21,49,18.569,8958.0
21,49,18.569,8958.0
21,49,18.584,8909.0
21,49,18.584,8881.0
21,49,18.6,8881.0
21,49,18.6,8887.0
21,49,18.615,8890.0
21,49,18.615,8892.0
21,49,18.631,8901.0
21,49,18.631,8901.0
21,49,18.647,8918.0
21,49,18.647,8943.0
21,49,18.662,8943.0
21,49,18.662,8912.0
21,49,18.678,8905.0
21,49,18.678,8884.0
21,49,18.693,8855.0
21,49,18.693,8855.0
21,49,18.709,8836.0
21,49,18.709,8838.0
21,49,18.725,8838.0
21,49,18.725,8832.0
21,49,18.74,8832.0
21,49,18.74,8824.0
21,49,18.756,8829.0
21,49,18.756,8829.0
21,49,18.771,8847.0
21,49,18.771,8850.0
21,49,18.787,8854.0
21,49,18.787,8848.0
21,49,18.803,8848.0
21,49,18.803,8854.0
21,49,18.818,8854.0
21,49,18.818,8854.0
21,49,18.834,8837.0
21,49,18.834,8837.0
21,49,18.849,8818.0
21,49,18.849,8823.0
21,49,18.865,8823.0
21,49,18.865,8828.0
21,49,18.881,8825.0
21,49,18.881,8825.0
21,49,18.896,8825.0
21,49,18.896,8825.0
21,49,18.912,8865.0
21,49,18.912,8889.0
21,49,18.912,8889.0
21,49,18.927,8889.0
21,49,18.927,8882.0
21,49,18.943,8875.0
21,49,18.943,8845.0
21,49,18.959,8845.0
21,49,18.974,8814.0
21,49,18.974,8826.0
21,49,18.974,8826.0
21,49,18.99,8822.0
21,49,18.99,8822.0
21,49,19.005,8811.0
21,49,19.005,8830.0
21,49,19.021,8830.0
21,49,19.021,8839.0
21,49,19.037,8818.0
21,49,19.037,8818.0
21,49,19.052,8806.0
21,49,19.052,8806.0
21,49,19.068,8793.0
21,49,19.083,8792.0
21,49,19.083,8792.0
21,49,19.099,8776.0
21,49,19.099,8784.0
21,49,19.115,8793.0
21,49,19.115,8783.0
21,49,19.115,8783.0
21,49,19.13,8785.0
21,49,19.13,8787.0
21,49,19.146,8787.0
21,49,19.146,8771.0
21,49,19.161,8771.0
21,49,19.161,8743.0
21,49,19.177,8735.0
21,49,19.177,8735.0
21,49,19.193,8740.0
21,49,19.193,8742.0
21,49,19.208,8742.0
21,49,19.208,8731.0
21,49,19.224,8731.0
21,49,19.224,8720.0
21,49,19.239,8732.0
21,49,19.239,8732.0
21,49,19.255,8733.0
21,49,19.255,8728.0
21,49,19.271,8714.0
21,49,19.271,8709.0
21,49,19.286,8709.0
21,49,19.286,8717.0
21,49,19.286,8720.0
21,49,19.302,8720.0
21,49,19.302,8719.0
21,49,19.317,8719.0
21,49,19.317,8713.0
21,49,19.333,8707.0
21,49,19.333,8707.0
21,49,19.349,8715.0
21,49,19.349,8728.0
21,49,19.364,8733.0
21,49,19.364,8721.0
21,49,19.38,8721.0
21,49,19.38,8719.0
21,49,19.395,8707.0
21,49,19.395,8707.0
21,49,19.411,8685.0
21,49,19.411,8684.0
21,49,19.427,8684.0
21,49,19.427,8679.0
21,49,19.442,8679.0
21,49,19.442,8668.0
21,49,19.458,8661.0
21,49,19.458,8661.0
21,49,19.473,8669.0
21,49,19.473,8669.0
21,49,19.489,8667.0
21,49,19.489,8668.0
21,49,19.505,8668.0
21,49,19.505,8671.0
21,49,19.52,8678.0
21,49,19.52,8681.0
21,49,19.52,8685.0
21,49,19.536,8685.0
21,49,19.536,8672.0
21,49,19.551,8664.0
21,49,19.551,8664.0
21,49,19.567,8673.0
21,49,19.567,8673.0
21,49,19.583,8688.0
21,49,19.583,8680.0
21,49,19.598,8680.0
21,49,19.614,8671.0
21,49,19.614,8661.0
21,49,19.614,8661.0
21,49,19.629,8682.0
21,49,19.629,8682.0
21,49,19.645,8696.0
21,49,19.645,8701.0
21,49,19.661,8701.0
21,49,19.661,8692.0
21,49,19.676,8695.0
21,49,19.676,8699.0
21,49,19.692,8701.0
21,49,19.692,8701.0
21,49,19.707,8706.0
21,49,19.707,8716.0
21,49,19.723,8716.0
21,49,19.723,8731.0
21,49,19.739,8731.0
21,49,19.739,8744.0
21,49,19.754,8738.0
21,49,19.754,8738.0
21,49,19.77,8735.0
21,49,19.77,8724.0
21,49,19.785,8724.0
21,49,19.785,8715.0
21,49,19.801,8715.0
21,49,19.801,8721.0
21,49,19.817,8716.0
21,49,19.817,8716.0
21,49,19.832,8723.0
21,49,19.832,8723.0
21,49,19.848,8725.0
21,49,19.848,8728.0
21,49,19.863,8728.0
21,49,19.863,8730.0
21,49,19.879,8731.0
21,49,19.879,8731.0
21,49,19.895,8718.0
21,49,19.91,8718.0
21,49,19.91,8729.0
21,49,19.91,8741.0
21,49,19.926,8741.0
21,49,19.941,8754.0
21,49,19.941,8774.0
21,49,19.957,8781.0
21,49,19.957,8791.0
21,49,19.957,8791.0
21,49,19.973,8783.0
21,49,19.973,8785.0
21,49,19.988,8785.0
21,49,19.988,8793.0
21,49,20.004,8795.0
21,49,20.004,8801.0
21,49,20.019,8821.0
21,49,20.019,8821.0
21,49,20.035,8828.0
21,49,20.035,8818.0
21,49,20.051,8818.0
21,49,20.051,8824.0
21,49,20.066,8824.0
21,49,20.066,8802.0
21,49,20.082,8791.0
21,49,20.082,8791.0
21,49,20.097,8795.0
21,49,20.097,8792.0
21,49,20.113,8792.0
21,49,20.113,8783.0
21,49,20.129,8783.0
21,49,20.129,8780.0
21,49,20.129,8774.0
21,49,20.144,8774.0
21,49,20.16,8776.0
21,49,20.16,8777.0
21,49,20.16,8783.0
21,49,20.175,8775.0
21,49,20.191,8775.0
21,49,20.191,8793.0
21,49,20.207,8792.0
21,49,20.207,8792.0
21,49,20.207,8796.0
21,49,20.222,8796.0
21,49,20.238,8788.0
21,49,20.238,8819.0
21,49,20.253,8819.0
21,49,20.253,8827.0
21,49,20.269,8818.0
21,49,20.269,8816.0
21,49,20.285,8811.0
21,49,20.285,8811.0
21,49,20.3,8804.0
21,49,20.3,8790.0
21,49,20.316,8790.0
21,49,20.316,8784.0
21,49,20.316,8784.0
21,49,20.331,8787.0
21,49,20.331,8771.0
21,49,20.347,8771.0
21,49,20.347,8776.0
21,49,20.363,8775.0
21,49,20.363,8775.0
21,49,20.378,8782.0
21,49,20.378,8782.0
21,49,20.394,8786.0
21,49,20.394,8778.0
21,49,20.409,8778.0
21,49,20.409,8781.0
21,49,20.425,8778.0
21,49,20.425,8777.0
21,49,20.441,8795.0
21,49,20.441,8795.0
21,49,20.456,8787.0
21,49,20.456,8774.0
21,49,20.472,8774.0
21,49,20.472,8782.0
21,49,20.487,8779.0
21,49,20.487,8770.0
21,49,20.503,8766.0
21,49,20.503,8766.0
21,49,20.519,8776.0
21,49,20.519,8780.0
21,49,20.534,8780.0
21,49,20.534,8774.0
21,49,20.55,8774.0
21,49,20.55,8776.0
21,49,20.565,8790.0
21,49,20.565,8790.0
21,49,20.581,8784.0
21,49,20.581,8787.0
21,49,20.597,8790.0
21,49,20.597,8784.0
21,49,20.612,8784.0
21,49,20.612,8756.0
21,49,20.612,8774.0
21,49,20.628,8774.0
21,49,20.628,8765.0
21,49,20.643,8765.0
21,49,20.643,8760.0
21,49,20.659,8780.0
21,49,20.659,8780.0
21,49,20.675,8783.0
21,49,20.675,8783.0
21,49,20.69,8783.0
21,49,20.706,8778.0
21,49,20.706,8778.0
21,49,20.721,8791.0
21,49,20.721,8799.0
21,49,20.721,8799.0
21,49,20.737,8781.0
21,49,20.753,8791.0
21,49,20.755,8802.0
21,49,20.755,8798.0
21,49,20.77,8798.0
21,49,20.786,8797.0
21,49,20.786,8785.0
21,49,20.801,8785.0
21,49,20.801,8771.0
21,49,20.817,8771.0
21,49,20.817,8771.0
21,49,20.833,8765.0
21,49,20.833,8765.0
21,49,20.848,8759.0
21,49,20.848,8755.0
21,49,20.864,8755.0
21,49,20.864,8749.0
21,49,20.879,8749.0
21,49,20.879,8753.0
21,49,20.895,8764.0
21,49,20.895,8764.0
21,49,20.911,8784.0
21,49,20.911,8789.0
21,49,20.926,8805.0
21,49,20.926,8807.0
21,49,20.942,8807.0
21,49,20.942,8792.0
21,49,20.957,8782.0
21,49,20.957,8782.0
21,49,20.957,8793.0
21,49,20.973,8793.0
21,49,20.973,8789.0
21,49,20.989,8772.0
21,49,20.989,8772.0
21,49,21.006,8785.0
21,49,21.006,8795.0
21,49,21.022,8799.0
21,49,21.022,8830.0
21,49,21.037,8830.0
21,49,21.037,8816.0
21,49,21.053,8827.0
21,49,21.053,8827.0
21,49,21.053,8798.0
21,49,21.069,8794.0
21,49,21.069,8782.0
21,49,21.084,8782.0
21,49,21.1,8782.0
21,49,21.1,8791.0
21,49,21.1,8795.0
21,49,21.115,8795.0
21,49,21.115,8794.0
21,49,21.131,8794.0
21,49,21.131,8820.0
21,49,21.147,8803.0
21,49,21.147,8803.0
21,49,21.162,8791.0
21,49,21.162,8794.0
21,49,21.178,8797.0
21,49,21.178,8802.0
21,49,21.193,8802.0
21,49,21.193,8816.0
21,49,21.209,8861.0
21,49,21.209,8861.0
21,49,21.225,8866.0
21,49,21.225,8866.0
21,49,21.24,8848.0
21,49,21.24,8838.0
21,49,21.256,8838.0
21,49,21.256,8806.0
21,49,21.271,8811.0
21,49,21.271,8811.0
21,49,21.287,8808.0
21,49,21.287,8808.0
21,49,21.287,8798.0
21,49,21.303,8830.0
21,49,21.318,8830.0
21,49,21.318,8863.0
21,49,21.318,8867.0
21,49,21.334,8872.0
21,49,21.334,8856.0
21,49,21.349,8856.0
21,49,21.349,8848.0
21,49,21.365,8855.0
21,49,21.365,8855.0
21,49,21.381,8836.0
21,49,21.381,8836.0
21,49,21.396,8841.0
21,49,21.396,8860.0
21,49,21.412,8860.0
21,49,21.412,8861.0
21,49,21.427,8888.0
21,49,21.427,8898.0
21,49,21.443,8903.0
21,49,21.443,8903.0
21,49,21.459,8909.0
21,49,21.459,8908.0
21,49,21.474,8908.0
21,49,21.474,8897.0
21,49,21.49,8896.0
21,49,21.49,8896.0
21,49,21.505,8911.0
21,49,21.505,8911.0
21,49,21.521,8919.0
21,49,21.521,8933.0
21,49,21.537,8933.0
21,49,21.537,8934.0
21,49,21.537,8934.0
21,49,21.552,8950.0
21,49,21.552,8928.0
21,49,21.568,8928.0
21,49,21.568,8931.0
21,49,21.583,8945.0
21,49,21.583,8950.0
21,49,21.599,8961.0
21,49,21.599,8961.0
21,49,21.615,8957.0
21,49,21.615,8968.0
21,49,21.63,8968.0
21,49,21.63,8958.0
21,49,21.646,9022.0
21,49,21.646,8982.0
21,49,21.661,9015.0
21,49,21.661,9015.0
21,49,21.677,8998.0
21,49,21.677,8997.0
21,49,21.677,8997.0
21,49,21.693,8995.0
21,49,21.693,8995.0
21,49,21.708,8982.0
21,49,21.726,9023.0
21,49,21.731,9023.0
21,49,21.731,9057.0
21,49,21.746,9045.0
21,49,21.746,9033.0
21,49,21.762,9039.0
21,49,21.762,9039.0
21,49,21.762,9053.0
21,49,21.778,9078.0
21,49,21.778,9078.0
21,49,21.793,9072.0
21,49,21.793,9072.0
21,49,21.809,9080.0
21,49,21.809,9036.0
21,49,21.824,9036.0
21,49,21.824,9051.0
21,49,21.84,9045.0
21,49,21.84,9044.0
21,49,21.856,9069.0
21,49,21.871,9069.0
21,49,21.871,9096.0
21,49,21.871,9118.0
21,49,21.887,9118.0
21,49,21.887,9093.0
21,49,21.902,9094.0
21,49,21.918,9098.0
21,49,21.918,9077.0
21,49,21.934,9077.0
21,49,21.934,9080.0
21,49,21.949,9077.0
21,49,21.949,9077.0
21,49,21.965,9066.0
21,49,21.965,9066.0
21,49,21.98,9051.0
21,49,21.98,9077.0
21,49,21.996,9077.0
21,49,21.996,9071.0
21,49,22.012,9063.0
21,49,22.012,9061.0
21,49,22.027,9080.0
21,49,22.027,9080.0
21,49,22.043,9093.0
21,49,22.043,9083.0
21,49,22.058,9083.0
21,49,22.058,9072.0
21,49,22.074,9072.0
21,49,22.074,9099.0
21,49,22.09,9088.0
21,49,22.09,9088.0
21,49,22.105,9091.0
21,49,22.105,9084.0
21,49,22.121,9084.0
21,49,22.121,9088.0
21,49,22.136,9088.0
21,49,22.136,9080.0
21,49,22.152,9084.0
21,49,22.152,9084.0
21,49,22.168,9066.0
21,49,22.168,9072.0
21,49,22.183,9079.0
21,49,22.183,9079.0
21,49,22.199,9079.0
21,49,22.199,9079.0
21,49,22.214,9072.0
21,49,22.214,9072.0
21,49,22.23,9087.0
21,49,22.23,9087.0
21,49,22.246,9077.0
21,49,22.246,9088.0
21,49,22.261,9088.0
21,49,22.261,9085.0
21,49,22.277,9094.0
21,49,22.292,9097.0
21,49,22.292,9089.0
21,49,22.292,9089.0
21,49,22.308,9083.0
21,49,22.308,9085.0
21,49,22.324,9085.0
21,49,22.324,9060.0
21,49,22.339,9059.0
21,49,22.339,9057.0
21,49,22.355,9079.0
21,49,22.355,9079.0
21,49,22.37,9083.0
21,49,22.37,9071.0
21,49,22.386,9071.0
21,49,22.386,9081.0
21,49,22.402,9081.0
21,49,22.402,9077.0
21,49,22.417,9084.0
21,49,22.417,9084.0
21,49,22.433,9085.0
21,49,22.433,9085.0
21,49,22.448,9086.0
21,49,22.448,9072.0
21,49,22.464,9072.0
21,49,22.464,9070.0
21,49,22.48,9084.0
21,49,22.48,9084.0
21,49,22.495,9087.0
21,49,22.495,9087.0
21,49,22.511,9081.0
21,49,22.511,9080.0
21,49,22.526,9080.0
21,49,22.526,9088.0
21,49,22.542,9080.0
21,49,22.542,9078.0
21,49,22.558,9070.0
21,49,22.558,9070.0
21,49,22.558,9066.0
21,49,22.573,9075.0
21,49,22.573,9075.0
21,49,22.589,9085.0
21,49,22.589,9086.0
21,49,22.604,9090.0
21,49,22.604,9075.0
21,49,22.62,9075.0
21,49,22.62,9064.0
21,49,22.636,9082.0
21,49,22.636,9082.0
21,49,22.651,9065.0
21,49,22.651,9065.0
21,49,22.667,9078.0
21,49,22.667,9088.0
21,49,22.682,9088.0
21,49,22.682,9079.0
21,49,22.698,9080.0
21,49,22.698,9082.0
21,49,22.714,9062.0
21,49,22.714,9062.0
21,49,22.729,9083.0
21,49,22.729,9072.0
21,49,22.745,9072.0
21,49,22.745,9074.0
21,49,22.76,9074.0
21,49,22.76,9073.0
21,49,22.776,9076.0
21,49,22.776,9076.0
21,49,22.792,9082.0
21,49,22.792,9082.0
21,49,22.807,9082.0
21,49,22.807,9088.0
21,49,22.823,9088.0
21,49,22.823,9087.0
21,49,22.838,9083.0
21,49,22.838,9083.0
21,49,22.854,9084.0
21,49,22.854,9087.0
21,49,22.87,9099.0
21,49,22.87,9064.0
21,49,22.885,9064.0
21,49,22.885,9098.0
21,49,22.901,9070.0
21,49,22.901,9070.0
21,49,22.916,9085.0
21,49,22.916,9085.0
21,49,22.932,9081.0
21,49,22.932,9072.0
21,49,22.948,9072.0
21,49,22.948,9075.0
21,49,22.963,9083.0
21,49,22.963,9086.0
21,49,22.979,9086.0
21,49,22.979,9086.0
21,49,22.994,9085.0
21,49,22.994,9080.0
21,49,23.01,9080.0
21,49,23.01,9082.0
21,49,23.026,9082.0
21,49,23.026,9092.0
21,49,23.041,9079.0
21,49,23.041,9079.0
21,49,23.057,9092.0
21,49,23.057,9079.0
21,49,23.072,9079.0
21,49,23.072,9078.0
21,49,23.104,9078.0
21,49,23.104,9078.0
21,49,23.119,9092.0
21,49,23.119,9092.0
21,49,23.135,9083.0
21,49,23.135,9081.0
21,49,23.15,9078.0
21,49,23.15,9081.0
21,49,23.15,9081.0
21,49,23.166,9074.0
21,49,23.166,9077.0
21,49,23.182,9077.0
21,49,23.182,9100.0
21,49,23.197,9100.0
21,49,23.213,9070.0
21,49,23.213,9094.0
21,49,23.228,9094.0
21,49,23.228,9077.0
21,49,23.244,9086.0
21,49,23.244,9090.0
21,49,23.26,9078.0
21,49,23.26,9078.0
21,49,23.275,9080.0
21,49,23.275,9089.0
21,49,23.291,9089.0
21,49,23.291,9085.0
21,49,23.306,9079.0
21,49,23.306,9063.0
21,49,23.322,9077.0
21,49,23.322,9077.0
21,49,23.338,9078.0
21,49,23.338,9076.0
21,49,23.353,9076.0
21,49,23.353,9082.0
21,49,23.369,9082.0
21,49,23.369,9088.0
21,49,23.384,9085.0
21,49,23.384,9085.0
21,49,23.384,9071.0
21,49,23.4,9073.0
21,49,23.416,9075.0
21,49,23.416,9088.0
21,49,23.416,9088.0
21,49,23.431,9085.0
21,49,23.431,9093.0
21,49,23.447,9093.0
21,49,23.447,9078.0
21,49,23.462,9078.0
21,49,23.462,9076.0
21,49,23.478,9086.0
21,49,23.478,9086.0
21,49,23.494,9099.0
21,49,23.494,9099.0
21,49,23.494,9100.0
21,49,23.494,9075.0
21,49,23.494,9075.0
21,49,23.494,9072.0
21,49,23.509,9071.0
21,49,23.509,9071.0
21,49,23.509,9102.0
21,49,23.509,9096.0
21,49,23.509,9081.0
21,49,23.525,9080.0
21,49,23.54,9080.0
21,49,23.54,9069.0
21,49,23.556,9081.0
21,49,23.556,9081.0
21,49,23.556,9090.0
21,49,23.572,9090.0
21,49,23.572,9085.0
21,49,23.587,9093.0
21,49,23.587,9093.0
21,49,23.603,9076.0
21,49,23.603,9085.0
21,49,23.603,9095.0
21,49,23.618,9074.0
21,49,23.618,9074.0
21,49,23.634,9082.0
21,49,23.634,9078.0
21,49,23.634,9078.0
21,49,23.65,9081.0
21,49,23.65,9081.0
21,49,23.665,9082.0
21,49,23.665,9092.0
21,49,23.681,9092.0
21,49,23.681,9078.0
21,49,23.696,9099.0
21,49,23.696,9099.0
21,49,23.712,9078.0
21,49,23.712,9078.0
21,49,23.728,9075.0
21,49,23.728,9081.0
21,49,23.743,9081.0
21,49,23.743,9083.0
21,49,23.759,9076.0
21,49,23.759,9070.0
21,49,23.774,9071.0
21,49,23.774,9071.0
21,49,23.79,9085.0
21,49,23.79,9065.0
21,49,23.806,9065.0
21,49,23.806,9084.0
21,49,23.806,9084.0
21,49,23.821,9073.0
21,49,23.837,9079.0
21,49,23.837,9079.0
21,49,23.837,9091.0
21,49,23.852,9072.0
21,49,23.852,9066.0
21,49,23.868,9085.0
21,49,23.868,9085.0
21,49,23.884,9078.0
21,49,23.884,9079.0
21,49,23.899,9079.0
21,49,23.899,9089.0
21,49,23.915,9089.0
21,49,23.915,9081.0
21,49,23.93,9116.0
21,49,23.93,9116.0
21,49,23.946,9081.0
21,49,23.946,9099.0
21,49,23.962,9099.0
21,49,23.962,9078.0
21,49,23.977,9078.0
21,49,23.977,9075.0
21,49,23.993,9072.0
21,49,23.993,9072.0
21,49,24.008,9084.0
21,49,24.008,9087.0
21,49,24.024,9090.0
21,49,24.024,9081.0
21,49,24.04,9081.0
21,49,24.04,9082.0
21,49,24.04,9091.0
21,49,24.055,9091.0
21,49,24.055,9082.0
21,49,24.071,9082.0
21,49,24.071,9081.0
21,49,24.086,9085.0
21,49,24.086,9085.0
21,49,24.102,9084.0
21,49,24.102,9090.0
21,49,24.118,9093.0
21,49,24.118,9078.0
21,49,24.133,9078.0
21,49,24.133,9078.0
21,49,24.149,9085.0
21,49,24.149,9085.0
21,49,24.164,9082.0
21,49,24.164,9086.0
21,49,24.164,9100.0
21,49,24.18,9080.0
21,49,24.18,9080.0
21,49,24.196,9078.0
21,49,24.196,9082.0
21,49,24.211,9082.0
21,49,24.211,9097.0
21,49,24.227,9097.0
21,49,24.227,9074.0
21,49,24.242,9078.0
21,49,24.242,9078.0
21,49,24.242,9075.0
21,49,24.258,9071.0
21,49,24.258,9068.0
21,49,24.274,9093.0
21,49,24.274,9093.0
21,49,24.289,9098.0
21,49,24.289,9084.0
21,49,24.305,9084.0
21,49,24.305,9090.0
21,49,24.32,9090.0
21,49,24.32,9089.0
21,49,24.336,9089.0
21,49,24.336,9089.0
21,49,24.352,9081.0
21,49,24.352,9105.0
21,49,24.367,9113.0
21,49,24.367,9071.0
21,49,24.383,9071.0
21,49,24.383,9076.0
21,49,24.398,9081.0
21,49,24.398,9081.0
21,49,24.414,9086.0
21,49,24.414,9087.0
21,49,24.43,9090.0
21,49,24.43,9076.0
21,49,24.43,9076.0
21,49,24.445,9103.0
21,49,24.445,9086.0
21,49,24.461,9086.0
21,49,24.461,9085.0
21,49,24.476,9085.0
21,49,24.476,9095.0
21,49,24.492,9093.0
21,49,24.492,9093.0
21,49,24.508,9084.0
21,49,24.523,9082.0
21,49,24.523,9081.0
21,49,24.523,9096.0
21,49,24.539,9096.0
21,49,24.539,9076.0
21,49,24.554,9076.0
21,49,24.554,9076.0
21,49,24.57,9074.0
21,49,24.57,9074.0
21,49,24.586,9077.0
21,49,24.586,9097.0
21,49,24.601,9097.0
21,49,24.601,9093.0
21,49,24.617,9086.0
21,49,24.617,9086.0
21,49,24.632,9073.0
21,49,24.632,9073.0
21,49,24.648,9076.0
21,49,24.648,9100.0
21,49,24.664,9100.0
21,49,24.664,9089.0
21,49,24.664,9082.0
21,49,24.679,9076.0
21,49,24.679,9089.0
21,49,24.695,9089.0
21,49,24.695,9083.0
21,49,24.71,9079.0
21,49,24.726,9079.0
21,49,24.726,9074.0
21,49,24.726,9074.0
21,49,24.742,9085.0
21,49,24.742,9080.0
21,49,24.757,9080.0
21,49,24.757,9097.0
21,49,24.773,9084.0
21,49,24.773,9080.0
21,49,24.788,9071.0
21,49,24.788,9071.0
21,49,24.804,9075.0
21,49,24.804,9085.0
21,49,24.82,9085.0
21,49,24.82,9086.0
21,49,24.835,9086.0
21,49,24.835,9098.0
21,49,24.851,9080.0
21,49,24.851,9080.0
21,49,24.851,9102.0
21,49,24.866,9089.0
21,49,24.866,9089.0
21,49,24.882,9097.0
21,49,24.882,9097.0
21,49,24.898,9095.0
21,49,24.898,9081.0
21,49,24.913,9081.0
21,49,24.913,9071.0
21,49,24.929,9078.0
21,49,24.929,9086.0
21,49,24.944,9090.0
21,49,24.944,9090.0
21,49,24.96,9085.0
21,49,24.96,9090.0
21,49,24.976,9090.0
21,49,24.976,9079.0
21,49,24.991,9079.0
21,49,24.991,9077.0
21,49,25.007,9099.0
21,49,25.007,9099.0
21,49,25.022,9082.0
21,49,25.022,9088.0
21,49,25.038,9091.0
21,49,25.038,9089.0
21,49,25.054,9089.0
21,49,25.054,9077.0
21,49,25.069,9091.0
21,49,25.069,9091.0
21,49,25.085,9093.0
21,49,25.085,9089.0
21,49,25.1,9080.0
21,49,25.1,9096.0
21,49,25.116,9096.0
21,49,25.116,9092.0
21,49,25.132,9080.0
21,49,25.132,9080.0
21,49,25.147,9092.0
21,49,25.147,9092.0
21,49,25.147,9089.0
21,49,25.163,9090.0
21,49,25.163,9090.0
21,49,25.178,9080.0
21,49,25.178,9086.0
21,49,25.194,9093.0
21,49,25.194,9091.0
21,49,25.21,9091.0
21,49,25.21,9097.0
21,49,25.225,9086.0
21,49,25.225,9086.0
21,49,25.241,9077.0
21,49,25.241,9077.0
21,49,25.256,9102.0
21,49,25.256,9088.0
21,49,25.272,9088.0
21,49,25.272,9096.0
21,49,25.272,9104.0
21,49,25.288,9104.0
21,49,25.288,9087.0
21,49,25.303,9087.0
21,49,25.303,9093.0
21,49,25.319,9086.0
21,49,25.319,9086.0
21,49,25.334,9095.0
21,49,25.334,9097.0
21,49,25.35,9105.0
21,49,25.35,9104.0
21,49,25.366,9104.0
21,49,25.366,9093.0
21,49,25.381,9053.0
21,49,25.381,9053.0
21,49,25.397,9057.0
21,49,25.397,9057.0
21,49,25.412,9025.0
21,49,25.412,9088.0
21,49,25.412,9088.0
21,49,25.428,9165.0
21,49,25.428,9243.0
21,49,25.444,9270.0
21,49,25.444,9272.0
21,49,25.459,9272.0
21,49,25.459,9179.0
21,49,25.475,9097.0
21,49,25.475,9097.0
21,49,25.49,9047.0
21,49,25.49,9047.0
21,49,25.506,9061.0
21,49,25.506,9110.0
21,49,25.522,9110.0
21,49,25.522,9196.0
21,49,25.537,9154.0
21,49,25.537,9154.0
21,49,25.537,9108.0
21,49,25.553,9108.0
21,49,25.568,9061.0
21,49,25.568,9112.0
21,49,25.568,9112.0
21,49,25.584,9126.0
21,49,25.584,9135.0
21,49,25.6,9144.0
21,49,25.6,9121.0
21,49,25.615,9121.0
21,49,25.615,9129.0
21,49,25.615,9133.0
21,49,25.631,9133.0
21,49,25.631,9174.0
21,49,25.646,9174.0
21,49,25.646,9199.0
21,49,25.662,9186.0
21,49,25.662,9186.0
21,49,25.678,9139.0
21,49,25.678,9128.0
21,49,25.693,9128.0
21,49,25.693,9156.0
21,49,25.709,9156.0
21,49,25.709,9133.0
21,49,25.724,9051.0
21,49,25.724,9051.0
21,49,25.74,9090.0
21,49,25.74,9104.0
21,49,25.756,9146.0
21,49,25.756,9153.0
21,49,25.771,9153.0
21,49,25.771,9101.0
21,49,25.787,9101.0
21,49,25.787,9101.0
21,49,25.802,9087.0
21,49,25.802,9087.0
21,49,25.818,9084.0
21,49,25.818,9053.0
21,49,25.834,9053.0
21,49,25.834,9042.0
21,49,25.849,9014.0
21,49,25.849,9005.0
21,49,25.865,8978.0
21,49,25.865,8978.0
21,49,25.88,8978.0
21,49,25.88,8964.0
21,49,25.896,8964.0
21,49,25.896,8939.0
21,49,25.912,8939.0
21,49,25.912,8913.0
21,49,25.927,8901.0
21,49,25.927,8901.0
21,49,25.943,8918.0
21,49,25.943,8911.0
21,49,25.958,8911.0
21,49,25.958,8934.0
21,49,25.974,8934.0
21,49,25.974,8907.0
21,49,25.974,8900.0
21,49,25.99,8900.0
21,49,26.005,8902.0
21,49,26.005,8894.0
21,49,26.005,8886.0
21,49,26.021,8893.0
21,49,26.021,8893.0
21,49,26.036,8903.0
21,49,26.052,8914.0
21,49,26.052,8914.0
21,49,26.068,8913.0
21,49,26.068,8913.0
21,49,26.068,8884.0
21,49,26.083,8873.0
21,49,26.083,8873.0
21,49,26.099,8861.0
21,49,26.099,8872.0
21,49,26.114,8872.0
21,49,26.114,8831.0
21,49,26.13,8831.0
21,49,26.13,8823.0
21,49,26.146,8838.0
21,49,26.146,8838.0
21,49,26.161,8849.0
21,49,26.161,8858.0
21,49,26.177,8868.0
21,49,26.177,8842.0
21,49,26.192,8842.0
21,49,26.192,8850.0
21,49,26.208,8884.0
21,49,26.208,8884.0
21,49,26.224,8874.0
21,49,26.224,8874.0
21,49,26.239,8858.0
21,49,26.239,8832.0
21,49,26.255,8832.0
21,49,26.255,8856.0
21,49,26.27,8855.0
21,49,26.27,8855.0
21,49,26.286,8855.0
21,49,26.302,8855.0
21,49,26.302,8843.0
21,49,26.317,8824.0
21,49,26.317,8824.0
21,49,26.333,8807.0
21,49,26.333,8802.0
21,49,26.348,8797.0
21,49,26.348,8806.0
21,49,26.364,8806.0
21,49,26.364,8803.0
21,49,26.38,8801.0
21,49,26.38,8801.0
21,49,26.38,8802.0
21,49,26.395,8802.0
21,49,26.395,8786.0
21,49,26.411,8777.0
21,49,26.411,8777.0
21,49,26.426,8774.0
21,49,26.426,8771.0
21,49,26.442,8770.0
21,49,26.442,8764.0
21,49,26.458,8764.0
21,49,26.458,8754.0
21,49,26.473,8742.0
21,49,26.473,8742.0
21,49,26.489,8746.0
21,49,26.489,8750.0
21,49,26.504,8750.0
21,49,26.504,8740.0
21,49,26.52,8738.0
21,49,26.52,8738.0
21,49,26.536,8712.0
21,49,26.536,8718.0
21,49,26.551,8714.0
21,49,26.551,8714.0
21,49,26.567,8703.0
21,49,26.567,8699.0
21,49,26.582,8699.0
21,49,26.582,8688.0
21,49,26.598,8695.0
21,49,26.598,8692.0
21,49,26.614,8691.0
21,49,26.614,8693.0
21,49,26.629,8672.0
21,49,26.629,8672.0
21,49,26.629,8688.0
21,49,26.645,8671.0
21,49,26.66,8671.0
21,49,26.66,8685.0
21,49,26.676,8669.0
21,49,26.676,8669.0
21,49,26.692,8670.0
21,49,26.692,8676.0
21,49,26.692,8678.0
21,49,26.707,8678.0
21,49,26.723,8681.0
21,49,26.723,8675.0
21,49,26.723,8675.0
21,49,26.738,8676.0
21,49,26.738,8683.0
21,49,26.754,8683.0
21,49,26.77,8684.0
21,49,26.77,8689.0
21,49,26.77,8708.0
21,49,26.785,8715.0
21,49,26.785,8719.0
21,49,26.801,8730.0
21,49,26.801,8730.0
21,49,26.816,8729.0
21,49,26.816,8730.0
21,49,26.832,8738.0
21,49,26.832,8738.0
21,49,26.848,8739.0
21,49,26.863,8750.0
21,49,26.863,8750.0
21,49,26.863,8754.0
21,49,26.879,8768.0
21,49,26.879,8767.0
21,49,26.894,8767.0
21,49,26.894,8794.0
21,49,26.91,8804.0
21,49,26.91,8804.0
21,49,26.926,8827.0
21,49,26.926,8857.0
21,49,26.941,8845.0
21,49,26.941,8845.0
21,49,26.957,8865.0
21,49,26.957,8891.0
21,49,26.972,8929.0
21,49,26.972,8947.0
21,49,26.988,8954.0
21,49,26.988,8999.0
21,49,27.004,9009.0
21,49,27.004,9018.0
21,49,27.019,9018.0
21,49,27.019,8982.0
21,49,27.035,8947.0
21,49,27.035,8937.0
21,49,27.05,8935.0
21,49,27.05,8931.0
21,49,27.066,8952.0
21,49,27.066,8968.0
21,49,27.084,8970.0
21,49,27.084,8970.0
21,49,27.099,8934.0
21,49,27.099,8935.0
21,49,27.115,8941.0
21,49,27.115,8946.0
21,49,27.13,8951.0
21,49,27.13,8952.0
21,49,27.146,8947.0
21,49,27.146,8926.0
21,49,27.162,8920.0
21,49,27.162,8891.0
21,49,27.177,8874.0
21,49,27.177,8874.0
21,49,27.193,8853.0
21,49,27.193,8841.0
21,49,27.208,8847.0
21,49,27.208,8847.0
21,49,27.224,8835.0
21,49,27.224,8842.0
21,49,27.24,8841.0
21,49,27.24,8841.0
21,49,27.255,8820.0
21,49,27.255,8803.0
21,49,27.271,8799.0
21,49,27.271,8787.0
21,49,27.286,8775.0
21,49,27.286,8769.0
21,49,27.302,8769.0
21,49,27.302,8758.0
21,49,27.318,8762.0
21,49,27.318,8758.0
21,49,27.333,8746.0
21,49,27.333,8752.0
21,49,27.349,8766.0
21,49,27.349,8768.0
21,49,27.364,8768.0
21,49,27.364,8767.0
21,49,27.38,8772.0
21,49,27.38,8781.0
21,49,27.396,8781.0
21,49,27.396,8753.0
21,49,27.411,8739.0
21,49,27.411,8739.0
21,49,27.427,8725.0
21,49,27.427,8725.0
21,49,27.442,8740.0
21,49,27.442,8740.0
21,49,27.458,8736.0
21,49,27.458,8744.0
21,49,27.474,8744.0
21,49,27.474,8732.0
21,49,27.489,8727.0
21,49,27.489,8729.0
21,49,27.505,8732.0
21,49,27.505,8713.0
21,49,27.52,8713.0
21,49,27.52,8733.0
21,49,27.536,8733.0
21,49,27.536,8735.0
21,49,27.552,8738.0
21,49,27.552,8737.0
21,49,27.567,8731.0
21,49,27.567,8731.0
21,49,27.583,8723.0
21,49,27.583,8732.0
21,49,27.598,8721.0
21,49,27.598,8725.0
21,49,27.614,8725.0
21,49,27.614,8754.0
21,49,27.63,8748.0
21,49,27.63,8745.0
21,49,27.63,8745.0
21,49,27.645,8749.0
21,49,27.661,8731.0
21,49,27.661,8731.0
21,49,27.676,8746.0
21,49,27.676,8749.0
21,49,27.692,8750.0
21,49,27.692,8756.0
21,49,27.708,8758.0
21,49,27.708,8747.0
21,49,27.723,8747.0
21,49,27.723,8762.0
21,49,27.723,8760.0
21,49,27.739,8762.0
21,49,27.754,8762.0
21,49,27.754,8787.0
21,49,27.77,8801.0
21,49,27.77,8809.0
21,49,27.786,8833.0
21,49,27.786,8858.0
21,49,27.801,8898.0
21,49,27.801,8898.0
21,49,27.817,8899.0
21,49,27.817,8862.0
21,49,27.832,8862.0
21,49,27.832,8850.0
21,49,27.848,8844.0
21,49,27.848,8839.0
21,49,27.864,8839.0
21,49,27.864,8853.0
21,49,27.879,8868.0
21,49,27.895,8855.0
21,49,27.895,8855.0
21,49,27.895,8845.0
21,49,27.91,8829.0
21,49,27.91,8835.0
21,49,27.926,8835.0
21,49,27.926,8850.0
21,49,27.942,8848.0
21,49,27.942,8846.0
21,49,27.957,8840.0
21,49,27.957,8844.0
21,49,27.973,8843.0
21,49,27.973,8823.0
21,49,27.988,8823.0
21,49,27.988,8814.0
21,49,28.004,8791.0
21,49,28.004,8798.0
21,49,28.02,8798.0
21,49,28.02,8796.0
21,49,28.035,8788.0
21,49,28.035,8788.0
21,49,28.035,8817.0
21,49,28.051,8800.0
21,49,28.051,8795.0
21,49,28.066,8795.0
21,49,28.066,8802.0
21,49,28.082,8801.0
21,49,28.098,8801.0
21,49,28.098,8811.0
21,49,28.113,8822.0
21,49,28.113,8829.0
21,49,28.129,8829.0
21,49,28.129,8820.0
21,49,28.144,8828.0
21,49,28.144,8828.0
21,49,28.16,8828.0
21,49,28.16,8801.0
21,49,28.176,8809.0
21,49,28.176,8809.0
21,49,28.191,8800.0
21,49,28.191,8807.0
21,49,28.207,8813.0
21,49,28.207,8820.0
21,49,28.207,8826.0
21,49,28.222,8826.0
21,49,28.238,8826.0
21,49,28.238,8813.0
21,49,28.254,8802.0
21,49,28.254,8804.0
21,49,28.269,8806.0
21,49,28.269,8806.0
21,49,28.269,8811.0
21,49,28.285,8811.0
21,49,28.285,8814.0
21,49,28.3,8816.0
21,49,28.3,8809.0
21,49,28.316,8809.0
21,49,28.316,8808.0
21,49,28.332,8802.0
21,49,28.332,8799.0
21,49,28.347,8799.0
21,49,28.347,8797.0
21,49,28.363,8814.0
21,49,28.363,8814.0
21,49,28.378,8817.0
21,49,28.378,8835.0
21,49,28.394,8826.0
21,49,28.394,8826.0
21,49,28.41,8830.0
21,49,28.41,8866.0
21,49,28.425,8894.0
21,49,28.425,8894.0
21,49,28.441,8915.0
21,49,28.441,8845.0
21,49,28.456,8775.0
21,49,28.456,8752.0
21,49,28.472,8761.0
21,49,28.472,8807.0
21,49,28.488,8807.0
21,49,28.488,8837.0
21,49,28.503,8859.0
21,49,28.503,8859.0
21,49,28.519,8866.0
21,49,28.519,8893.0
21,49,28.534,8883.0
21,49,28.534,8883.0
21,49,28.55,8844.0
21,49,28.55,8818.0
21,49,28.566,8818.0
21,49,28.566,8817.0
21,49,28.566,8819.0
21,49,28.581,8834.0
21,49,28.581,8834.0
21,49,28.597,8846.0
21,49,28.597,8896.0
21,49,28.612,8913.0
21,49,28.612,8913.0
21,49,28.628,8918.0
21,49,28.628,8926.0
21,49,28.644,8926.0
21,49,28.644,8936.0
21,49,28.659,8923.0
21,49,28.659,8923.0
21,49,28.675,8889.0
21,49,28.69,8904.0
21,49,28.69,8904.0
21,49,28.706,8945.0
21,49,28.706,8965.0
21,49,28.722,8965.0
21,49,28.722,9015.0
21,49,28.737,9041.0
21,49,28.737,9082.0
21,49,28.753,9082.0
21,49,28.753,9128.0
21,49,28.768,9139.0
21,49,28.768,9139.0
21,49,28.768,9060.0
21,49,28.784,8989.0
21,49,28.8,8989.0
21,49,28.8,8963.0
21,49,28.815,8967.0
21,49,28.815,9003.0
21,49,28.831,9003.0
21,49,28.831,9021.0
21,49,28.846,9029.0
21,49,28.846,9061.0
21,49,28.862,9061.0
21,49,28.862,9076.0
21,49,28.878,9100.0
21,49,28.878,9100.0
21,49,28.893,9071.0
21,49,28.893,9086.0
21,49,28.909,9086.0
21,49,28.909,9052.0
21,49,28.924,9070.0
21,49,28.924,9070.0
21,49,28.94,9102.0
21,49,28.94,9098.0
21,49,28.94,9095.0
21,49,28.956,9089.0
21,49,28.956,9076.0
21,49,28.971,9063.0
21,49,28.987,9063.0
21,49,28.987,9075.0
21,49,28.987,9070.0
21,49,29.002,9059.0
21,49,29.002,9049.0
21,49,29.018,9074.0
21,49,29.018,9103.0
21,49,29.034,9103.0
21,49,29.034,9110.0
21,49,29.049,9115.0
21,49,29.049,9115.0
21,49,29.049,9113.0
21,49,29.065,9094.0
21,49,29.08,9094.0
21,49,29.08,9090.0
21,49,29.096,9056.0
21,49,29.096,9055.0
21,49,29.112,9055.0
21,49,29.112,9059.0
21,49,29.127,9059.0
21,49,29.127,9066.0
21,49,29.143,9090.0
21,49,29.143,9124.0
21,49,29.158,9107.0
21,49,29.158,9107.0
21,49,29.174,9095.0
21,49,29.174,9100.0
21,49,29.19,9077.0
21,49,29.19,9077.0
21,49,29.19,9081.0
21,49,29.205,9071.0
21,49,29.205,9071.0
21,49,29.221,9068.0
21,49,29.221,9061.0
21,49,29.236,9072.0
21,49,29.236,9072.0
21,49,29.236,9092.0
21,49,29.236,9075.0
21,49,29.236,9075.0
21,49,29.236,9074.0
21,49,29.236,9092.0
21,49,29.236,9092.0
21,49,29.236,9071.0
21,49,29.252,9069.0
21,49,29.252,9069.0
21,49,29.252,9076.0
21,49,29.252,9087.0
21,49,29.252,9087.0
21,49,29.252,9087.0
21,49,29.252,9087.0
21,49,29.252,9087.0
21,49,29.252,9084.0
21,49,29.252,9089.0
21,49,29.252,9089.0
21,49,29.268,9084.0
21,49,29.268,9071.0
21,49,29.268,9066.0
21,49,29.268,9066.0
21,49,29.268,9082.0
21,49,29.268,9088.0
21,49,29.268,9077.0
21,49,29.268,9074.0
21,49,29.268,9075.0
21,49,29.268,9083.0
21,49,29.268,9091.0
21,49,29.283,9085.0
21,49,29.283,9081.0
21,49,29.283,9081.0
21,49,29.283,9072.0
21,49,29.283,9076.0
21,49,29.283,9076.0
21,49,29.283,9085.0
21,49,29.283,9078.0
21,49,29.283,9083.0
21,49,29.283,9101.0
21,49,29.283,9092.0
21,49,29.283,9089.0
21,49,29.299,9089.0
21,49,29.299,9097.0
21,49,29.299,9092.0
21,49,29.299,9084.0
21,49,29.299,9076.0
21,49,29.299,9090.0
21,49,29.299,9082.0
21,49,29.299,9082.0
21,49,29.299,9080.0
21,49,29.299,9090.0
21,49,29.299,9090.0
21,49,29.314,9081.0
21,49,29.314,9089.0
21,49,29.314,9088.0
21,49,29.314,9085.0
21,49,29.314,9091.0
21,49,29.314,9090.0
21,49,29.314,9090.0
21,49,29.314,9088.0
21,49,29.314,9096.0
21,49,29.314,9081.0
21,49,29.314,9081.0
21,49,29.314,9082.0
21,49,29.33,9082.0
21,49,29.33,9082.0
21,49,29.33,9090.0
21,49,29.33,9084.0
21,49,29.33,9084.0
21,49,29.33,9074.0
21,49,29.33,9072.0
21,49,29.33,9078.0
21,49,29.33,9080.0
21,49,29.33,9078.0
21,49,29.33,9078.0
21,49,29.346,9078.0
21,49,29.346,9071.0
21,49,29.346,9091.0
21,49,29.346,9091.0
21,49,29.346,9082.0
21,49,29.346,9107.0
21,49,29.346,9092.0
21,49,29.346,9092.0
21,49,29.346,9081.0
21,49,29.346,9085.0
21,49,29.346,9085.0
21,49,29.361,9075.0
21,49,29.361,9101.0
21,49,29.361,9101.0
21,49,29.361,9090.0
21,49,29.361,9082.0
21,49,29.361,9083.0
21,49,29.361,9083.0
21,49,29.361,9091.0
21,49,29.361,9087.0
21,49,29.361,9087.0
21,49,29.361,9076.0
21,49,29.377,9092.0
21,49,29.377,9090.0
21,49,29.377,9079.0
21,49,29.377,9079.0
21,49,29.377,9081.0
21,49,29.377,9081.0
21,49,29.377,9081.0
21,49,29.377,9091.0
21,49,29.377,9087.0
21,49,29.377,9092.0
21,49,29.377,9092.0
21,49,29.392,9094.0
21,49,29.392,9080.0
21,49,29.392,9091.0
21,49,29.392,9091.0
21,49,29.392,9087.0
21,49,29.392,9086.0
21,49,29.392,9099.0
21,49,29.392,9099.0
21,49,29.392,9092.0
21,49,29.392,9092.0
21,49,29.392,9097.0
21,49,29.408,9097.0
21,49,29.408,9088.0
21,49,29.408,9091.0
21,49,29.408,9091.0
21,49,29.408,9103.0
21,49,29.408,9087.0
21,49,29.408,9105.0
21,49,29.408,9105.0
21,49,29.408,9092.0
21,49,29.408,9093.0
21,49,29.408,9093.0
21,49,29.424,9074.0
21,49,29.424,9083.0
21,49,29.424,9094.0
21,49,29.424,9094.0
21,49,29.424,9068.0
21,49,29.424,9074.0
21,49,29.424,9080.0
21,49,29.424,9082.0
21,49,29.424,9088.0
21,49,29.424,9086.0
21,49,29.424,9086.0
21,49,29.439,9101.0
21,49,29.439,9097.0
21,49,29.439,9093.0
21,49,29.439,9081.0
21,49,29.439,9076.0
21,49,29.439,9076.0
21,49,29.439,9092.0
21,49,29.439,9086.0
21,49,29.439,9088.0
21,49,29.439,9088.0
21,49,29.439,9088.0
21,49,29.455,9088.0
21,49,29.455,9079.0
21,49,29.455,9094.0
21,49,29.455,9094.0
21,49,29.455,9093.0
21,49,29.455,9085.0
21,49,29.455,9082.0
21,49,29.455,9082.0
21,49,29.455,9096.0
21,49,29.455,9094.0
21,49,29.455,9094.0
21,49,29.47,9088.0
21,49,29.47,9090.0
21,49,29.47,9090.0
21,49,29.47,9080.0
21,49,29.47,9075.0
21,49,29.47,9075.0
21,49,29.47,9099.0
21,49,29.47,9093.0
21,49,29.47,9093.0
21,49,29.47,9093.0
21,49,29.47,9083.0
21,49,29.486,9083.0
21,49,29.486,9100.0
21,49,29.486,9083.0
21,49,29.486,9083.0
21,49,29.486,9081.0
21,49,29.486,9081.0
21,49,29.486,9081.0
21,49,29.486,9101.0
21,49,29.486,9101.0
21,49,29.486,9083.0
21,49,29.486,9085.0
21,49,29.502,9093.0
21,49,29.502,9092.0
21,49,29.502,9092.0
21,49,29.502,9089.0
21,49,29.502,9093.0
21,49,29.502,9093.0
21,49,29.502,9091.0
21,49,29.502,9091.0
21,49,29.502,9089.0
21,49,29.502,9087.0
21,49,29.517,9087.0
21,49,29.517,9088.0
21,49,29.517,9106.0
21,49,29.517,9113.0
21,49,29.517,9089.0
21,49,29.517,9089.0
21,49,29.517,9081.0
21,49,29.517,9104.0
21,49,29.517,9104.0
21,49,29.517,9104.0
21,49,29.517,9104.0
21,49,29.517,9089.0
21,49,29.533,9084.0
21,49,29.533,9084.0
21,49,29.533,9100.0
21,49,29.538,9095.0
21,49,29.538,9095.0
21,49,29.538,9087.0
21,49,29.538,9087.0
21,49,29.543,9082.0
21,49,29.543,9093.0
21,49,29.543,9093.0
21,49,29.553,9084.0
21,49,29.558,9090.0
21,49,29.563,9097.0
21,49,29.573,9094.0
21,49,29.578,9094.0
21,49,29.583,9089.0
21,49,29.593,9089.0
21,49,29.598,9089.0
21,49,29.603,9092.0
21,49,29.613,9092.0
21,49,29.618,9092.0
21,49,29.623,9096.0
21,49,29.628,9096.0
21,49,29.638,9080.0
21,49,29.643,9091.0
21,49,29.648,9095.0
21,49,29.658,9101.0
21,49,29.663,9101.0
21,49,29.668,9098.0
21,49,29.678,9094.0
21,49,29.683,9094.0
21,49,29.688,9087.0
21,49,29.698,9090.0
21,49,29.703,9100.0
21,49,29.708,9081.0
21,49,29.718,9081.0
21,49,29.723,9085.0
21,49,29.728,9081.0
21,49,29.733,9081.0
21,49,29.743,9079.0
21,49,29.748,9079.0
21,49,29.753,9090.0
21,49,29.763,9089.0
21,49,29.768,9089.0
21,49,29.773,9090.0
21,49,29.783,9088.0
21,49,29.788,9087.0
21,49,29.793,9075.0
21,49,29.803,9075.0
21,49,29.808,9097.0
21,49,29.813,9106.0
21,49,29.823,9106.0
21,49,29.828,9101.0
21,49,29.833,9101.0
21,49,29.838,9095.0
21,49,29.848,9101.0
21,49,29.853,9101.0
21,49,29.858,9090.0
21,49,29.868,9086.0
21,49,29.873,9086.0
21,49,29.878,9083.0
21,49,29.888,9083.0
21,49,29.893,9099.0
21,49,29.898,9100.0
21,49,29.908,9100.0
21,49,29.913,9086.0
21,49,29.918,9088.0
21,49,29.928,9096.0
21,49,29.933,9098.0
21,49,29.938,9098.0
21,49,29.943,9100.0
21,49,29.953,9103.0
21,49,29.958,9103.0
21,49,29.963,9086.0
21,49,29.973,9086.0
21,49,29.978,9109.0
21,49,29.983,9093.0
21,49,29.993,9093.0
21,49,29.998,9099.0
21,49,30.003,9092.0
21,49,30.013,9090.0
21,49,30.018,9095.0
21,49,30.023,9095.0
21,49,30.033,9083.0
21,49,30.038,9089.0
21,49,30.043,9089.0
21,49,30.053,9099.0
21,49,30.058,9099.0
21,49,30.063,9100.0
21,49,30.068,9086.0
21,49,30.078,9086.0
21,49,30.083,9096.0
21,49,30.088,9092.0
21,49,30.098,9092.0
21,49,30.103,9098.0
21,49,30.108,9098.0
21,49,30.118,9102.0
21,49,30.123,9095.0
21,49,30.128,9095.0
21,49,30.138,9092.0
21,49,30.143,9091.0
21,49,30.148,9090.0
21,49,30.158,9087.0
21,49,30.163,9087.0
21,49,30.168,9097.0
21,49,30.177,9090.0
21,49,30.183,9090.0
21,49,30.188,9096.0
21,49,30.197,9096.0
21,49,30.203,9086.0
21,49,30.208,9094.0
21,49,30.217,9094.0
21,49,30.223,9097.0
21,49,30.228,9084.0
21,49,30.236,9084.0
21,49,30.244,9088.0
21,49,30.249,9088.0
21,49,30.259,9106.0
21,49,30.269,9105.0
21,49,30.279,9105.0
21,49,30.286,9103.0
21,49,30.294,9101.0
21,49,30.302,9096.0
21,49,30.313,9106.0
21,49,30.323,9106.0
21,49,30.337,9103.0
21,49,30.344,9089.0
21,49,30.351,9089.0
21,49,30.358,9106.0
21,49,30.363,9106.0
21,49,30.374,9124.0
21,49,30.378,9123.0
21,49,30.39,9123.0
21,49,30.398,9114.0
21,49,30.405,9130.0
21,49,30.412,9136.0
21,49,30.419,9142.0
21,49,30.428,9142.0
21,49,30.434,9152.0
21,49,30.444,9160.0
21,49,30.451,9160.0
21,49,30.456,9182.0
21,49,30.467,9182.0
21,49,30.476,9210.0
21,49,30.484,9229.0
21,49,30.491,9229.0
21,49,30.501,9248.0
21,49,30.508,9274.0
21,49,30.513,9274.0
21,49,30.525,9312.0
21,49,30.533,9312.0
21,49,30.54,9338.0
21,49,30.548,9357.0
21,49,30.558,9357.0
21,49,30.565,9383.0
21,49,30.57,9404.0
21,49,30.581,9425.0
21,49,30.585,9464.0
21,49,30.597,9464.0
21,49,30.604,9486.0
21,49,30.613,9517.0
21,49,30.62,9517.0
21,49,30.627,9552.0
21,49,30.637,9552.0
21,49,30.647,9589.0
21,49,30.654,9643.0
21,49,30.662,9643.0
21,49,30.669,9726.0
21,49,30.677,9801.0
21,49,30.685,9826.0
21,49,30.692,9951.0
21,49,30.7,9951.0
21,49,30.708,10100.0
21,49,30.715,10299.0
21,49,30.723,10299.0
21,49,30.73,10528.0
21,49,30.739,10588.0
21,49,30.746,10771.0
21,49,30.755,11064.0
21,49,30.762,11064.0
21,49,30.769,11457.0
21,49,30.777,11920.0
21,49,30.787,11920.0
21,49,30.796,12168.0
21,49,30.806,12168.0
21,49,30.815,12099.0
21,49,30.822,11848.0
21,49,30.832,11848.0
21,49,30.84,11516.0
21,49,30.848,11382.0
21,49,30.855,11249.0
21,49,30.864,11049.0
21,49,30.871,11049.0
21,49,30.88,10867.0
21,49,30.889,10753.0
21,49,30.897,10753.0
21,49,30.905,10677.0
21,49,30.914,10677.0
21,49,30.922,10613.0
21,49,30.93,10552.0
21,49,30.939,10552.0
21,49,30.946,10498.0
21,49,30.953,10462.0
21,49,30.962,10462.0
21,49,30.97,10419.0
21,49,30.978,10419.0
21,49,30.989,10364.0
21,49,30.999,10299.0
21,49,31.007,10299.0
21,49,31.02,10183.0
21,49,31.029,10152.0
21,49,31.037,10061.0
21,49,31.044,9920.0
21,49,31.053,9920.0
21,49,31.061,9754.0
21,49,31.073,9650.0
21,49,31.082,9650.0
21,49,31.091,9555.0
21,49,31.099,9555.0
21,49,31.109,9491.0
21,49,31.117,9443.0
21,49,31.124,9443.0
21,49,31.132,9416.0
21,49,31.14,9403.0
21,49,31.148,9399.0
21,49,31.155,9362.0
21,49,31.163,9362.0
21,49,31.172,9355.0
21,49,31.179,9336.0
21,49,31.188,9336.0
21,49,31.195,9325.0
21,49,31.205,9322.0
21,49,31.213,9316.0
21,49,31.22,9306.0
21,49,31.228,9306.0
21,49,31.238,9309.0
21,49,31.247,9300.0
21,49,31.256,9300.0
21,49,31.267,9292.0
21,49,31.275,9292.0
21,49,31.283,9295.0
21,49,31.295,9300.0
21,49,31.301,9300.0
21,49,31.31,9283.0
21,49,31.319,9288.0
21,49,31.329,9294.0
21,49,31.337,9293.0
21,49,31.344,9293.0
21,49,31.351,9290.0
21,49,31.359,9307.0
21,49,31.367,9307.0
21,49,31.374,9313.0
21,49,31.381,9313.0
21,49,31.391,9336.0
21,49,31.398,9327.0
21,49,31.407,9327.0
21,49,31.415,9334.0
21,49,31.423,9349.0
21,49,31.431,9354.0
21,49,31.442,9368.0
21,49,31.449,9368.0
21,49,31.456,9397.0
21,49,31.464,9408.0
21,49,31.474,9408.0
21,49,31.481,9442.0
21,49,31.49,9450.0
21,49,31.5,9475.0
21,49,31.508,9524.0
21,49,31.517,9524.0
21,49,31.525,9571.0
21,49,31.533,9682.0
21,49,31.543,9682.0
21,49,31.552,9830.0
21,49,31.56,9830.0
21,49,31.568,10065.0
21,49,31.576,10366.0
21,49,31.588,10366.0
21,49,31.596,10684.0
21,49,31.606,10841.0
21,49,31.614,10894.0
21,49,31.621,10994.0
21,49,31.63,10994.0
21,49,31.642,11134.0
21,49,31.653,11288.0
21,49,31.664,11288.0
21,49,31.675,11412.0
21,49,31.684,11415.0
21,49,31.694,11424.0
21,49,31.703,11401.0
21,49,31.711,11401.0
21,49,31.719,11358.0
21,49,31.727,11265.0
21,49,31.735,11265.0
21,49,31.744,11201.0
21,49,31.752,11201.0
21,49,31.761,11171.0
21,49,31.768,11109.0
21,49,31.776,11109.0
21,49,31.784,11062.0
21,49,31.791,11018.0
21,49,31.798,10974.0
21,49,31.807,10821.0
21,49,31.815,10821.0
21,49,31.824,10640.0
21,49,31.831,10438.0
21,49,31.844,10438.0
21,49,31.852,10220.0
21,49,31.86,10220.0
21,49,31.868,10002.0
21,49,31.876,9844.0
21,49,31.883,9844.0
21,49,31.89,9719.0
21,49,31.898,9658.0
21,49,31.907,9658.0
21,49,31.915,9607.0
21,49,31.924,9607.0
21,49,31.933,9572.0
21,49,31.942,9529.0
21,49,31.959,9529.0
21,49,31.973,9485.0
21,49,31.98,9472.0
21,49,31.988,9460.0
21,49,31.995,9444.0
21,49,32.003,9444.0
21,49,32.01,9419.0
21,49,32.017,9405.0
21,49,32.025,9405.0
21,49,32.033,9384.0
21,49,32.043,9384.0
21,49,32.051,9372.0
21,49,32.06,9383.0
21,49,32.069,9383.0
21,49,32.077,9374.0
21,49,32.084,9383.0
21,49,32.091,9386.0
21,49,32.099,9385.0
21,49,32.107,9385.0
21,49,32.115,9395.0
21,49,32.125,9395.0
21,49,32.135,9395.0
21,49,32.143,9396.0
21,49,32.151,9400.0
21,49,32.159,9413.0
21,49,32.167,9415.0
21,49,32.18,9415.0
21,49,32.187,9428.0
21,49,32.196,9432.0
21,49,32.209,9432.0
21,49,32.217,9433.0
21,49,32.224,9433.0
21,49,32.232,9452.0
21,49,32.242,9470.0
21,49,32.252,9470.0
21,49,32.259,9478.0
21,49,32.267,9494.0
21,49,32.276,9511.0
21,49,32.286,9549.0
21,49,32.294,9549.0
21,49,32.304,9586.0
21,49,32.313,9640.0
21,49,32.321,9640.0
21,49,32.328,9706.0
21,49,32.338,9706.0
21,49,32.346,9795.0
21,49,32.354,9902.0
21,49,32.361,9902.0
21,49,32.373,10039.0
21,49,32.381,10208.0
21,49,32.392,10208.0
21,49,32.402,10444.0
21,49,32.409,10444.0
21,49,32.417,10719.0
21,49,32.424,11024.0
21,49,32.433,11024.0
21,49,32.443,11500.0
21,49,32.451,11792.0
21,49,32.459,12084.0
21,49,32.469,12398.0
21,49,32.476,12398.0
21,49,32.484,12252.0
21,49,32.494,11940.0
21,49,32.503,11940.0
21,49,32.511,11586.0
21,49,32.519,11586.0
21,49,32.526,11264.0
21,49,32.534,11016.0
21,49,32.546,11016.0
21,49,32.555,10793.0
21,49,32.562,10598.0
21,49,32.571,10619.0
21,49,32.581,10447.0
21,49,32.588,10447.0
21,49,32.596,10298.0
21,49,32.607,10184.0
21,49,32.614,10184.0
21,49,32.622,10054.0
21,49,32.629,10023.0
21,49,32.637,9932.0
21,49,32.645,9826.0
21,49,32.652,9826.0
21,49,32.66,9716.0
21,49,32.668,9661.0
21,49,32.679,9661.0
21,49,32.681,9600.0
21,49,32.684,9600.0
21,49,32.692,9533.0
21,49,32.701,9487.0
21,49,32.71,9487.0
21,49,32.718,9464.0
21,49,32.724,9443.0
21,49,32.733,9437.0
21,49,32.742,9425.0
21,49,32.752,9425.0
21,49,32.759,9411.0
21,49,32.767,9391.0
21,49,32.776,9391.0
21,49,32.784,9389.0
21,49,32.791,9389.0
21,49,32.799,9369.0
21,49,32.806,9370.0
21,49,32.814,9370.0
21,49,32.823,9359.0
21,49,32.83,9352.0
21,49,32.839,9352.0
21,49,32.847,9350.0
21,49,32.856,9350.0
21,49,32.864,9343.0
21,49,32.873,9333.0
21,49,32.88,9333.0
21,49,32.887,9333.0
21,49,32.894,9327.0
21,49,32.902,9321.0
21,49,32.911,9316.0
21,49,32.918,9316.0
21,49,32.927,9316.0
21,49,32.934,9307.0
21,49,32.942,9307.0
21,49,32.951,9308.0
21,49,32.959,9308.0
21,49,32.967,9315.0
21,49,32.976,9305.0
21,49,32.984,9305.0
21,49,32.991,9302.0
21,49,32.999,9303.0
21,49,33.009,9304.0
21,49,33.018,9304.0
21,49,33.025,9304.0
21,49,33.032,9294.0
21,49,33.042,9297.0
21,49,33.051,9297.0
21,49,33.058,9304.0
21,49,33.066,9302.0
21,49,33.075,9299.0
21,49,33.084,9282.0
21,49,33.092,9282.0
21,49,33.101,9289.0
21,49,33.111,9276.0
21,49,33.118,9276.0
21,49,33.129,9285.0
21,49,33.14,9285.0
21,49,33.148,9275.0
21,49,33.156,9266.0
21,49,33.163,9266.0
21,49,33.173,9258.0
21,49,33.18,9284.0
21,49,33.188,9293.0
21,49,33.196,9274.0
21,49,33.204,9274.0
21,49,33.211,9285.0
21,49,33.22,9289.0
21,49,33.227,9289.0
21,49,33.235,9291.0
21,49,33.246,9291.0
21,49,33.253,9293.0
21,49,33.261,9307.0
21,49,33.268,9307.0
21,49,33.28,9281.0
21,49,33.288,9292.0
21,49,33.294,9292.0
21,49,33.302,9281.0
21,49,33.31,9281.0
21,49,33.319,9275.0
21,49,33.328,9280.0
21,49,33.335,9280.0
21,49,33.344,9271.0
21,49,33.352,9275.0
21,49,33.359,9279.0
21,49,33.367,9279.0
21,49,33.377,9279.0
21,49,33.383,9266.0
21,49,33.39,9269.0
21,49,33.397,9269.0
21,49,33.407,9255.0
21,49,33.415,9255.0
21,49,33.424,9254.0
21,49,33.431,9261.0
21,49,33.441,9261.0
21,49,33.45,9266.0
21,49,33.457,9262.0
21,49,33.465,9261.0
21,49,33.473,9257.0
21,49,33.481,9257.0
21,49,33.489,9269.0
21,49,33.496,9269.0
21,49,33.505,9269.0
21,49,33.513,9269.0
21,49,33.52,9270.0
21,49,33.528,9275.0
21,49,33.536,9277.0
21,49,33.545,9277.0
21,49,33.552,9275.0
21,49,33.561,9286.0
21,49,33.57,9286.0
21,49,33.578,9287.0
21,49,33.585,9287.0
21,49,33.593,9284.0
21,49,33.599,9283.0
21,49,33.607,9283.0
21,49,33.618,9274.0
21,49,33.625,9273.0
21,49,33.634,9273.0
21,49,33.645,9260.0
21,49,33.654,9260.0
21,49,33.661,9256.0
21,49,33.668,9242.0
21,49,33.676,9242.0
21,49,33.686,9230.0
21,49,33.693,9230.0
21,49,33.701,9208.0
21,49,33.709,9201.0
21,49,33.718,9201.0
21,49,33.725,9187.0
21,49,33.734,9169.0
21,49,33.743,9169.0
21,49,33.75,9171.0
21,49,33.758,9171.0
21,49,33.769,9156.0
21,49,33.778,9142.0
21,49,33.786,9142.0
21,49,33.794,9154.0
21,49,33.802,9145.0
21,49,33.813,9137.0
21,49,33.821,9126.0
21,49,33.828,9126.0
21,49,33.836,9134.0
21,49,33.845,9138.0
21,49,33.852,9138.0
21,49,33.862,9127.0
21,49,33.871,9127.0
21,49,33.879,9112.0
21,49,33.886,9112.0
21,49,33.894,9112.0
21,49,33.902,9112.0
21,49,33.91,9118.0
21,49,33.917,9118.0
21,49,33.926,9104.0
21,49,33.936,9104.0
21,49,33.944,9112.0
21,49,33.953,9123.0
21,49,33.96,9123.0
21,49,33.968,9104.0
21,49,33.975,9104.0
21,49,33.985,9107.0
21,49,33.994,9101.0
21,49,34.001,9101.0
21,49,34.008,9105.0
21,49,34.018,9103.0
21,49,34.027,9103.0
21,49,34.036,9103.0
21,49,34.045,9103.0
21,49,34.054,9104.0
21,49,34.063,9110.0
21,49,34.071,9110.0
21,49,34.086,9095.0
21,49,34.098,9101.0
21,49,34.106,9104.0
21,49,34.116,9097.0
21,49,34.124,9097.0
21,49,34.132,9107.0
21,49,34.142,9110.0
21,49,34.157,9110.0
21,49,34.164,9108.0
21,49,34.172,9109.0
21,49,34.181,9115.0
21,49,34.189,9104.0
21,49,34.198,9104.0
21,49,34.208,9090.0
21,49,34.216,9094.0
21,49,34.223,9094.0
21,49,34.231,9097.0
21,49,34.239,9097.0
21,49,34.248,9107.0
21,49,34.255,9111.0
21,49,34.262,9111.0
21,49,34.272,9107.0
21,49,34.279,9104.0
21,49,34.286,9102.0
21,49,34.295,9103.0
21,49,34.304,9103.0
21,49,34.312,9102.0
21,49,34.319,9119.0
21,49,34.326,9119.0
21,49,34.335,9113.0
21,49,34.343,9113.0
21,49,34.355,9104.0
21,49,34.363,9105.0
21,49,34.372,9105.0
21,49,34.385,9099.0
21,49,34.393,9099.0
21,49,34.4,9100.0
21,49,34.408,9109.0
21,49,34.416,9109.0
21,49,34.423,9108.0
21,49,34.43,9093.0
21,49,34.437,9093.0
21,49,34.446,9107.0
21,49,34.454,9102.0
21,49,34.461,9090.0
21,49,34.471,9100.0
21,49,34.478,9100.0
21,49,34.487,9101.0
21,49,34.494,9109.0
21,49,34.502,9109.0
21,49,34.512,9096.0
21,49,34.52,9096.0
21,49,34.527,9095.0
21,49,34.535,9103.0
21,49,34.544,9103.0
21,49,34.552,9103.0
21,49,34.559,9106.0
21,49,34.566,9107.0
21,49,34.575,9111.0
21,49,34.583,9111.0
21,49,34.591,9098.0
21,49,34.599,9106.0
21,49,34.607,9106.0
21,49,34.614,9107.0
21,49,34.621,9107.0
21,49,34.629,9095.0
21,49,34.637,9104.0
21,49,34.645,9104.0
21,49,34.652,9103.0
21,49,34.66,9116.0
21,49,34.669,9116.0
21,49,34.678,9110.0
21,49,34.685,9110.0
21,49,34.693,9102.0
21,49,34.7,9103.0
21,49,34.708,9103.0
21,49,34.717,9106.0
21,49,34.725,9113.0
21,49,34.733,9120.0
21,49,34.74,9096.0
21,49,34.752,9096.0
21,49,34.761,9103.0
21,49,34.77,9102.0
21,49,34.779,9102.0
21,49,34.787,9107.0
21,49,34.794,9107.0
21,49,34.802,9098.0
21,49,34.81,9110.0
21,49,34.818,9110.0
21,49,34.825,9115.0
21,49,34.833,9105.0
21,49,34.84,9102.0
21,49,34.854,9101.0
21,49,34.861,9101.0
21,49,34.868,9104.0
21,49,34.877,9115.0
21,49,34.884,9115.0
21,49,34.891,9112.0
21,49,34.899,9111.0
21,49,34.906,9111.0
21,49,34.914,9096.0
21,49,34.921,9096.0
21,49,34.929,9116.0
21,49,34.937,9098.0
21,49,34.945,9098.0
21,49,34.953,9102.0
21,49,34.96,9102.0
21,49,34.967,9112.0
21,49,34.975,9110.0
21,49,34.982,9110.0
21,49,34.989,9100.0
21,49,34.996,9101.0
21,49,35.005,9102.0
21,49,35.013,9114.0
21,49,35.021,9114.0
21,49,35.029,9114.0
21,49,35.034,9119.0
21,49,35.041,9119.0
21,49,35.049,9109.0
21,49,35.057,9109.0
21,49,35.064,9107.0
21,49,35.071,9100.0
21,49,35.094,9100.0
21,49,35.102,9107.0
21,49,35.109,9097.0
21,49,35.121,9097.0
21,49,35.131,9099.0
21,49,35.138,9099.0
21,49,35.151,9093.0
21,49,35.159,9092.0
21,49,35.17,9092.0
21,49,35.179,9102.0
21,49,35.191,9100.0
21,49,35.199,9099.0
21,49,35.206,9100.0
21,49,35.214,9100.0
21,49,35.224,9107.0
21,49,35.233,9103.0
21,49,35.241,9103.0
21,49,35.255,9110.0
21,49,35.262,9110.0
21,49,35.269,9105.0
21,49,35.277,9113.0
21,49,35.287,9113.0
21,49,35.295,9117.0
21,49,35.305,9099.0
21,49,35.314,9093.0
21,49,35.322,9095.0
21,49,35.329,9095.0
21,49,35.337,9110.0
21,49,35.345,9113.0
21,49,35.353,9113.0
21,49,35.36,9112.0
21,49,35.368,9106.0
21,49,35.377,9091.0
21,49,35.386,9103.0
21,49,35.394,9103.0
21,49,35.402,9099.0
21,49,35.411,9100.0
21,49,35.419,9100.0
21,49,35.426,9110.0
21,49,35.435,9110.0
21,49,35.442,9095.0
21,49,35.453,9098.0
21,49,35.462,9098.0
21,49,35.471,9109.0
21,49,35.478,9113.0
21,49,35.492,9117.0
21,49,35.5,9100.0
21,49,35.508,9100.0
21,49,35.516,9099.0
21,49,35.524,9118.0
21,49,35.531,9118.0
21,49,35.539,9089.0
21,49,35.546,9089.0
21,49,35.556,9133.0
21,49,35.563,9110.0
21,49,35.571,9110.0
21,49,35.577,9096.0
21,49,35.587,9099.0
21,49,35.594,9099.0
21,49,35.602,9099.0
21,49,35.61,9099.0
21,49,35.621,9110.0
21,49,35.63,9103.0
21,49,35.637,9103.0
21,49,35.645,9112.0
21,49,35.655,9109.0
21,49,35.663,9102.0
21,49,35.671,9116.0
21,49,35.68,9116.0
21,49,35.688,9100.0
21,49,35.696,9094.0
21,49,35.704,9094.0
21,49,35.712,9108.0
21,49,35.72,9108.0
21,49,35.728,9103.0
21,49,35.737,9101.0
21,49,35.745,9101.0
21,49,35.754,9102.0
21,49,35.761,9096.0
21,49,35.769,9095.0
21,49,35.777,9085.0
21,49,35.784,9085.0
21,49,35.791,9111.0
21,49,35.798,9119.0
21,49,35.807,9119.0
21,49,35.815,9107.0
21,49,35.826,9103.0
21,49,35.835,9094.0
21,49,35.842,9090.0
21,49,35.853,9090.0
21,49,35.861,9096.0
21,49,35.868,9096.0
21,49,35.875,9096.0
21,49,35.885,9109.0
21,49,35.895,9109.0
21,49,35.903,9111.0
21,49,35.91,9107.0
21,49,35.919,9107.0
21,49,35.927,9107.0
21,49,35.934,9108.0
21,49,35.941,9110.0
21,49,35.95,9108.0
21,49,35.958,9108.0
21,49,35.965,9106.0
21,49,35.972,9103.0
21,49,35.98,9103.0
21,49,35.988,9111.0
21,49,35.996,9111.0
21,49,36.003,9112.0
21,49,36.01,9107.0
21,49,36.019,9107.0
21,49,36.027,9107.0
21,49,36.034,9095.0
21,49,36.042,9095.0
21,49,36.05,9092.0
21,49,36.059,9092.0
21,49,36.066,9105.0
21,49,36.075,9090.0
21,49,36.083,9090.0
21,49,36.09,9109.0
21,49,36.099,9110.0
21,49,36.107,9115.0
21,49,36.115,9105.0
21,49,36.122,9105.0
21,49,36.126,9107.0
21,49,36.134,9105.0
21,49,36.142,9105.0
21,49,36.149,9114.0
21,49,36.164,9114.0
21,49,36.172,9100.0
21,49,36.18,9089.0
21,49,36.192,9089.0
21,49,36.2,9088.0
21,49,36.207,9108.0
21,49,36.215,9115.0
21,49,36.223,9111.0
21,49,36.231,9111.0
21,49,36.239,9097.0
21,49,36.246,9119.0
21,49,36.255,9119.0
21,49,36.263,9109.0
21,49,36.27,9109.0
21,49,36.277,9100.0
21,49,36.285,9104.0
21,49,36.294,9104.0
21,49,36.302,9099.0
21,49,36.308,9117.0
21,49,36.317,9117.0
21,49,36.326,9115.0
21,49,36.334,9115.0
21,49,36.342,9095.0
21,49,36.35,9099.0
21,49,36.357,9099.0
21,49,36.365,9101.0
21,49,36.372,9101.0
21,49,36.38,9104.0
21,49,36.388,9092.0
21,49,36.397,9092.0
21,49,36.404,9111.0
21,49,36.412,9114.0
21,49,36.421,9114.0
21,49,36.428,9113.0
21,49,36.435,9113.0
21,49,36.442,9120.0
21,49,36.451,9101.0
21,49,36.46,9101.0
21,49,36.467,9097.0
21,49,36.474,9101.0
21,49,36.483,9103.0
21,49,36.49,9097.0
21,49,36.497,9097.0
21,49,36.505,9106.0
21,49,36.511,9101.0
21,49,36.519,9101.0
21,49,36.528,9107.0
21,49,36.54,9107.0
21,49,36.547,9110.0
21,49,36.556,9099.0
21,49,36.566,9099.0
21,49,36.573,9117.0
21,49,36.581,9116.0
21,49,36.589,9116.0
21,49,36.597,9107.0
21,49,36.605,9107.0
21,49,36.612,9105.0
21,49,36.621,9101.0
21,49,36.63,9101.0
21,49,36.638,9113.0
21,49,36.645,9100.0
21,49,36.653,9088.0
21,49,36.661,9088.0
21,49,36.669,9088.0
21,49,36.676,9099.0
21,49,36.685,9099.0
21,49,36.693,9099.0
21,49,36.701,9092.0
21,49,36.709,9092.0
21,49,36.719,9105.0
21,49,36.726,9098.0
21,49,36.733,9098.0
21,49,36.741,9098.0
21,49,36.749,9104.0
21,49,36.758,9104.0
21,49,36.767,9109.0
21,49,36.773,9109.0
21,49,36.781,9110.0
21,49,36.789,9117.0
21,49,36.797,9117.0
21,49,36.804,9119.0
21,49,36.812,9115.0
21,49,36.82,9115.0
21,49,36.828,9103.0
21,49,36.835,9097.0
21,49,36.843,9109.0
21,49,36.852,9109.0
21,49,36.858,9111.0
21,49,36.866,9113.0
21,49,36.874,9105.0
21,49,36.882,9095.0
21,49,36.896,9109.0
21,49,36.905,9092.0
21,49,36.912,9094.0
21,49,36.919,9103.0
21,49,36.929,9109.0
21,49,36.938,9107.0
21,49,36.946,9107.0
21,49,36.957,9107.0
21,49,36.965,9106.0
21,49,36.972,9103.0
21,49,36.979,9103.0
21,49,36.986,9113.0
21,49,36.994,9102.0
21,49,37.001,9100.0
21,49,37.009,9100.0
21,49,37.016,9089.0
21,49,37.024,9110.0
21,49,37.032,9108.0
21,49,37.039,9109.0
21,49,37.046,9091.0
21,49,37.054,9091.0
21,49,37.063,9102.0
21,49,37.071,9099.0
21,49,37.078,9089.0
21,49,37.102,9093.0
21,49,37.109,9107.0
21,49,37.117,9111.0
21,49,37.125,9114.0
21,49,37.133,9116.0
21,49,37.14,9125.0
21,49,37.149,9089.0
21,49,37.159,9100.0
21,49,37.168,9111.0
21,49,37.175,9111.0
21,49,37.186,9110.0
21,49,37.194,9103.0
21,49,37.203,9103.0
21,49,37.21,9089.0
21,49,37.218,9098.0
21,49,37.225,9113.0
21,49,37.233,9111.0
21,49,37.241,9093.0
21,49,37.248,9093.0
21,49,37.26,9104.0
21,49,37.27,9102.0
21,49,37.279,9100.0
21,49,37.286,9100.0
21,49,37.296,9097.0
21,49,37.305,9095.0
21,49,37.312,9091.0
21,49,37.321,9106.0
21,49,37.331,9106.0
21,49,37.34,9105.0
21,49,37.35,9104.0
21,49,37.359,9107.0
21,49,37.368,9107.0
21,49,37.377,9100.0
21,49,37.386,9105.0
21,49,37.397,9107.0
21,49,37.407,9115.0
21,49,37.414,9105.0
21,49,37.422,9114.0
21,49,37.431,9114.0
21,49,37.438,9110.0
21,49,37.445,9116.0
21,49,37.453,9113.0
21,49,37.462,9113.0
21,49,37.469,9111.0
21,49,37.476,9112.0
21,49,37.483,9112.0
21,49,37.493,9112.0
21,49,37.501,9096.0
21,49,37.509,9103.0
21,49,37.517,9111.0
21,49,37.527,9111.0
21,49,37.535,9110.0
21,49,37.544,9109.0
21,49,37.554,9111.0
21,49,37.563,9111.0
21,49,37.571,9098.0
21,49,37.578,9101.0
21,49,37.587,9111.0
21,49,37.597,9101.0
21,49,37.605,9100.0
21,49,37.613,9107.0
21,49,37.621,9094.0
21,49,37.633,9102.0
21,49,37.642,9116.0
21,49,37.65,9116.0
21,49,37.66,9101.0
21,49,37.669,9112.0
21,49,37.677,9097.0
21,49,37.685,9097.0
21,49,37.699,9124.0
21,49,37.707,9085.0
21,49,37.715,9115.0
21,49,37.723,9115.0
21,49,37.732,9112.0
21,49,37.742,9103.0
21,49,37.751,9099.0
21,49,37.762,9098.0
21,49,37.772,9106.0
21,49,37.782,9098.0
21,49,37.793,9096.0
21,49,37.802,9096.0
21,49,37.812,9096.0
21,49,37.82,9108.0
21,49,37.83,9108.0
21,49,37.839,9099.0
21,49,37.847,9109.0
21,49,37.855,9111.0
21,49,37.865,9112.0
21,49,37.873,9114.0
21,49,37.881,9113.0
21,49,37.891,9108.0
21,49,37.899,9108.0
21,49,37.907,9111.0
21,49,37.915,9112.0
21,49,37.924,9111.0
21,49,37.933,9111.0
21,49,37.939,9111.0
21,49,37.948,9111.0
21,49,37.959,9121.0
21,49,37.967,9121.0
21,49,37.975,9102.0
21,49,37.982,9103.0
21,49,37.989,9103.0
21,49,38.001,9114.0
21,49,38.009,9096.0
21,49,38.019,9103.0
21,49,38.026,9098.0
21,49,38.036,9098.0
21,49,38.044,9097.0
21,49,38.052,9094.0
21,49,38.061,9109.0
21,49,38.071,9100.0
21,49,38.078,9097.0
21,49,38.085,9108.0
21,49,38.097,9111.0
21,49,38.108,9111.0
21,49,38.117,9111.0
21,49,38.125,9105.0
21,49,38.135,9122.0
21,49,38.143,9100.0
21,49,38.15,9100.0
21,49,38.16,9117.0
21,49,38.167,9114.0
21,49,38.174,9114.0
21,49,38.182,9103.0
21,49,38.19,9112.0
21,49,38.197,9105.0
21,49,38.205,9108.0
21,49,38.214,9111.0
21,49,38.223,9113.0
21,49,38.231,9127.0
21,49,38.239,9112.0
21,49,38.246,9112.0
21,49,38.256,9118.0
21,49,38.263,9088.0
21,49,38.27,9108.0
21,49,38.277,9108.0
21,49,38.288,9103.0
21,49,38.295,9093.0
21,49,38.303,9103.0
21,49,38.31,9103.0
21,49,38.32,9098.0
21,49,38.328,9111.0
21,49,38.337,9114.0
21,49,38.344,9116.0
21,49,38.352,9114.0
21,49,38.36,9110.0
21,49,38.37,9110.0
21,49,38.379,9113.0
21,49,38.387,9100.0
21,49,38.394,9107.0
21,49,38.403,9104.0
21,49,38.41,9104.0
21,49,38.419,9096.0
21,49,38.427,9096.0
21,49,38.436,9100.0
21,49,38.443,9113.0
21,49,38.451,9117.0
21,49,38.458,9111.0
21,49,38.466,9111.0
21,49,38.473,9119.0
21,49,38.48,9111.0
21,49,38.487,9111.0
21,49,38.496,9113.0
21,49,38.504,9092.0
21,49,38.512,9116.0
21,49,38.52,9116.0
21,49,38.528,9119.0
21,49,38.537,9113.0
21,49,38.544,9113.0
21,49,38.552,9097.0
21,49,38.562,9093.0
21,49,38.569,9111.0
21,49,38.578,9111.0
21,49,38.585,9097.0
21,49,38.593,9097.0
21,49,38.601,9100.0
21,49,38.609,9098.0
21,49,38.617,9100.0
21,49,38.627,9106.0
21,49,38.634,9104.0
21,49,38.642,9102.0
21,49,38.651,9100.0
21,49,38.661,9118.0
21,49,38.67,9118.0
21,49,38.677,9118.0
21,49,38.685,9112.0
21,49,38.692,9111.0
21,49,38.7,9114.0
21,49,38.709,9117.0
21,49,38.717,9119.0
21,49,38.724,9115.0
21,49,38.732,9115.0
21,49,38.74,9106.0
21,49,38.748,9115.0
21,49,38.755,9115.0
21,49,38.764,9110.0
21,49,38.773,9118.0
21,49,38.78,9106.0
21,49,38.788,9106.0
21,49,38.796,9122.0
21,49,38.804,9132.0
21,49,38.811,9120.0
21,49,38.819,9119.0
21,49,38.827,9134.0
21,49,38.835,9116.0
21,49,38.843,9154.0
21,49,38.851,9141.0
21,49,38.858,9159.0
21,49,38.866,9159.0
21,49,38.874,9161.0
21,49,38.881,9167.0
21,49,38.889,9207.0
21,49,38.898,9207.0
21,49,38.907,9209.0
21,49,38.914,9214.0
21,49,38.924,9214.0
21,49,38.932,9240.0
21,49,38.939,9257.0
21,49,38.946,9288.0
21,49,38.953,9293.0
21,49,38.961,9308.0
21,49,38.97,9325.0
21,49,38.976,9371.0
21,49,38.986,9399.0
21,49,38.994,9399.0
21,49,39.002,9425.0
21,49,39.009,9451.0
21,49,39.016,9477.0
21,49,39.024,9505.0
21,49,39.032,9549.0
21,49,39.039,9555.0
21,49,39.048,9575.0
21,49,39.055,9606.0
21,49,39.063,9644.0
21,49,39.076,9670.0
21,49,39.096,9724.0
21,49,39.107,9724.0
21,49,39.116,9766.0
21,49,39.125,9797.0
21,49,39.138,9840.0
21,49,39.146,9902.0
21,49,39.152,9968.0
21,49,39.16,10060.0
21,49,39.169,10159.0
21,49,39.177,10159.0
21,49,39.188,10345.0
21,49,39.195,10688.0
21,49,39.2,11440.0
21,49,39.204,12671.0
21,49,39.206,14142.0
21,49,39.213,15325.0
21,49,39.219,16003.0
21,49,39.223,16536.0
21,49,39.229,17505.0
21,49,39.233,18311.0
21,49,39.241,16830.0
21,49,39.248,16237.0
21,49,39.252,14459.0
21,49,39.259,12913.0
21,49,39.268,12096.0
21,49,39.275,11620.0
21,49,39.282,11451.0
21,49,39.29,11282.0
21,49,39.298,11015.0
21,49,39.307,10762.0
21,49,39.313,10563.0
21,49,39.321,10396.0
21,49,39.33,10357.0
21,49,39.338,10168.0
21,49,39.345,9995.0
21,49,39.352,9840.0
21,49,39.359,9708.0
21,49,39.367,9708.0
21,49,39.374,9593.0
21,49,39.381,9525.0
21,49,39.39,9478.0
21,49,39.398,9435.0
21,49,39.405,9408.0
21,49,39.413,9408.0
21,49,39.421,9402.0
21,49,39.428,9384.0
21,49,39.435,9369.0
21,49,39.443,9378.0
21,49,39.451,9370.0
21,49,39.458,9363.0
21,49,39.468,9358.0
21,49,39.477,9371.0
21,49,39.485,9370.0
21,49,39.492,9384.0
21,49,39.5,9392.0
21,49,39.508,9396.0
21,49,39.517,9398.0
21,49,39.524,9422.0
21,49,39.532,9445.0
21,49,39.54,9460.0
21,49,39.547,9465.0
21,49,39.556,9495.0
21,49,39.563,9521.0
21,49,39.573,9521.0
21,49,39.581,9564.0
21,49,39.588,9578.0
21,49,39.596,9650.0
21,49,39.605,9682.0
21,49,39.613,9682.0
21,49,39.62,9745.0
21,49,39.628,9793.0
21,49,39.638,9841.0
21,49,39.645,9858.0
21,49,39.653,9946.0
21,49,39.661,10039.0
21,49,39.669,10156.0
21,49,39.676,10156.0
21,49,39.684,10263.0
21,49,39.691,10392.0
21,49,39.699,10512.0
21,49,39.706,10512.0
21,49,39.714,10635.0
21,49,39.721,10774.0
21,49,39.731,10892.0
21,49,39.739,11039.0
21,49,39.747,11137.0
21,49,39.755,11170.0
21,49,39.764,11341.0
21,49,39.772,11482.0
21,49,39.779,11608.0
21,49,39.787,11608.0
21,49,39.793,11682.0
21,49,39.806,11709.0
21,49,39.814,11820.0
21,49,39.822,11820.0
21,49,39.83,11885.0
21,49,39.839,11864.0
21,49,39.846,11862.0
21,49,39.854,11858.0
21,49,39.862,11756.0
21,49,39.871,11724.0
21,49,39.878,11705.0
21,49,39.888,11686.0
21,49,39.895,11692.0
21,49,39.903,11609.0
21,49,39.911,11501.0
21,49,39.919,11501.0
21,49,39.926,11362.0
21,49,39.935,11235.0
21,49,39.942,11127.0
21,49,39.95,11127.0
21,49,39.957,11022.0
21,49,39.966,10899.0
21,49,39.974,10807.0
21,49,39.981,10807.0
21,49,39.99,10721.0
21,49,39.998,10584.0
21,49,40.006,10436.0
21,49,40.012,10255.0
21,49,40.02,10048.0
21,49,40.028,10048.0
21,49,40.036,9845.0
21,49,40.046,9692.0
21,49,40.054,9620.0
21,49,40.063,9596.0
21,49,40.07,9515.0
21,49,40.078,9449.0
21,49,40.086,9397.0
21,49,40.098,9397.0
21,49,40.107,9368.0
21,49,40.114,9330.0
21,49,40.121,9323.0
21,49,40.13,9303.0
21,49,40.137,9293.0
21,49,40.144,9289.0
21,49,40.151,9269.0
21,49,40.158,9269.0
21,49,40.166,9259.0
21,49,40.176,9271.0
21,49,40.183,9273.0
21,49,40.19,9280.0
21,49,40.197,9285.0
21,49,40.207,9283.0
21,49,40.217,9283.0
21,49,40.226,9288.0
21,49,40.234,9282.0
21,49,40.243,9286.0
21,49,40.251,9286.0
21,49,40.259,9283.0
21,49,40.268,9282.0
21,49,40.278,9277.0
21,49,40.286,9277.0
21,49,40.295,9297.0
21,49,40.305,9294.0
21,49,40.314,9302.0
21,49,40.322,9302.0
21,49,40.331,9310.0
21,49,40.34,9330.0
21,49,40.35,9330.0
21,49,40.357,9336.0
21,49,40.368,9359.0
21,49,40.375,9386.0
21,49,40.384,9420.0
21,49,40.393,9420.0
21,49,40.402,9435.0
21,49,40.41,9458.0
21,49,40.417,9458.0
21,49,40.424,9478.0
21,49,40.432,9512.0
21,49,40.44,9533.0
21,49,40.448,9533.0
21,49,40.457,9559.0
21,49,40.466,9591.0
21,49,40.475,9683.0
21,49,40.484,9747.0
21,49,40.491,9819.0
21,49,40.501,9908.0
21,49,40.509,10002.0
21,49,40.518,10131.0
21,49,40.528,10131.0
21,49,40.536,10270.0
21,49,40.544,10455.0
21,49,40.552,10650.0
21,49,40.559,10872.0
21,49,40.566,10872.0
21,49,40.575,11060.0
21,49,40.583,11285.0
21,49,40.59,11285.0
21,49,40.597,11491.0
21,49,40.606,11705.0
21,49,40.614,11705.0
21,49,40.623,11915.0
21,49,40.632,11915.0
21,49,40.641,12068.0
21,49,40.65,12114.0
21,49,40.657,12114.0
21,49,40.665,12001.0
21,49,40.674,11911.0
21,49,40.682,11822.0
21,49,40.689,11669.0
21,49,40.697,11669.0
21,49,40.705,11536.0
21,49,40.713,11446.0
21,49,40.721,11446.0
21,49,40.729,11381.0
21,49,40.739,11381.0
21,49,40.746,11322.0
21,49,40.755,11231.0
21,49,40.762,11231.0
21,49,40.772,11149.0
21,49,40.78,11097.0
21,49,40.789,11097.0
21,49,40.796,11102.0
21,49,40.806,11106.0
21,49,40.814,11106.0
21,49,40.822,11105.0
21,49,40.829,11031.0
21,49,40.837,10832.0
21,49,40.844,10832.0
21,49,40.852,10622.0
21,49,40.86,10417.0
21,49,40.87,10417.0
21,49,40.878,10233.0
21,49,40.886,10085.0
21,49,40.893,9922.0
21,49,40.9,9798.0
21,49,40.913,9798.0
21,49,40.92,9706.0
21,49,40.927,9636.0
21,49,40.934,9561.0
21,49,40.943,9561.0
21,49,40.95,9525.0
21,49,40.957,9475.0
21,49,40.965,9452.0
21,49,40.973,9452.0
21,49,40.98,9421.0
21,49,40.987,9407.0
21,49,40.995,9380.0
21,49,41.003,9380.0
21,49,41.011,9360.0
21,49,41.02,9355.0
21,49,41.027,9341.0
21,49,41.035,9329.0
21,49,41.042,9325.0
21,49,41.05,9318.0
21,49,41.057,9315.0
21,49,41.066,9318.0
21,49,41.075,9321.0
21,49,41.083,9315.0
21,49,41.09,9319.0
21,49,41.099,9319.0
21,49,41.107,9311.0
21,49,41.114,9316.0
21,49,41.121,9316.0
21,49,41.129,9312.0
21,49,41.138,9303.0
21,49,41.147,9317.0
21,49,41.155,9310.0
21,49,41.162,9310.0
21,49,41.171,9309.0
21,49,41.18,9324.0
21,49,41.188,9316.0
21,49,41.195,9316.0
21,49,41.204,9320.0
21,49,41.211,9320.0
21,49,41.218,9345.0
21,49,41.225,9345.0
21,49,41.233,9355.0
21,49,41.24,9377.0
21,49,41.248,9398.0
21,49,41.257,9398.0
21,49,41.263,9409.0
21,49,41.272,9429.0
21,49,41.28,9451.0
21,49,41.288,9451.0
21,49,41.295,9476.0
21,49,41.303,9493.0
21,49,41.311,9519.0
21,49,41.319,9527.0
21,49,41.327,9554.0
21,49,41.335,9599.0
21,49,41.343,9620.0
21,49,41.35,9628.0
21,49,41.357,9685.0
21,49,41.365,9762.0
21,49,41.372,9762.0
21,49,41.382,9894.0
21,49,41.389,10193.0
21,49,41.397,10846.0
21,49,41.405,10846.0
21,49,41.415,11688.0
21,49,41.422,12388.0
21,49,41.431,12447.0
21,49,41.44,12447.0
21,49,41.447,12285.0
21,49,41.455,12071.0
21,49,41.464,11849.0
21,49,41.473,11628.0
21,49,41.48,11628.0
21,49,41.488,11390.0
21,49,41.495,11196.0
21,49,41.504,10983.0
21,49,41.511,10802.0
21,49,41.519,10644.0
21,49,41.526,10644.0
21,49,41.536,10506.0
21,49,41.545,10384.0
21,49,41.552,10384.0
21,49,41.559,10277.0
21,49,41.568,10170.0
21,49,41.575,10145.0
21,49,41.583,9983.0
21,49,41.59,9983.0
21,49,41.597,9859.0
21,49,41.604,9784.0
21,49,41.615,9709.0
21,49,41.624,9623.0
21,49,41.633,9623.0
21,49,41.642,9589.0
21,49,41.651,9534.0
21,49,41.659,9494.0
21,49,41.667,9462.0
21,49,41.674,9451.0
21,49,41.685,9440.0
21,49,41.693,9406.0
21,49,41.701,9391.0
21,49,41.71,9393.0
21,49,41.718,9360.0
21,49,41.726,9360.0
21,49,41.734,9361.0
21,49,41.743,9358.0
21,49,41.752,9351.0
21,49,41.76,9343.0
21,49,41.769,9344.0
21,49,41.777,9347.0
21,49,41.784,9347.0
21,49,41.792,9340.0
21,49,41.799,9343.0
21,49,41.808,9339.0
21,49,41.817,9339.0
21,49,41.824,9356.0
21,49,41.831,9347.0
21,49,41.84,9358.0
21,49,41.847,9358.0
21,49,41.858,9361.0
21,49,41.865,9376.0
21,49,41.875,9384.0
21,49,41.882,9404.0
21,49,41.89,9412.0
21,49,41.898,9412.0
21,49,41.906,9433.0
21,49,41.914,9452.0
21,49,41.922,9451.0
21,49,41.929,9483.0
21,49,41.938,9483.0
21,49,41.941,9500.0
21,49,41.947,9532.0
21,49,41.955,9549.0
21,49,41.962,9549.0
21,49,41.969,9581.0
21,49,41.976,9627.0
21,49,41.984,9627.0
21,49,41.99,9650.0
21,49,41.997,9694.0
21,49,42.004,9752.0
21,49,42.014,9813.0
21,49,42.022,9813.0
21,49,42.029,9881.0
21,49,42.037,9980.0
21,49,42.045,10081.0
21,49,42.053,10218.0
21,49,42.06,10218.0
21,49,42.068,10349.0
21,49,42.075,10522.0
21,49,42.085,10522.0
21,49,42.091,10691.0
21,49,42.099,10871.0
21,49,42.107,11035.0
21,49,42.114,11194.0
21,49,42.121,11194.0
21,49,42.13,11344.0
21,49,42.138,11484.0
21,49,42.148,11647.0
21,49,42.154,11711.0
21,49,42.161,11733.0
21,49,42.169,11727.0
21,49,42.175,11697.0
21,49,42.183,11696.0
21,49,42.19,11696.0
21,49,42.198,11680.0
21,49,42.206,11643.0
21,49,42.214,11636.0
21,49,42.223,11636.0
21,49,42.23,11580.0
21,49,42.238,11525.0
21,49,42.246,11493.0
21,49,42.253,11503.0
21,49,42.261,11503.0
21,49,42.268,11504.0
21,49,42.277,11465.0
21,49,42.284,11418.0
21,49,42.291,11400.0
21,49,42.299,11346.0
21,49,42.307,11263.0
21,49,42.314,11170.0
21,49,42.322,11170.0
21,49,42.329,11108.0
21,49,42.337,11008.0
21,49,42.345,10882.0
21,49,42.354,10882.0
21,49,42.364,10737.0
21,49,42.371,10565.0
21,49,42.379,10399.0
21,49,42.389,10399.0
21,49,42.396,10219.0
21,49,42.405,10061.0
21,49,42.414,10029.0
21,49,42.422,9934.0
21,49,42.429,9822.0
21,49,42.437,9722.0
21,49,42.444,9658.0
21,49,42.452,9658.0
21,49,42.459,9609.0
21,49,42.466,9577.0
21,49,42.473,9533.0
21,49,42.481,9533.0
21,49,42.489,9514.0
21,49,42.496,9499.0
21,49,42.503,9476.0
21,49,42.512,9467.0
21,49,42.519,9464.0
21,49,42.526,9446.0
21,49,42.533,9436.0
21,49,42.541,9422.0
21,49,42.549,9422.0
21,49,42.556,9401.0
21,49,42.563,9396.0
21,49,42.571,9394.0
21,49,42.578,9393.0
21,49,42.586,9372.0
21,49,42.593,9369.0
21,49,42.601,9369.0
21,49,42.608,9360.0
21,49,42.615,9360.0
21,49,42.622,9345.0
21,49,42.63,9345.0
21,49,42.639,9351.0
21,49,42.647,9328.0
21,49,42.654,9328.0
21,49,42.662,9329.0
21,49,42.67,9321.0
21,49,42.678,9315.0
21,49,42.686,9306.0
21,49,42.693,9297.0
21,49,42.701,9288.0
21,49,42.708,9281.0
21,49,42.716,9281.0
21,49,42.725,9269.0
21,49,42.732,9277.0
21,49,42.74,9266.0
21,49,42.748,9266.0
21,49,42.758,9244.0
21,49,42.767,9252.0
21,49,42.774,9241.0
21,49,42.784,9225.0
21,49,42.792,9209.0
21,49,42.799,9229.0
21,49,42.808,9194.0
21,49,42.817,9211.0
21,49,42.826,9211.0
21,49,42.833,9214.0
21,49,42.841,9208.0
21,49,42.849,9183.0
21,49,42.857,9183.0
21,49,42.863,9196.0
21,49,42.872,9220.0
21,49,42.881,9212.0
21,49,42.89,9190.0
21,49,42.898,9187.0
21,49,42.907,9180.0
21,49,42.915,9179.0
21,49,42.923,9178.0
21,49,42.931,9178.0
21,49,42.939,9169.0
21,49,42.946,9169.0
21,49,42.955,9184.0
21,49,42.962,9187.0
21,49,42.97,9187.0
21,49,42.978,9183.0
21,49,42.986,9183.0
21,49,42.993,9174.0
21,49,43.001,9188.0
21,49,43.009,9187.0
21,49,43.016,9187.0
21,49,43.023,9187.0
21,49,43.032,9205.0
21,49,43.04,9202.0
21,49,43.048,9194.0
21,49,43.056,9206.0
21,49,43.064,9210.0
21,49,43.072,9210.0
21,49,43.079,9211.0
21,49,43.089,9211.0
21,49,43.097,9203.0
21,49,43.104,9203.0
21,49,43.113,9214.0
21,49,43.121,9222.0
21,49,43.129,9226.0
21,49,43.136,9226.0
21,49,43.144,9247.0
21,49,43.153,9219.0
21,49,43.161,9241.0
21,49,43.168,9239.0
21,49,43.175,9233.0
21,49,43.184,9221.0
21,49,43.191,9227.0
21,49,43.198,9227.0
21,49,43.206,9231.0
21,49,43.215,9223.0
21,49,43.223,9222.0
21,49,43.231,9217.0
21,49,43.238,9217.0
21,49,43.246,9220.0
21,49,43.254,9215.0
21,49,43.261,9214.0
21,49,43.268,9214.0
21,49,43.275,9200.0
21,49,43.284,9192.0
21,49,43.291,9192.0
21,49,43.298,9182.0
21,49,43.306,9189.0
21,49,43.316,9189.0
21,49,43.325,9175.0
21,49,43.331,9169.0
21,49,43.339,9168.0
21,49,43.347,9181.0
21,49,43.355,9181.0
21,49,43.363,9150.0
21,49,43.37,9177.0
21,49,43.378,9155.0
21,49,43.387,9159.0
21,49,43.395,9163.0
21,49,43.404,9153.0
21,49,43.415,9136.0
21,49,43.425,9136.0
21,49,43.433,9161.0
21,49,43.442,9152.0
21,49,43.449,9142.0
21,49,43.459,9142.0
21,49,43.468,9133.0
21,49,43.475,9137.0
21,49,43.486,9137.0
21,49,43.496,9133.0
21,49,43.502,9122.0
21,49,43.51,9146.0
21,49,43.518,9146.0
21,49,43.525,9135.0
21,49,43.533,9134.0
21,49,43.539,9134.0
21,49,43.549,9132.0
21,49,43.559,9114.0
21,49,43.567,9114.0
21,49,43.575,9122.0
21,49,43.582,9112.0
21,49,43.592,9116.0
21,49,43.6,9114.0
21,49,43.607,9112.0
21,49,43.615,9116.0
21,49,43.624,9103.0
21,49,43.63,9103.0
21,49,43.639,9105.0
21,49,43.648,9116.0
21,49,43.655,9107.0
21,49,43.663,9105.0
21,49,43.67,9117.0
21,49,43.679,9114.0
21,49,43.689,9114.0
21,49,43.696,9127.0
21,49,43.704,9114.0
21,49,43.712,9114.0
21,49,43.721,9111.0
21,49,43.728,9110.0
21,49,43.735,9119.0
21,49,43.742,9105.0
21,49,43.75,9105.0
21,49,43.756,9101.0
21,49,43.764,9104.0
21,49,43.771,9103.0
21,49,43.78,9103.0
21,49,43.788,9110.0
21,49,43.798,9103.0
21,49,43.806,9122.0
21,49,43.814,9122.0
21,49,43.818,9110.0
21,49,43.829,9111.0
21,49,43.836,9111.0
21,49,43.838,9110.0
21,49,43.839,9122.0
21,49,43.841,9115.0
21,49,43.842,9108.0
21,49,43.843,9109.0
21,49,43.845,9111.0
21,49,43.846,9111.0
21,49,43.848,9101.0
21,49,43.849,9110.0
21,49,43.851,9110.0
21,49,43.852,9116.0
21,49,43.854,9112.0
21,49,43.856,9122.0
21,49,43.857,9122.0
21,49,43.858,9117.0
21,49,43.861,9118.0
21,49,43.865,9118.0
21,49,43.867,9120.0
21,49,43.87,9104.0
21,49,43.871,9104.0
21,49,43.873,9111.0
21,49,43.875,9122.0
21,49,43.876,9115.0
21,49,43.878,9108.0
21,49,43.879,9126.0
21,49,43.881,9105.0
21,49,43.883,9108.0
21,49,43.885,9118.0
21,49,43.888,9105.0
21,49,43.89,9111.0
21,49,43.891,9111.0
21,49,43.893,9106.0
21,49,43.895,9108.0
21,49,43.897,9118.0
21,49,43.899,9122.0
21,49,43.901,9124.0
21,49,43.904,9108.0
21,49,43.906,9109.0
21,49,43.908,9110.0
21,49,43.91,9118.0
21,49,43.911,9103.0
21,49,43.912,9117.0
21,49,43.914,9125.0
21,49,43.915,9125.0
21,49,43.917,9102.0
21,49,43.919,9091.0
21,49,43.921,9114.0
21,49,43.922,9115.0
21,49,43.924,9115.0
21,49,43.925,9104.0
21,49,43.926,9123.0
21,49,43.928,9123.0
21,49,43.929,9116.0
21,49,43.931,9121.0
21,49,43.932,9118.0
21,49,43.934,9111.0
21,49,43.935,9111.0
21,49,43.936,9085.0
21,49,43.938,9108.0
21,49,43.94,9098.0
21,49,43.941,9109.0
21,49,43.942,9113.0
21,49,43.944,9108.0
21,49,43.945,9103.0
21,49,43.947,9103.0
21,49,43.948,9119.0
21,49,43.95,9114.0
21,49,43.953,9110.0
21,49,43.955,9110.0
21,49,43.957,9115.0
21,49,43.959,9106.0
21,49,43.961,9106.0
21,49,43.962,9107.0
21,49,43.964,9117.0
21,49,43.965,9116.0
21,49,43.967,9109.0
21,49,43.97,9109.0
21,49,43.972,9116.0
21,49,43.974,9106.0
21,49,43.975,9110.0
21,49,43.978,9112.0
21,49,43.98,9108.0
21,49,43.983,9110.0
21,49,43.986,9114.0
21,49,43.989,9114.0
21,49,43.992,9118.0
21,49,43.994,9109.0
21,49,43.996,9106.0
21,49,43.999,9106.0
21,49,44.001,9111.0
21,49,44.003,9106.0
21,49,44.004,9108.0
21,49,44.006,9116.0
21,49,44.008,9124.0
21,49,44.01,9097.0
21,49,44.013,9097.0
21,49,44.015,9104.0
21,49,44.019,9118.0
21,49,44.02,9118.0
21,49,44.022,9118.0
21,49,44.023,9124.0
21,49,44.025,9114.0
21,49,44.028,9106.0
21,49,44.03,9106.0
21,49,44.031,9106.0
21,49,44.033,9110.0
21,49,44.034,9110.0
21,49,44.035,9119.0
21,49,44.037,9116.0
21,49,44.038,9112.0
21,49,44.04,9116.0
21,49,44.042,9120.0
21,49,44.044,9099.0
21,49,44.047,9122.0
21,49,44.049,9122.0
21,49,44.051,9135.0
21,49,44.053,9113.0
21,49,44.055,9112.0
21,49,44.056,9112.0
21,49,44.058,9122.0
21,49,44.059,9128.0
21,49,44.061,9121.0
21,49,44.062,9103.0
21,49,44.064,9118.0
21,49,44.066,9115.0
21,49,44.068,9115.0
21,49,44.07,9111.0
21,49,44.071,9127.0
21,49,44.072,9117.0
21,49,44.074,9112.0
21,49,44.075,9115.0
21,49,44.077,9115.0
21,49,44.078,9120.0
21,49,44.081,9114.0
21,49,44.083,9114.0
21,49,44.085,9104.0
21,49,44.087,9090.0
21,49,44.09,9116.0
21,49,44.091,9104.0
21,49,44.093,9104.0
21,49,44.095,9093.0
21,49,44.096,9112.0
21,49,44.098,9108.0
21,49,44.099,9108.0
21,49,44.101,9119.0
21,49,44.102,9109.0
21,49,44.104,9112.0
21,49,44.105,9112.0
21,49,44.107,9123.0
21,49,44.108,9123.0
21,49,44.11,9106.0
21,49,44.113,9106.0
21,49,44.116,9107.0
21,49,44.118,9101.0
21,49,44.12,9119.0
21,49,44.122,9101.0
21,49,44.124,9101.0
21,49,44.127,9132.0
21,49,44.128,9106.0
21,49,44.131,9097.0
21,49,44.133,9095.0
21,49,44.134,9115.0
21,49,44.136,9115.0
21,49,44.137,9115.0
21,49,44.139,9106.0
21,49,44.14,9102.0
21,49,44.141,9102.0
21,49,44.143,9120.0
21,49,44.144,9113.0
21,49,44.145,9135.0
21,49,44.147,9096.0
21,49,44.148,9096.0
21,49,44.15,9115.0
21,49,44.151,9120.0
21,49,44.152,9120.0
21,49,44.154,9109.0
21,49,44.155,9114.0
21,49,44.157,9116.0
21,49,44.158,9109.0
21,49,44.16,9109.0
21,49,44.161,9120.0
21,49,44.163,9104.0
21,49,44.164,9104.0
21,49,44.165,9118.0
21,49,44.167,9118.0
21,49,44.168,9092.0
21,49,44.17,9110.0
21,49,44.171,9110.0
21,49,44.172,9101.0
21,49,44.174,9111.0
21,49,44.175,9111.0
21,49,44.176,9111.0
21,49,44.178,9111.0
21,49,44.179,9110.0
21,49,44.181,9104.0
21,49,44.182,9104.0
21,49,44.184,9102.0
21,49,44.185,9108.0
21,49,44.187,9115.0
21,49,44.188,9118.0
21,49,44.19,9118.0
21,49,44.192,9133.0
21,49,44.194,9124.0
21,49,44.196,9124.0
21,49,44.197,9123.0
21,49,44.199,9123.0
21,49,44.2,9121.0
21,49,44.202,9107.0
21,49,44.203,9107.0
21,49,44.205,9109.0
21,49,44.206,9109.0
21,49,44.207,9109.0
21,49,44.209,9101.0
21,49,44.21,9101.0
21,49,44.212,9103.0
21,49,44.213,9104.0
21,49,44.214,9104.0
21,49,44.216,9099.0
21,49,44.217,9103.0
21,49,44.218,9117.0
21,49,44.221,9108.0
21,49,44.224,9108.0
21,49,44.225,9109.0
21,49,44.227,9123.0
21,49,44.229,9123.0
21,49,44.231,9122.0
21,49,44.232,9122.0
21,49,44.234,9099.0
21,49,44.235,9115.0
21,49,44.237,9115.0
21,49,44.238,9113.0
21,49,44.239,9114.0
21,49,44.242,9115.0
21,49,44.248,9112.0
21,49,44.256,9112.0
21,49,44.261,9110.0
21,49,44.268,9117.0
21,49,44.275,9117.0
21,49,44.281,9103.0
21,49,44.289,9103.0
21,49,44.294,9103.0
21,49,44.301,9121.0
21,49,44.307,9121.0
21,49,44.314,9122.0
21,49,44.321,9101.0
21,49,44.327,9101.0
21,49,44.335,9110.0
21,49,44.341,9110.0
21,49,44.348,9113.0
21,49,44.354,9104.0
21,49,44.36,9104.0
21,49,44.366,9103.0
21,49,44.373,9111.0
21,49,44.381,9119.0
21,49,44.387,9104.0
21,49,44.394,9104.0
21,49,44.4,9127.0
21,49,44.407,9123.0
21,49,44.413,9123.0
21,49,44.42,9105.0
21,49,44.425,9105.0
21,49,44.433,9121.0
21,49,44.439,9115.0
21,49,44.446,9115.0
21,49,44.452,9115.0
21,49,44.458,9115.0
21,49,44.466,9116.0
21,49,44.471,9103.0
21,49,44.479,9103.0
21,49,44.484,9118.0
21,49,44.491,9117.0
21,49,44.498,9117.0
21,49,44.504,9095.0
21,49,44.511,9099.0
21,49,44.517,9111.0
21,49,44.525,9113.0
21,49,44.531,9113.0
21,49,44.538,9116.0
21,49,44.544,9110.0
21,49,44.55,9110.0
21,49,44.558,9105.0
21,49,44.564,9105.0
21,49,44.57,9111.0
21,49,44.576,9094.0
21,49,44.583,9094.0
21,49,44.591,9127.0
21,49,44.596,9120.0
21,49,44.603,9114.0
21,49,44.61,9121.0
21,49,44.616,9121.0
21,49,44.623,9105.0
21,49,44.629,9119.0
21,49,44.635,9119.0
21,49,44.642,9113.0
21,49,44.649,9113.0
21,49,44.656,9117.0
21,49,44.662,9103.0
21,49,44.668,9103.0
21,49,44.675,9118.0
21,49,44.681,9118.0
21,49,44.689,9118.0
21,49,44.695,9107.0
21,49,44.701,9107.0
21,49,44.708,9114.0
21,49,44.714,9110.0
21,49,44.722,9110.0
21,49,44.727,9109.0
21,49,44.735,9107.0
21,49,44.74,9101.0
21,49,44.747,9124.0
21,49,44.755,9124.0
21,49,44.76,9118.0
21,49,44.767,9112.0
21,49,44.773,9112.0
21,49,44.781,9109.0
21,49,44.787,9109.0
21,49,44.793,9103.0
21,49,44.8,9119.0
21,49,44.806,9119.0
21,49,44.814,9102.0
21,49,44.819,9111.0
21,49,44.826,9114.0
21,49,44.832,9115.0
21,49,44.839,9115.0
21,49,44.847,9119.0
21,49,44.852,9095.0
21,49,44.859,9095.0
21,49,44.865,9104.0
21,49,44.872,9104.0
21,49,44.878,9128.0
21,49,44.885,9101.0
21,49,44.891,9101.0
21,49,44.899,9105.0
21,49,44.906,9130.0
21,49,44.911,9130.0
21,49,44.918,9113.0
21,49,44.925,9113.0
21,49,44.932,9118.0
21,49,44.938,9096.0
21,49,44.945,9096.0
21,49,44.951,9108.0
21,49,44.958,9109.0
21,49,44.964,9110.0
21,49,44.97,9133.0
21,49,44.977,9133.0
21,49,44.983,9118.0
21,49,44.991,9113.0
21,49,44.996,9113.0
21,49,45.003,9101.0
21,49,45.01,9101.0
21,49,45.016,9109.0
21,49,45.024,9117.0
21,49,45.029,9117.0
21,49,45.036,9105.0
21,49,45.042,9114.0
21,49,45.049,9114.0
21,49,45.057,9116.0
21,49,45.063,9116.0
21,49,45.07,9115.0
21,49,45.075,9106.0
21,49,45.083,9106.0
21,49,45.089,9118.0
21,49,45.095,9117.0
21,49,45.102,9116.0
21,49,45.108,9118.0
21,49,45.115,9118.0
21,49,45.121,9126.0
21,49,45.128,9113.0
21,49,45.134,9113.0
21,49,45.141,9101.0
21,49,45.149,9101.0
21,49,45.155,9113.0
21,49,45.161,9103.0
21,49,45.167,9103.0
21,49,45.174,9106.0
21,49,45.181,9109.0
21,49,45.187,9111.0
21,49,45.193,9115.0
21,49,45.2,9115.0
21,49,45.208,9114.0
21,49,45.214,9099.0
21,49,45.22,9099.0
21,49,45.226,9122.0
21,49,45.233,9120.0
21,49,45.239,9115.0
21,49,45.246,9113.0
21,49,45.253,9113.0
21,49,45.261,9109.0
21,49,45.266,9120.0
21,49,45.272,9120.0
21,49,45.279,9113.0
21,49,45.285,9113.0
21,49,45.293,9118.0
21,49,45.298,9116.0
21,49,45.305,9116.0
21,49,45.312,9122.0
21,49,45.318,9125.0
21,49,45.326,9128.0
21,49,45.331,9125.0
21,49,45.338,9125.0
21,49,45.344,9104.0
21,49,45.351,9109.0
21,49,45.359,9109.0
21,49,45.364,9113.0
21,49,45.371,9113.0
21,49,45.377,9105.0
21,49,45.384,9112.0
21,49,45.391,9112.0
21,49,45.397,9121.0
21,49,45.404,9110.0
21,49,45.41,9110.0
21,49,45.417,9110.0
21,49,45.424,9110.0
21,49,45.43,9126.0
21,49,45.436,9096.0
21,49,45.443,9096.0
21,49,45.45,9104.0
21,49,45.457,9110.0
21,49,45.463,9129.0
21,49,45.47,9115.0
21,49,45.476,9115.0
21,49,45.482,9110.0
21,49,45.489,9110.0
21,49,45.495,9110.0
21,49,45.502,9104.0
21,49,45.509,9104.0
21,49,45.515,9102.0
21,49,45.523,9115.0
21,49,45.528,9115.0
21,49,45.535,9107.0
21,49,45.541,9109.0
21,49,45.549,9110.0
21,49,45.555,9112.0
21,49,45.561,9112.0
21,49,45.568,9120.0
21,49,45.574,9104.0
21,49,45.582,9104.0
21,49,45.587,9123.0
21,49,45.594,9123.0
21,49,45.6,9105.0
21,49,45.607,9100.0
21,49,45.614,9100.0
21,49,45.62,9116.0
21,49,45.627,9114.0
21,49,45.633,9114.0
21,49,45.64,9123.0
21,49,45.646,9123.0
21,49,45.653,9107.0
21,49,45.661,9107.0
21,49,45.666,9107.0
21,49,45.673,9118.0
21,49,45.679,9116.0
21,49,45.686,9114.0
21,49,45.692,9112.0
21,49,45.699,9112.0
21,49,45.705,9120.0
21,49,45.712,9111.0
21,49,45.719,9111.0
21,49,45.726,9114.0
21,49,45.732,9114.0
21,49,45.738,9098.0
21,49,45.745,9110.0
21,49,45.751,9110.0
21,49,45.759,9114.0
21,49,45.765,9120.0
21,49,45.771,9123.0
21,49,45.778,9107.0
21,49,45.784,9107.0
21,49,45.792,9109.0
21,49,45.797,9115.0
21,49,45.804,9115.0
21,49,45.811,9105.0
21,49,45.817,9107.0
21,49,45.825,9114.0
21,49,45.83,9108.0
21,49,45.837,9108.0
21,49,45.843,9126.0
21,49,45.85,9118.0
21,49,45.856,9118.0
21,49,45.863,9116.0
21,49,45.871,9116.0
21,49,45.876,9125.0
21,49,45.883,9101.0
21,49,45.889,9101.0
21,49,45.896,9116.0
21,49,45.902,9118.0
21,49,45.909,9120.0
21,49,45.915,9115.0
21,49,45.922,9115.0
21,49,45.929,9107.0
21,49,45.935,9113.0
21,49,45.942,9113.0
21,49,45.948,9113.0
21,49,45.956,9113.0
21,49,45.961,9101.0
21,49,45.968,9107.0
21,49,45.975,9107.0
21,49,45.981,9100.0
21,49,45.988,9109.0
21,49,45.994,9109.0
21,49,46.002,9116.0
21,49,46.007,9116.0
21,49,46.014,9117.0
21,49,46.021,9118.0
21,49,46.027,9118.0
21,49,46.034,9113.0
21,49,46.04,9107.0
21,49,46.047,9101.0
21,49,46.053,9114.0
21,49,46.06,9114.0
21,49,46.066,9124.0
21,49,46.073,9113.0
21,49,46.08,9113.0
21,49,46.086,9130.0
21,49,46.093,9130.0
21,49,46.1,9113.0
21,49,46.106,9106.0
21,49,46.112,9106.0
21,49,46.119,9115.0
21,49,46.127,9118.0
21,49,46.132,9119.0
21,49,46.139,9122.0
21,49,46.145,9122.0
21,49,46.152,9111.0
21,49,46.159,9100.0
21,49,46.165,9100.0
21,49,46.171,9108.0
21,49,46.179,9108.0
21,49,46.185,9110.0
21,49,46.192,9091.0
21,49,46.198,9091.0
21,49,46.204,9112.0
21,49,46.211,9105.0
21,49,46.217,9105.0
21,49,46.225,9111.0
21,49,46.231,9111.0
21,49,46.237,9109.0
21,49,46.244,9102.0
21,49,46.25,9102.0
21,49,46.257,9098.0
21,49,46.263,9099.0
21,49,46.27,9101.0
21,49,46.277,9110.0
21,49,46.283,9110.0
21,49,46.29,9126.0
21,49,46.296,9103.0
21,49,46.303,9103.0
21,49,46.309,9114.0
21,49,46.316,9114.0
21,49,46.322,9104.0
21,49,46.329,9122.0
21,49,46.337,9122.0
21,49,46.342,9111.0
21,49,46.349,9123.0
21,49,46.355,9123.0
21,49,46.363,9115.0
21,49,46.369,9115.0
21,49,46.375,9106.0
21,49,46.381,9117.0
21,49,46.388,9117.0
21,49,46.395,9096.0
21,49,46.401,9100.0
21,49,46.408,9112.0
21,49,46.414,9110.0
21,49,46.421,9110.0
21,49,46.427,9117.0
21,49,46.434,9119.0
21,49,46.441,9119.0
21,49,46.447,9111.0
21,49,46.454,9111.0
21,49,46.46,9111.0
21,49,46.467,9124.0
21,49,46.473,9124.0
21,49,46.48,9118.0
21,49,46.486,9110.0
21,49,46.494,9108.0
21,49,46.501,9112.0
21,49,46.506,9112.0
21,49,46.513,9092.0
21,49,46.519,9101.0
21,49,46.527,9101.0
21,49,46.532,9111.0
21,49,46.539,9111.0
21,49,46.546,9109.0
21,49,46.552,9103.0
21,49,46.56,9103.0
21,49,46.565,9104.0
21,49,46.572,9125.0
21,49,46.578,9125.0
21,49,46.585,9122.0
21,49,46.592,9122.0
21,49,46.598,9112.0
21,49,46.605,9110.0
21,49,46.611,9110.0
21,49,46.618,9115.0
21,49,46.625,9121.0
21,49,46.631,9128.0
21,49,46.637,9120.0
21,49,46.644,9120.0
21,49,46.651,9108.0
21,49,46.657,9116.0
21,49,46.664,9116.0
21,49,46.67,9117.0
21,49,46.677,9117.0
21,49,46.683,9121.0
21,49,46.69,9114.0
21,49,46.697,9114.0
21,49,46.704,9118.0
21,49,46.71,9114.0
21,49,46.716,9113.0
21,49,46.723,9116.0
21,49,46.729,9116.0
21,49,46.736,9107.0
21,49,46.743,9119.0
21,49,46.749,9119.0
21,49,46.756,9116.0
21,49,46.765,9116.0
21,49,46.77,9116.0
21,49,46.775,9102.0
21,49,46.782,9102.0
21,49,46.788,9117.0
21,49,46.795,9109.0
21,49,46.802,9109.0
21,49,46.808,9108.0
21,49,46.815,9108.0
21,49,46.821,9119.0
21,49,46.829,9121.0
21,49,46.834,9121.0
21,49,46.841,9108.0
21,49,46.847,9118.0
21,49,46.854,9129.0
21,49,46.861,9104.0
21,49,46.867,9104.0
21,49,46.874,9104.0
21,49,46.88,9117.0
21,49,46.887,9117.0
21,49,46.893,9113.0
21,49,46.9,9113.0
21,49,46.907,9102.0
21,49,46.913,9121.0
21,49,46.92,9121.0
21,49,46.927,9102.0
21,49,46.933,9113.0
21,49,46.939,9113.0
21,49,46.946,9113.0
21,49,46.953,9113.0
21,49,46.96,9103.0
21,49,46.966,9106.0
21,49,46.972,9106.0
21,49,46.979,9129.0
21,49,46.985,9115.0
21,49,46.993,9101.0
21,49,46.998,9096.0
21,49,47.005,9096.0
21,49,47.012,9127.0
21,49,47.018,9123.0
21,49,47.025,9123.0
21,49,47.031,9119.0
21,49,47.038,9119.0
21,49,47.044,9104.0
21,49,47.051,9113.0
21,49,47.058,9113.0
21,49,47.064,9100.0
21,49,47.072,9107.0
21,49,47.077,9110.0
21,49,47.089,9105.0
21,49,47.09,9105.0
21,49,47.098,9105.0
21,49,47.104,9103.0
21,49,47.11,9103.0
21,49,47.117,9114.0
21,49,47.123,9112.0
21,49,47.13,9108.0
21,49,47.136,9108.0
21,49,47.143,9108.0
21,49,47.149,9116.0
21,49,47.156,9114.0
21,49,47.163,9114.0
21,49,47.17,9101.0
21,49,47.176,9101.0
21,49,47.182,9116.0
21,49,47.189,9124.0
21,49,47.195,9124.0
21,49,47.202,9110.0
21,49,47.208,9121.0
21,49,47.215,9132.0
21,49,47.222,9119.0
21,49,47.228,9119.0
21,49,47.235,9121.0
21,49,47.241,9118.0
21,49,47.248,9118.0
21,49,47.254,9116.0
21,49,47.261,9116.0
21,49,47.268,9107.0
21,49,47.274,9103.0
21,49,47.281,9103.0
21,49,47.287,9111.0
21,49,47.295,9119.0
21,49,47.3,9119.0
21,49,47.307,9122.0
21,49,47.314,9122.0
21,49,47.32,9121.0
21,49,47.328,9120.0
21,49,47.333,9120.0
21,49,47.34,9120.0
21,49,47.346,9118.0
21,49,47.353,9112.0
21,49,47.36,9113.0
21,49,47.366,9113.0
21,49,47.373,9130.0
21,49,47.379,9100.0
21,49,47.386,9100.0
21,49,47.392,9099.0
21,49,47.399,9099.0
21,49,47.405,9142.0
21,49,47.412,9121.0
21,49,47.419,9121.0
21,49,47.425,9122.0
21,49,47.432,9110.0
21,49,47.439,9107.0
21,49,47.445,9095.0
21,49,47.451,9095.0
21,49,47.458,9105.0
21,49,47.464,9112.0
21,49,47.472,9112.0
21,49,47.478,9122.0
21,49,47.484,9122.0
21,49,47.491,9111.0
21,49,47.497,9094.0
21,49,47.505,9094.0
21,49,47.51,9125.0
21,49,47.517,9123.0
21,49,47.524,9123.0
21,49,47.53,9113.0
21,49,47.537,9113.0
21,49,47.543,9093.0
21,49,47.55,9114.0
21,49,47.556,9114.0
21,49,47.563,9098.0
21,49,47.569,9106.0
21,49,47.576,9115.0
21,49,47.583,9127.0
21,49,47.589,9127.0
21,49,47.597,9128.0
21,49,47.602,9116.0
21,49,47.609,9116.0
21,49,47.615,9108.0
21,49,47.622,9108.0
21,49,47.63,9103.0
21,49,47.635,9119.0
21,49,47.642,9119.0
21,49,47.648,9122.0
21,49,47.655,9118.0
21,49,47.662,9117.0
21,49,47.668,9102.0
21,49,47.674,9102.0
21,49,47.681,9113.0
21,49,47.688,9113.0
21,49,47.695,9113.0
21,49,47.701,9105.0
21,49,47.707,9111.0
21,49,47.714,9132.0
21,49,47.72,9123.0
21,49,47.728,9123.0
21,49,47.734,9098.0
21,49,47.74,9113.0
21,49,47.747,9113.0
21,49,47.753,9122.0
21,49,47.76,9122.0
21,49,47.766,9113.0
21,49,47.773,9114.0
21,49,47.78,9114.0
21,49,47.786,9137.0
21,49,47.793,9132.0
21,49,47.799,9127.0
21,49,47.807,9111.0
21,49,47.812,9111.0
21,49,47.819,9116.0
21,49,47.825,9108.0
21,49,47.833,9108.0
21,49,47.84,9102.0
21,49,47.845,9102.0
21,49,47.852,9113.0
21,49,47.858,9115.0
21,49,47.866,9115.0
21,49,47.872,9106.0
21,49,47.878,9118.0
21,49,47.885,9118.0
21,49,47.891,9120.0
21,49,47.898,9120.0
21,49,47.905,9113.0
21,49,47.911,9105.0
21,49,47.917,9105.0
21,49,47.924,9107.0
21,49,47.93,9108.0
21,49,47.937,9111.0
21,49,47.944,9111.0
21,49,47.95,9111.0
21,49,47.957,9099.0
21,49,47.963,9132.0
21,49,47.97,9132.0
21,49,47.976,9103.0
21,49,47.983,9103.0
21,49,47.99,9118.0
21,49,47.997,9123.0
21,49,48.003,9123.0
21,49,48.009,9097.0
21,49,48.016,9100.0
21,49,48.022,9101.0
21,49,48.03,9125.0
21,49,48.036,9125.0
21,49,48.042,9099.0
21,49,48.049,9102.0
21,49,48.055,9102.0
21,49,48.063,9119.0
21,49,48.068,9118.0
21,49,48.075,9116.0
21,49,48.081,9106.0
21,49,48.088,9106.0
21,49,48.096,9111.0
21,49,48.101,9115.0
21,49,48.108,9115.0
21,49,48.114,9101.0
21,49,48.121,9101.0
21,49,48.128,9118.0
21,49,48.134,9120.0
21,49,48.141,9120.0
21,49,48.147,9121.0
21,49,48.154,9109.0
21,49,48.16,9097.0
21,49,48.167,9108.0
21,49,48.174,9108.0
21,49,48.18,9108.0
21,49,48.186,9113.0
21,49,48.193,9113.0
21,49,48.2,9106.0
21,49,48.207,9106.0
21,49,48.213,9112.0
21,49,48.219,9126.0
21,49,48.226,9126.0
21,49,48.232,9106.0
21,49,48.24,9114.0
21,49,48.246,9114.0
21,49,48.252,9112.0
21,49,48.259,9112.0
21,49,48.265,9099.0
21,49,48.272,9106.0
21,49,48.278,9106.0
21,49,48.285,9114.0
21,49,48.292,9116.0
21,49,48.298,9123.0
21,49,48.305,9105.0
21,49,48.311,9105.0
21,49,48.318,9111.0
21,49,48.324,9114.0
21,49,48.331,9114.0
21,49,48.337,9110.0
21,49,48.344,9110.0
21,49,48.351,9104.0
21,49,48.357,9110.0
21,49,48.364,9110.0
21,49,48.37,9121.0
21,49,48.377,9122.0
21,49,48.383,9123.0
21,49,48.39,9112.0
21,49,48.398,9112.0
21,49,48.403,9115.0
21,49,48.41,9094.0
21,49,48.416,9094.0
21,49,48.423,9111.0
21,49,48.43,9111.0
21,49,48.436,9120.0
21,49,48.442,9111.0
21,49,48.449,9111.0
21,49,48.456,9114.0
21,49,48.463,9103.0
21,49,48.469,9103.0
21,49,48.475,9100.0
21,49,48.482,9100.0
21,49,48.488,9131.0
21,49,48.496,9111.0
21,49,48.502,9111.0
21,49,48.508,9104.0
21,49,48.515,9114.0
21,49,48.521,9124.0
21,49,48.528,9110.0
21,49,48.534,9110.0
21,49,48.542,9104.0
21,49,48.547,9108.0
21,49,48.554,9108.0
21,49,48.561,9112.0
21,49,48.567,9112.0
21,49,48.575,9115.0
21,49,48.58,9110.0
21,49,48.587,9110.0
21,49,48.593,9115.0
21,49,48.6,9112.0
21,49,48.607,9111.0
21,49,48.613,9097.0
21,49,48.62,9097.0
21,49,48.626,9121.0
21,49,48.633,9111.0
21,49,48.64,9111.0
21,49,48.646,9113.0
21,49,48.653,9113.0
21,49,48.659,9114.0
21,49,48.666,9108.0
21,49,48.672,9108.0
21,49,48.679,9107.0
21,49,48.685,9116.0
21,49,48.692,9116.0
21,49,48.698,9104.0
21,49,48.705,9104.0
21,49,48.712,9102.0
21,49,48.718,9113.0
21,49,48.725,9113.0
21,49,48.731,9113.0
21,49,48.738,9107.0
21,49,48.744,9105.0
21,49,48.751,9103.0
21,49,48.758,9103.0
21,49,48.764,9109.0
21,49,48.771,9110.0
21,49,48.777,9110.0
21,49,48.784,9107.0
21,49,48.79,9107.0
21,49,48.798,9119.0
21,49,48.804,9105.0
21,49,48.81,9105.0
21,49,48.817,9106.0
21,49,48.823,9117.0
21,49,48.831,9117.0
21,49,48.836,9115.0
21,49,48.843,9115.0
21,49,48.849,9117.0
21,49,48.856,9110.0
21,49,48.864,9110.0
21,49,48.869,9112.0
21,49,48.876,9105.0
21,49,48.882,9098.0
21,49,48.889,9120.0
21,49,48.895,9120.0
21,49,48.902,9113.0
21,49,48.91,9119.0
21,49,48.915,9119.0
21,49,48.922,9102.0
21,49,48.928,9102.0
21,49,48.935,9108.0
21,49,48.942,9115.0
21,49,48.948,9115.0
21,49,48.954,9124.0
21,49,48.961,9120.0
21,49,48.968,9119.0
21,49,48.975,9102.0
21,49,48.981,9102.0
21,49,48.987,9107.0
21,49,48.994,9123.0
21,49,49.0,9123.0
21,49,49.007,9106.0
21,49,49.014,9109.0
21,49,49.02,9119.0
21,49,49.027,9108.0
21,49,49.033,9108.0
21,49,49.043,9102.0
21,49,49.048,9117.0
21,49,49.057,9117.0
21,49,49.063,9109.0
21,49,49.066,9109.0
21,49,49.077,9090.0
21,49,49.08,9112.0
21,49,49.09,9112.0
21,49,49.092,9111.0
21,49,49.107,9115.0
