Hour,Minute,Second,IR1,Blinks,Actual Blinks
15,50,9.343,23896.0,0,0
15,50,9.343,23844.0,0,0
15,50,9.343,23711.0,0,0
15,50,9.359,23615.0,0,0
15,50,9.359,23600.0,0,0
15,50,9.359,23555.0,0,0
15,50,9.374,23551.0,0,0
15,50,9.374,23552.0,0,0
15,50,9.374,23561.0,0,0
15,50,9.39,23570.0,0,0
15,50,9.39,23609.0,0,0
15,50,9.39,23613.0,0,0
15,50,9.406,23598.0,0,0
15,50,9.406,23593.0,0,0
15,50,9.406,23534.0,0,0
15,50,9.421,23471.0,0,0
15,50,9.421,23416.0,0,0
15,50,9.437,23416.0,0,0
15,50,9.437,23450.0,0,0
15,50,9.437,23500.0,0,0
15,50,9.452,23547.0,0,0
15,50,9.452,23547.0,0,0
15,50,9.468,23562.0,0,0
15,50,9.484,23567.0,0,0
15,50,9.484,23577.0,0,0
15,50,9.499,23577.0,0,0
15,50,9.499,23633.0,0,0
15,50,9.515,23717.0,0,0
15,50,9.515,23779.0,0,0
15,50,9.53,23783.0,0,0
15,50,9.53,23797.0,0,0
15,50,9.546,23805.0,0,0
15,50,9.546,23759.0,0,0
15,50,9.562,23714.0,0,0
15,50,9.562,23670.0,0,0
15,50,9.578,23627.0,0,0
15,50,9.578,23611.0,0,0
15,50,9.594,23644.0,0,0
15,50,9.594,23655.0,0,0
15,50,9.609,23726.0,0,0
15,50,9.609,23791.0,0,0
15,50,9.625,23828.0,0,0
15,50,9.625,23828.0,0,0
15,50,9.641,23844.0,0,0
15,50,9.641,23812.0,0,0
15,50,9.656,23834.0,0,0
15,50,9.656,23834.0,0,0
15,50,9.672,23870.0,0,0
15,50,9.672,23912.0,0,0
15,50,9.687,23990.0,0,0
15,50,9.687,23990.0,0,0
15,50,9.703,24037.0,0,0
15,50,9.703,24021.0,0,0
15,50,9.719,23988.0,0,0
15,50,9.719,23979.0,0,0
15,50,9.734,23954.0,0,0
15,50,9.734,23966.0,0,0
15,50,9.75,24015.0,0,0
15,50,9.75,24039.0,0,0
15,50,9.765,24063.0,0,0
15,50,9.765,24071.0,0,0
15,50,9.781,24106.0,0,0
15,50,9.781,24127.0,0,0
15,50,9.797,24134.0,0,0
15,50,9.797,24164.0,0,0
15,50,9.812,24187.0,0,0
15,50,9.828,24215.0,0,0
15,50,9.828,24215.0,0,0
15,50,9.843,24230.0,0,0
15,50,9.843,24231.0,0,0
15,50,9.843,24213.0,0,0
15,50,9.859,24213.0,0,0
15,50,9.875,24203.0,0,0
15,50,9.875,24181.0,0,0
15,50,9.89,24184.0,0,0
15,50,9.89,24181.0,0,0
15,50,9.906,24174.0,0,0
15,50,9.906,24195.0,0,0
15,50,9.921,24187.0,0,0
15,50,9.921,24178.0,0,0
15,50,9.937,24170.0,0,0
15,50,9.937,24130.0,0,0
15,50,9.953,24108.0,0,0
15,50,9.953,24104.0,0,0
15,50,9.968,24103.0,0,0
15,50,9.968,24108.0,0,0
15,50,9.984,24079.0,0,0
15,50,9.984,24034.0,0,0
15,50,9.999,24034.0,0,0
15,50,9.999,23986.0,0,0
15,50,10.015,23865.0,0,0
15,50,10.015,23727.0,0,0
15,50,10.031,23727.0,0,0
15,50,10.031,23603.0,0,0
15,50,10.046,23526.0,0,0
15,50,10.046,23503.0,0,0
15,50,10.062,23503.0,0,0
15,50,10.062,23525.0,0,0
15,50,10.077,23548.0,0,0
15,50,10.077,23559.0,0,0
15,50,10.093,23568.0,0,0
15,50,10.093,23597.0,0,0
15,50,10.109,23643.0,0,0
15,50,10.109,23695.0,0,0
15,50,10.124,23719.0,0,0
15,50,10.124,23744.0,0,0
15,50,10.14,23785.0,0,0
15,50,10.14,23819.0,0,0
15,50,10.155,23814.0,0,0
15,50,10.155,23813.0,0,0
15,50,10.171,23819.0,0,0
15,50,10.187,23756.0,0,0
15,50,10.187,23729.0,0,0
15,50,10.202,23729.0,0,0
15,50,10.202,23737.0,0,0
15,50,10.218,23769.0,0,0
15,50,10.218,23838.0,0,0
15,50,10.233,23838.0,0,0
15,50,10.233,23919.0,0,0
15,50,10.249,23983.0,0,0
15,50,10.249,24005.0,0,0
15,50,10.265,24002.0,0,0
15,50,10.265,23996.0,0,0
15,50,10.28,23971.0,0,0
15,50,10.28,23940.0,0,0
15,50,10.296,23935.0,0,0
15,50,10.296,23931.0,0,0
15,50,10.311,23946.0,0,0
15,50,10.311,23959.0,0,0
15,50,10.327,23968.0,0,0
15,50,10.327,23972.0,0,0
15,50,10.343,23984.0,0,0
15,50,10.343,23964.0,0,0
15,50,10.358,23959.0,0,0
15,50,10.358,23959.0,0,0
15,50,10.374,23948.0,0,0
15,50,10.374,23935.0,0,0
15,50,10.389,23959.0,0,0
15,50,10.389,23959.0,0,0
15,50,10.405,23976.0,0,0
15,50,10.405,23991.0,0,0
15,50,10.421,23980.0,0,0
15,50,10.421,23980.0,0,0
15,50,10.436,23953.0,0,0
15,50,10.436,23945.0,0,0
15,50,10.452,23937.0,0,0
15,50,10.452,23944.0,0,0
15,50,10.467,23967.0,0,0
15,50,10.467,24017.0,0,0
15,50,10.483,24081.0,0,0
15,50,10.483,24108.0,0,0
15,50,10.499,24135.0,0,0
15,50,10.499,24143.0,0,0
15,50,10.514,24115.0,0,0
15,50,10.53,24079.0,0,0
15,50,10.53,24068.0,0,0
15,50,10.53,24035.0,0,0
15,50,10.545,24039.0,0,0
15,50,10.561,24065.0,0,0
15,50,10.561,24065.0,0,0
15,50,10.577,24112.0,0,0
15,50,10.577,24116.0,0,0
15,50,10.593,24068.0,0,0
15,50,10.593,24068.0,0,0
15,50,10.609,24018.0,0,0
15,50,10.609,23976.0,0,0
15,50,10.624,23953.0,0,0
15,50,10.624,23953.0,0,0
15,50,10.64,23986.0,0,0
15,50,10.64,24061.0,0,0
15,50,10.656,24078.0,0,0
15,50,10.656,24074.0,0,0
15,50,10.671,24064.0,0,0
15,50,10.671,24025.0,0,0
15,50,10.687,23928.0,0,0
15,50,10.687,23896.0,0,0
15,50,10.702,23865.0,0,0
15,50,10.702,23867.0,0,0
15,50,10.718,23919.0,0,0
15,50,10.718,23964.0,0,0
15,50,10.734,23979.0,0,0
15,50,10.734,24002.0,0,0
15,50,10.749,23977.0,0,0
15,50,10.749,23911.0,0,0
15,50,10.765,23911.0,0,0
15,50,10.765,23808.0,0,0
15,50,10.78,23779.0,0,0
15,50,10.78,23784.0,0,0
15,50,10.796,23784.0,0,0
15,50,10.796,23808.0,0,0
15,50,10.812,23825.0,0,0
15,50,10.812,23839.0,0,0
15,50,10.827,23825.0,0,0
15,50,10.827,23786.0,0,0
15,50,10.843,23738.0,0,0
15,50,10.843,23674.0,0,0
15,50,10.858,23662.0,0,0
15,50,10.858,23651.0,0,0
15,50,10.874,23666.0,0,0
15,50,10.89,23707.0,0,0
15,50,10.89,23688.0,0,0
15,50,10.905,23682.0,0,0
15,50,10.905,23648.0,0,0
15,50,10.921,23600.0,0,0
15,50,10.921,23562.0,0,0
15,50,10.936,23562.0,0,0
15,50,10.936,23523.0,0,0
15,50,10.952,23525.0,0,0
15,50,10.952,23479.0,0,0
15,50,10.968,23479.0,0,0
15,50,10.968,23449.0,0,0
15,50,10.983,23402.0,0,0
15,50,10.983,23381.0,0,0
15,50,10.999,23381.0,0,0
15,50,10.999,23390.0,0,0
15,50,11.014,23405.0,0,0
15,50,11.014,23428.0,0,0
15,50,11.03,23425.0,0,0
15,50,11.03,23417.0,0,0
15,50,11.046,23402.0,0,0
15,50,11.046,23365.0,0,0
15,50,11.061,23346.0,0,0
15,50,11.061,23327.0,0,0
15,50,11.077,23291.0,0,0
15,50,11.077,23261.0,0,0
15,50,11.092,23247.0,0,0
15,50,11.092,23243.0,0,0
15,50,11.108,23226.0,0,0
15,50,11.108,23190.0,0,0
15,50,11.124,23153.0,0,0
15,50,11.124,23153.0,0,0
15,50,11.139,23099.0,0,0
15,50,11.139,23035.0,0,0
15,50,11.155,23003.0,0,0
15,50,11.155,23003.0,0,0
15,50,11.17,23006.0,0,0
15,50,11.17,22995.0,0,0
15,50,11.186,22998.0,0,0
15,50,11.186,22998.0,0,0
15,50,11.202,22962.0,0,0
15,50,11.202,22952.0,0,0
15,50,11.217,22901.0,0,0
15,50,11.217,22895.0,0,0
15,50,11.233,22878.0,0,0
15,50,11.233,22876.0,0,0
15,50,11.248,22882.0,0,0
15,50,11.264,22885.0,0,0
15,50,11.264,22888.0,0,0
15,50,11.28,22879.0,0,0
15,50,11.28,22847.0,0,0
15,50,11.295,22804.0,0,0
15,50,11.295,22804.0,0,0
15,50,11.311,22774.0,0,0
15,50,11.311,22743.0,0,0
15,50,11.326,22727.0,0,0
15,50,11.326,22727.0,0,0
15,50,11.342,22707.0,0,0
15,50,11.342,22674.0,0,0
15,50,11.358,22650.0,0,0
15,50,11.358,22650.0,0,0
15,50,11.373,22617.0,0,0
15,50,11.373,22595.0,0,0
15,50,11.389,22595.0,0,0
15,50,11.389,22608.0,0,0
15,50,11.404,22650.0,0,0
15,50,11.404,22677.0,0,0
15,50,11.42,22685.0,0,0
15,50,11.42,22659.0,0,0
15,50,11.436,22633.0,0,0
15,50,11.436,22523.0,0,0
15,50,11.451,22355.0,0,0
15,50,11.451,22378.0,0,0
15,50,11.467,22386.0,0,0
15,50,11.467,22477.0,0,0
15,50,11.482,22489.0,0,0
15,50,11.498,22550.0,0,0
15,50,11.498,22550.0,0,0
15,50,11.514,22549.0,0,0
15,50,11.514,22508.0,0,0
15,50,11.529,22457.0,0,0
15,50,11.529,22457.0,0,0
15,50,11.545,22381.0,0,0
15,50,11.545,22367.0,0,0
15,50,11.56,22388.0,0,0
15,50,11.56,22388.0,0,0
15,50,11.576,22422.0,0,0
15,50,11.576,22444.0,0,0
15,50,11.592,22391.0,0,0
15,50,11.592,22374.0,0,0
15,50,11.607,22323.0,0,0
15,50,11.607,22225.0,0,0
15,50,11.623,22175.0,0,0
15,50,11.623,22171.0,0,0
15,50,11.638,22168.0,0,0
15,50,11.638,22188.0,0,0
15,50,11.654,22200.0,0,0
15,50,11.654,22197.0,0,0
15,50,11.67,22197.0,0,0
15,50,11.67,22148.0,0,0
15,50,11.685,22094.0,0,0
15,50,11.685,22051.0,0,0
15,50,11.701,22051.0,0,0
15,50,11.701,21994.0,0,0
15,50,11.716,21920.0,0,0
15,50,11.716,21794.0,0,0
15,50,11.732,21794.0,0,0
15,50,11.732,21670.0,0,0
15,50,11.748,21536.0,0,0
15,50,11.748,21443.0,0,0
15,50,11.763,21431.0,0,0
15,50,11.763,21395.0,0,0
15,50,11.779,21365.0,0,0
15,50,11.779,21342.0,0,0
15,50,11.794,21303.0,0,0
15,50,11.794,21264.0,0,0
15,50,11.81,21169.0,0,0
15,50,11.81,21091.0,0,0
15,50,11.826,20953.0,0,0
15,50,11.826,20907.0,0,0
15,50,11.841,20784.0,0,0
15,50,11.857,20824.0,0,0
15,50,11.857,20859.0,0,0
15,50,11.872,20859.0,0,0
15,50,11.872,20833.0,0,0
15,50,11.888,20774.0,0,0
15,50,11.888,20681.0,0,0
15,50,11.904,20681.0,0,0
15,50,11.904,20584.0,0,0
15,50,11.919,20501.0,0,0
15,50,11.919,20450.0,0,0
15,50,11.935,20436.0,0,0
15,50,11.935,20396.0,0,0
15,50,11.95,20377.0,0,0
15,50,11.95,20315.0,0,0
15,50,11.966,20253.0,0,0
15,50,11.966,20192.0,0,0
15,50,11.982,20066.0,0,0
15,50,11.982,19943.0,0,0
15,50,11.997,19850.0,0,0
15,50,11.997,19819.0,0,0
15,50,12.013,19751.0,0,0
15,50,12.013,19714.0,0,0
15,50,12.028,19675.0,0,0
15,50,12.028,19675.0,0,0
15,50,12.044,19602.0,0,0
15,50,12.044,19523.0,0,0
15,50,12.06,19428.0,0,0
15,50,12.06,19428.0,0,0
15,50,12.075,19393.0,0,0
15,50,12.075,19355.0,0,0
15,50,12.091,19290.0,0,0
15,50,12.091,19260.0,0,0
15,50,12.106,19170.0,0,0
15,50,12.106,19036.0,0,0
15,50,12.122,18871.0,0,0
15,50,12.122,18818.0,0,0
15,50,12.138,18766.0,0,0
15,50,12.138,18707.0,0,0
15,50,12.153,18653.0,0,0
15,50,12.169,18592.0,0,0
15,50,12.169,18572.0,0,0
15,50,12.184,18464.0,0,0
15,50,12.184,18356.0,0,0
15,50,12.2,18279.0,0,0
15,50,12.2,18279.0,0,0
15,50,12.216,18235.0,0,0
15,50,12.216,18192.0,0,0
15,50,12.231,18126.0,0,0
15,50,12.231,18126.0,0,0
15,50,12.247,18006.0,0,0
15,50,12.247,17881.0,0,0
15,50,12.262,17819.0,0,0
15,50,12.262,17819.0,0,0
15,50,12.278,17818.0,0,0
15,50,12.278,17861.0,0,0
15,50,12.294,17896.0,0,0
15,50,12.294,17886.0,0,0
15,50,12.309,17859.0,0,0
15,50,12.309,17768.0,0,0
15,50,12.325,17654.0,0,0
15,50,12.325,17611.0,0,0
15,50,12.34,17597.0,0,0
15,50,12.34,17602.0,0,0
15,50,12.356,17687.0,0,0
15,50,12.356,17764.0,0,0
15,50,12.372,17790.0,0,0
15,50,12.372,17795.0,0,0
15,50,12.387,17741.0,0,0
15,50,12.387,17665.0,0,0
15,50,12.403,17665.0,0,0
15,50,12.403,17606.0,0,0
15,50,12.418,17590.0,0,0
15,50,12.418,17631.0,0,0
15,50,12.434,17631.0,0,0
15,50,12.434,17722.0,0,0
15,50,12.45,17784.0,0,0
15,50,12.45,17776.0,0,0
15,50,12.465,17760.0,0,0
15,50,12.481,17714.0,0,0
15,50,12.481,17664.0,0,0
15,50,12.496,17656.0,0,0
15,50,12.496,17680.0,0,0
15,50,12.512,17705.0,0,0
15,50,12.512,17782.0,0,0
15,50,12.528,17841.0,0,0
15,50,12.528,17877.0,0,0
15,50,12.543,17890.0,0,0
15,50,12.543,17887.0,0,0
15,50,12.559,17865.0,0,0
15,50,12.559,17851.0,0,0
15,50,12.574,17851.0,0,0
15,50,12.574,17895.0,0,0
15,50,12.59,17975.0,0,0
15,50,12.59,18088.0,0,0
15,50,12.606,18088.0,0,0
15,50,12.606,18135.0,0,0
15,50,12.622,18130.0,0,0
15,50,12.622,18114.0,0,0
15,50,12.638,18113.0,0,0
15,50,12.638,18110.0,0,0
15,50,12.653,18153.0,0,0
15,50,12.653,18252.0,0,0
15,50,12.669,18310.0,0,0
15,50,12.669,18368.0,0,0
15,50,12.685,18454.0,0,0
15,50,12.685,18490.0,0,0
15,50,12.7,18467.0,0,0
15,50,12.7,18460.0,0,0
15,50,12.716,18413.0,0,0
15,50,12.716,18393.0,0,0
15,50,12.731,18435.0,0,0
15,50,12.731,18435.0,0,0
15,50,12.747,18491.0,0,0
15,50,12.747,18540.0,0,0
15,50,12.763,18539.0,0,0
15,50,12.763,18539.0,0,0
15,50,12.778,18479.0,0,0
15,50,12.778,18433.0,0,0
15,50,12.794,18403.0,0,0
15,50,12.794,18411.0,0,0
15,50,12.809,18435.0,0,0
15,50,12.809,18495.0,0,0
15,50,12.825,18554.0,0,0
15,50,12.825,18575.0,0,0
15,50,12.841,18597.0,0,0
15,50,12.841,18593.0,0,0
15,50,12.856,18592.0,0,0
15,50,12.872,18629.0,0,0
15,50,12.872,18642.0,0,0
15,50,12.887,18699.0,0,0
15,50,12.887,18733.0,0,0
15,50,12.903,18735.0,0,0
15,50,12.903,18735.0,0,0
15,50,12.919,18703.0,0,0
15,50,12.919,18675.0,0,0
15,50,12.934,18709.0,0,0
15,50,12.934,18709.0,0,0
15,50,12.95,18800.0,0,0
15,50,12.95,18938.0,0,0
15,50,12.965,19041.0,0,0
15,50,12.965,19041.0,0,0
15,50,12.981,19027.0,0,0
15,50,12.981,18910.0,0,0
15,50,13.0,18824.0,0,0
15,50,13.002,18838.0,0,0
15,50,13.002,18882.0,0,0
15,50,13.017,19064.0,0,0
15,50,13.017,19300.0,0,0
15,50,13.033,19360.0,0,0
15,50,13.033,19421.0,0,0
15,50,13.048,19394.0,0,0
15,50,13.048,19290.0,0,0
15,50,13.064,19248.0,0,0
15,50,13.08,19235.0,0,0
15,50,13.08,19334.0,0,0
15,50,13.095,19619.0,0,0
15,50,13.095,19898.0,0,0
15,50,13.111,19898.0,0,0
15,50,13.111,20064.0,0,0
15,50,13.126,20045.0,0,0
15,50,13.126,19945.0,0,0
15,50,13.142,19945.0,0,0
15,50,13.142,19901.0,0,0
15,50,13.158,19986.0,0,0
15,50,13.158,20278.0,0,0
15,50,13.173,20378.0,0,0
15,50,13.173,20681.0,0,0
15,50,13.189,21043.0,0,0
15,50,13.189,21189.0,0,0
15,50,13.204,21160.0,0,0
15,50,13.204,21131.0,0,0
15,50,13.22,21017.0,0,0
15,50,13.22,21053.0,0,0
15,50,13.236,21278.0,0,0
15,50,13.236,21353.0,0,0
15,50,13.251,21897.0,0,0
15,50,13.251,22458.0,0,0
15,50,13.267,22825.0,0,0
15,50,13.267,22825.0,0,0
15,50,13.282,22854.0,0,0
15,50,13.282,22775.0,0,0
15,50,13.298,22842.0,0,0
15,50,13.298,22842.0,0,0
15,50,13.314,23123.0,0,0
15,50,13.314,23596.0,0,0
15,50,13.329,24170.0,0,0
15,50,13.329,24234.0,0,0
15,50,13.345,24567.0,0,0
15,50,13.345,24698.0,0,0
15,50,13.36,24618.0,0,0
15,50,13.36,24579.0,0,0
15,50,13.376,24540.0,0,0
15,50,13.376,24638.0,0,0
15,50,13.392,24958.0,0,0
15,50,13.392,25287.0,0,0
15,50,13.407,25397.0,0,0
15,50,13.423,25607.0,0,0
15,50,13.423,25616.0,0,0
15,50,13.438,25612.0,0,0
15,50,13.438,25612.0,0,0
15,50,13.454,25687.0,0,0
15,50,13.454,25870.0,0,0
15,50,13.47,26050.0,0,0
15,50,13.47,26050.0,0,0
15,50,13.485,26175.0,0,0
15,50,13.485,26274.0,0,0
15,50,13.501,26378.0,0,0
15,50,13.501,26378.0,0,0
15,50,13.516,26495.0,0,0
15,50,13.516,26595.0,0,0
15,50,13.532,26710.0,0,0
15,50,13.532,26761.0,0,0
15,50,13.548,26813.0,0,0
15,50,13.548,26933.0,0,0
15,50,13.563,27052.0,0,0
15,50,13.563,27103.0,0,0
15,50,13.579,27121.0,0,0
15,50,13.579,27230.0,0,0
15,50,13.594,27331.0,0,0
15,50,13.594,27408.0,0,0
15,50,13.61,27408.0,0,0
15,50,13.61,27486.0,0,0
15,50,13.626,27529.0,0,0
15,50,13.626,27589.0,0,0
15,50,13.643,27589.0,0,0
15,50,13.643,27619.0,0,0
15,50,13.659,27647.0,0,0
15,50,13.659,27672.0,0,0
15,50,13.674,27680.0,0,0
15,50,13.674,27707.0,0,0
15,50,13.69,27702.0,0,0
15,50,13.69,27697.0,0,0
15,50,13.706,27669.0,0,0
15,50,13.706,27642.0,0,0
15,50,13.721,27622.0,0,0
15,50,13.721,27566.0,0,0
15,50,13.737,27522.0,0,0
15,50,13.737,27508.0,0,0
15,50,13.752,27448.0,0,0
15,50,13.752,27376.0,0,0
15,50,13.768,27280.0,0,0
15,50,13.768,27280.0,0,0
15,50,13.784,27177.0,0,0
15,50,13.784,27023.0,0,0
15,50,13.799,26834.0,0,0
15,50,13.815,26834.0,0,0
15,50,13.815,26567.0,0,0
15,50,13.83,26305.0,0,0
15,50,13.83,26018.0,0,0
15,50,13.846,26018.0,0,0
15,50,13.846,25733.0,0,0
15,50,13.862,25431.0,0,0
15,50,13.862,25150.0,0,0
15,50,13.877,24940.0,0,0
15,50,13.877,24822.0,0,0
15,50,13.893,24423.0,0,0
15,50,13.893,24029.0,0,0
15,50,13.908,23796.0,0,0
15,50,13.908,23691.0,0,0
15,50,13.924,23410.0,0,0
15,50,13.924,23158.0,0,0
15,50,13.94,22892.0,0,0
15,50,13.94,22892.0,0,0
15,50,13.955,22590.0,0,0
15,50,13.955,22278.0,0,0
15,50,13.971,21944.0,0,0
15,50,13.971,21944.0,0,0
15,50,13.986,21603.0,0,0
15,50,13.986,21295.0,0,0
15,50,14.002,21026.0,0,0
15,50,14.002,21026.0,0,0
15,50,14.018,20707.0,0,0
15,50,14.018,20285.0,0,0
15,50,14.033,19942.0,0,0
15,50,14.033,19855.0,0,0
15,50,14.049,19596.0,0,0
15,50,14.049,19356.0,0,0
15,50,14.064,19168.0,0,0
15,50,14.064,19109.0,0,0
15,50,14.08,19051.0,0,0
15,50,14.08,18954.0,0,0
15,50,14.096,18805.0,0,0
15,50,14.096,18621.0,0,0
15,50,14.111,18560.0,0,0
15,50,14.127,18244.0,0,0
15,50,14.127,17977.0,0,0
15,50,14.142,17771.0,0,0
15,50,14.142,17771.0,0,0
15,50,14.158,17636.0,0,0
15,50,14.158,17565.0,0,0
15,50,14.174,17560.0,0,0
15,50,14.174,17560.0,0,0
15,50,14.189,17496.0,0,0
15,50,14.189,17469.0,0,0
15,50,14.205,17396.0,0,0
15,50,14.205,17380.0,0,0
15,50,14.22,17332.0,0,0
15,50,14.22,17175.0,0,0
15,50,14.236,17050.0,0,0
15,50,14.236,16989.0,0,0
15,50,14.252,16929.0,0,0
15,50,14.252,16879.0,0,0
15,50,14.267,16849.0,0,0
15,50,14.267,16720.0,0,0
15,50,14.283,16678.0,0,0
15,50,14.283,16472.0,0,0
15,50,14.298,16317.0,0,0
15,50,14.298,16151.0,0,0
15,50,14.314,16151.0,0,0
15,50,14.314,15991.0,0,0
15,50,14.33,15904.0,0,0
15,50,14.33,15889.0,0,0
15,50,14.345,15889.0,0,0
15,50,14.345,15961.0,0,0
15,50,14.361,16012.0,0,0
15,50,14.361,15986.0,0,0
15,50,14.376,15986.0,0,0
15,50,14.376,15867.0,0,0
15,50,14.392,15749.0,0,0
15,50,14.392,15627.0,0,0
15,50,14.408,15597.0,0,0
15,50,14.408,15507.0,0,0
15,50,14.423,15433.0,0,15433.0
15,50,14.423,15411.0,0,0
15,50,14.439,15396.0,0,0
15,50,14.439,15381.0,0,0
15,50,14.454,15295.0,0,0
15,50,14.47,15237.0,0,0
15,50,14.47,15194.0,0,0
15,50,14.486,15180.0,0,0
15,50,14.486,15166.0,0,0
15,50,14.501,15223.0,0,0
15,50,14.501,15288.0,0,0
15,50,14.517,15288.0,0,0
15,50,14.517,15319.0,0,0
15,50,14.532,15383.0,0,0
15,50,14.532,15464.0,0,0
15,50,14.548,15464.0,0,0
15,50,14.548,15527.0,0,0
15,50,14.564,15584.0,0,0
15,50,14.564,15682.0,0,0
15,50,14.579,15723.0,0,0
15,50,14.579,15848.0,0,0
15,50,14.595,15981.0,0,0
15,50,14.595,16090.0,0,0
15,50,14.61,16091.0,0,0
15,50,14.61,16093.0,0,0
15,50,14.626,16047.0,0,0
15,50,14.626,16003.0,0,0
15,50,14.642,15994.0,0,0
15,50,14.642,15992.0,0,0
15,50,14.659,15987.0,0,0
15,50,14.659,15973.0,0,0
15,50,14.675,15923.0,0,0
15,50,14.675,15923.0,0,0
15,50,14.69,15791.0,0,0
15,50,14.69,15681.0,0,0
15,50,14.706,15565.0,0,0
15,50,14.706,15565.0,0,0
15,50,14.722,15492.0,0,0
15,50,14.722,15435.0,0,0
15,50,14.737,15459.0,0,0
15,50,14.737,15459.0,0,0
15,50,14.753,15489.0,0,0
15,50,14.753,15528.0,0,0
15,50,14.768,15549.0,0,0
15,50,14.768,15551.0,0,0
15,50,14.784,15559.0,0,0
15,50,14.784,15550.0,0,0
15,50,14.8,15598.0,0,0
15,50,14.8,15675.0,0,0
15,50,14.815,15624.0,0,0
15,50,14.815,15701.0,0,0
15,50,14.831,15734.0,0,0
15,50,14.831,15742.0,0,0
15,50,14.846,15745.0,0,0
15,50,14.862,15753.0,0,0
15,50,14.862,15765.0,0,0
15,50,14.878,15807.0,0,0
15,50,14.878,15807.0,0,0
15,50,14.893,15866.0,0,0
15,50,14.893,15929.0,0,0
15,50,14.909,15968.0,0,0
15,50,14.909,15968.0,0,0
15,50,14.924,15978.0,0,0
15,50,14.924,16004.0,0,0
15,50,14.94,16027.0,0,0
15,50,14.94,16036.0,0,0
15,50,14.956,16063.0,0,0
15,50,14.956,16118.0,0,0
15,50,14.971,16167.0,0,0
15,50,14.971,16181.0,0,0
15,50,14.987,16196.0,0,0
15,50,14.987,16234.0,0,0
15,50,15.002,16246.0,0,0
15,50,15.002,16270.0,0,0
15,50,15.018,16279.0,0,0
15,50,15.018,16296.0,0,0
15,50,15.034,16307.0,0,0
15,50,15.034,16345.0,0,0
15,50,15.049,16345.0,0,0
15,50,15.049,16372.0,0,0
15,50,15.065,16391.0,0,0
15,50,15.065,16416.0,0,0
15,50,15.08,16416.0,0,0
15,50,15.08,16434.0,0,0
15,50,15.096,16464.0,0,0
15,50,15.112,16551.0,0,0
15,50,15.112,16589.0,0,0
15,50,15.112,16705.0,0,0
15,50,15.127,16821.0,0,0
15,50,15.127,16949.0,0,0
15,50,15.143,17000.0,0,0
15,50,15.143,17051.0,0,0
15,50,15.158,17180.0,0,0
15,50,15.174,17317.0,0,0
15,50,15.174,17390.0,0,0
15,50,15.19,17415.0,0,0
15,50,15.19,17486.0,0,0
15,50,15.205,17521.0,0,0
15,50,15.205,17557.0,0,0
15,50,15.221,17557.0,0,0
15,50,15.221,17578.0,0,0
15,50,15.236,17621.0,0,0
15,50,15.236,17667.0,0,0
15,50,15.252,17667.0,0,0
15,50,15.252,17747.0,0,0
15,50,15.268,17875.0,0,0
15,50,15.268,17985.0,0,0
15,50,15.283,17985.0,0,0
15,50,15.283,18052.0,0,0
15,50,15.299,18047.0,0,0
15,50,15.299,18054.0,0,0
15,50,15.314,18054.0,0,0
15,50,15.314,18056.0,0,0
15,50,15.331,18117.0,0,0
15,50,15.331,18256.0,0,0
15,50,15.347,18347.0,0,0
15,50,15.347,18439.0,0,0
15,50,15.362,18577.0,0,0
15,50,15.362,18655.0,0,0
15,50,15.378,18640.0,0,0
15,50,15.378,18635.0,0,0
15,50,15.393,18564.0,0,0
15,50,15.393,18576.0,0,0
15,50,15.409,18751.0,0,0
15,50,15.409,18751.0,0,0
15,50,15.425,19049.0,0,0
15,50,15.425,19328.0,0,0
15,50,15.44,19472.0,0,0
15,50,15.44,19472.0,0,0
15,50,15.456,19417.0,0,0
15,50,15.456,19304.0,0,0
15,50,15.471,19356.0,0,0
15,50,15.471,19356.0,0,0
15,50,15.487,19605.0,0,0
15,50,15.487,20025.0,0,0
15,50,15.503,20405.0,0,0
15,50,15.503,20437.0,0,0
15,50,15.518,20535.0,0,0
15,50,15.518,20418.0,0,0
15,50,15.534,20282.0,0,0
15,50,15.534,20301.0,0,0
15,50,15.549,20321.0,0,0
15,50,15.565,20666.0,0,0
15,50,15.565,21190.0,0,0
15,50,15.581,21668.0,0,0
15,50,15.581,21657.0,0,0
15,50,15.596,21788.0,0,0
15,50,15.596,21743.0,0,0
15,50,15.612,21745.0,0,0
15,50,15.612,21745.0,0,0
15,50,15.627,21978.0,0,0
15,50,15.627,22444.0,0,0
15,50,15.643,23015.0,0,0
15,50,15.643,23015.0,0,0
15,50,15.659,23512.0,0,0
15,50,15.659,23801.0,0,0
15,50,15.674,23959.0,0,0
15,50,15.674,24011.0,0,0
15,50,15.69,24170.0,0,0
15,50,15.69,24552.0,0,0
15,50,15.705,25140.0,0,0
15,50,15.705,25388.0,0,0
15,50,15.721,25636.0,0,0
15,50,15.721,25870.0,0,0
15,50,15.737,25905.0,0,0
15,50,15.737,25917.0,0,0
15,50,15.752,25921.0,0,0
15,50,15.752,26040.0,0,0
15,50,15.768,26237.0,0,0
15,50,15.768,26432.0,0,0
15,50,15.783,26432.0,0,0
15,50,15.783,26542.0,0,0
15,50,15.799,26610.0,0,0
15,50,15.799,26721.0,0,0
15,50,15.815,26721.0,0,0
15,50,15.815,26889.0,0,0
15,50,15.83,26981.0,0,0
15,50,15.83,27036.0,0,0
15,50,15.846,27046.0,0,0
15,50,15.846,27076.0,0,0
15,50,15.861,27171.0,0,0
15,50,15.877,27251.0,0,0
15,50,15.877,27285.0,0,0
15,50,15.893,27320.0,0,0
15,50,15.893,27381.0,0,0
15,50,15.908,27457.0,0,0
15,50,15.908,27498.0,0,0
15,50,15.939,27512.0,0,0
15,50,15.939,27586.0,0,0
15,50,15.955,27647.0,0,0
15,50,15.955,27729.0,0,0
15,50,15.955,27729.0,0,0
15,50,15.955,27780.0,0,0
15,50,15.971,27832.0,0,0
15,50,15.971,27886.0,0,0
15,50,15.986,27886.0,0,0
15,50,15.986,27924.0,0,0
15,50,16.002,27965.0,0,0
15,50,16.002,28018.0,0,0
15,50,16.017,28017.0,0,0
15,50,16.017,28015.0,0,0
15,50,16.033,28062.0,0,0
15,50,16.033,28056.0,0,0
15,50,16.049,28061.0,0,0
15,50,16.049,28067.0,0,0
15,50,16.064,28045.0,0,0
15,50,16.064,28020.0,0,0
15,50,16.08,27982.0,0,0
15,50,16.08,27970.0,0,0
15,50,16.095,27911.0,0,0
15,50,16.095,27830.0,0,0
15,50,16.111,27730.0,0,0
15,50,16.127,27730.0,0,0
15,50,16.127,27585.0,0,0
15,50,16.127,27424.0,0,0
15,50,16.142,27177.0,0,0
15,50,16.142,27177.0,0,0
15,50,16.158,26693.0,0,0
15,50,16.173,26299.0,0,0
15,50,16.173,25947.0,0,0
15,50,16.189,25870.0,0,0
15,50,16.189,25641.0,0,0
15,50,16.205,25326.0,0,0
15,50,16.205,25121.0,0,0
15,50,16.22,25033.0,0,0
15,50,16.22,24946.0,0,0
15,50,16.236,24782.0,0,0
15,50,16.236,24510.0,0,0
15,50,16.251,24276.0,0,0
15,50,16.251,24199.0,0,0
15,50,16.267,23877.0,0,0
15,50,16.267,23513.0,0,0
15,50,16.283,23148.0,0,0
15,50,16.283,23148.0,0,0
15,50,16.298,22775.0,0,0
15,50,16.298,22407.0,0,0
15,50,16.314,22034.0,0,0
15,50,16.314,22034.0,0,0
15,50,16.329,21655.0,0,0
15,50,16.329,21302.0,0,0
15,50,16.345,20989.0,0,0
15,50,16.345,20900.0,0,0
15,50,16.361,20635.0,0,0
15,50,16.361,20326.0,0,0
15,50,16.376,19911.0,0,0
15,50,16.376,19738.0,0,0
15,50,16.392,19566.0,0,0
15,50,16.392,19347.0,0,0
15,50,16.407,19111.0,0,0
15,50,16.407,18987.0,0,0
15,50,16.423,18946.0,0,0
15,50,16.423,18721.0,0,0
15,50,16.439,18462.0,0,0
15,50,16.439,18239.0,0,0
15,50,16.454,18239.0,0,0
15,50,16.454,18008.0,0,0
15,50,16.47,17810.0,0,0
15,50,16.47,17621.0,0,0
15,50,16.485,17621.0,0,0
15,50,16.501,17454.0,0,0
15,50,16.501,17286.0,0,0
15,50,16.517,17148.0,0,0
15,50,16.517,17148.0,0,0
15,50,16.532,17042.0,0,0
15,50,16.532,16985.0,0,0
15,50,16.548,16918.0,0,0
15,50,16.548,16839.0,0,0
15,50,16.563,16858.0,0,0
15,50,16.563,16763.0,0,0
15,50,16.579,16664.0,0,0
15,50,16.579,16562.0,0,0
15,50,16.595,16589.0,0,0
15,50,16.595,16532.0,0,0
15,50,16.61,16565.0,0,0
15,50,16.61,16711.0,0,0
15,50,16.626,16675.0,0,0
15,50,16.626,16783.0,0,0
15,50,16.641,16866.0,0,0
15,50,16.641,16859.0,0,0
15,50,16.657,16859.0,0,0
15,50,16.657,16796.0,0,0
15,50,16.673,16715.0,0,0
15,50,16.673,16699.0,0,0
15,50,16.688,16699.0,0,0
15,50,16.688,16727.0,0,0
15,50,16.705,16789.0,0,16789.0
15,50,16.705,16820.0,0,0
15,50,16.72,16808.0,0,0
15,50,16.72,16772.0,0,0
15,50,16.736,16689.0,0,0
15,50,16.736,16586.0,0,0
15,50,16.752,16536.0,0,0
15,50,16.752,16487.0,0,0
15,50,16.767,16460.0,0,0
15,50,16.767,16541.0,0,0
15,50,16.783,16595.0,0,0
15,50,16.783,16613.0,0,0
15,50,16.798,16587.0,16587.0,0
15,50,16.798,16429.0,16429.0,0
15,50,16.814,16218.0,16218.0,0
15,50,16.814,16218.0,16218.0,0
15,50,16.83,15993.0,15993.0,0
15,50,16.845,15814.0,15814.0,0
15,50,16.845,15723.0,15723.0,0
15,50,16.861,15723.0,15723.0,0
15,50,16.861,15667.0,15667.0,0
15,50,16.876,15633.0,15633.0,0
15,50,16.876,15526.0,15526.0,0
15,50,16.892,15526.0,15526.0,0
15,50,16.892,15364.0,15364.0,0
15,50,16.908,15185.0,15185.0,0
15,50,16.908,15100.0,15100.0,0
15,50,16.923,15085.0,15085.0,0
15,50,16.923,15043.0,15043.0,0
15,50,16.939,15006.0,15006.0,0
15,50,16.939,15004.0,15004.0,0
15,50,16.954,14969.0,14969.0,0
15,50,16.954,14935.0,14935.0,0
15,50,16.97,14835.0,14835.0,0
15,50,16.97,14748.0,14748.0,0
15,50,16.986,14705.0,14705.0,0
15,50,16.986,14691.0,14691.0,0
15,50,17.001,14682.0,14682.0,0
15,50,17.001,14757.0,14757.0,0
15,50,17.017,14884.0,14884.0,0
15,50,17.017,14884.0,14884.0,0
15,50,17.032,14998.0,14998.0,0
15,50,17.032,15088.0,0,0
15,50,17.048,15121.0,0,0
15,50,17.048,15121.0,0,0
15,50,17.064,15083.0,0,0
15,50,17.064,15068.0,0,0
15,50,17.079,15070.0,0,0
15,50,17.079,15080.0,0,0
15,50,17.095,15113.0,0,0
15,50,17.095,15187.0,0,0
15,50,17.11,15249.0,0,0
15,50,17.11,15264.0,0,0
15,50,17.126,15280.0,0,0
15,50,17.126,15316.0,0,0
15,50,17.142,15328.0,0,0
15,50,17.142,15349.0,0,0
15,50,17.157,15356.0,0,0
15,50,17.157,15394.0,0,0
15,50,17.173,15446.0,0,0
15,50,17.173,15477.0,0,0
15,50,17.188,15477.0,0,0
15,50,17.204,15493.0,0,0
15,50,17.204,15490.0,0,0
15,50,17.22,15493.0,0,0
15,50,17.22,15493.0,0,0
15,50,17.235,15509.0,0,0
15,50,17.235,15549.0,0,0
15,50,17.251,15607.0,0,0
15,50,17.251,15628.0,0,0
15,50,17.266,15692.0,0,0
15,50,17.266,15782.0,0,0
15,50,17.282,15935.0,0,0
15,50,17.282,16020.0,0,0
15,50,17.298,16106.0,0,0
15,50,17.298,16270.0,0,0
15,50,17.313,16369.0,0,0
15,50,17.313,16404.0,0,0
15,50,17.329,16416.0,0,0
15,50,17.329,16445.0,0,0
15,50,17.344,16496.0,0,0
15,50,17.344,16552.0,0,0
15,50,17.36,16552.0,0,0
15,50,17.36,16651.0,0,0
15,50,17.376,16766.0,0,0
15,50,17.376,16888.0,0,0
15,50,17.391,16888.0,0,0
15,50,17.391,16951.0,0,0
15,50,17.407,16968.0,0,0
15,50,17.407,16943.0,0,0
15,50,17.422,16943.0,0,0
15,50,17.422,16970.0,0,0
15,50,17.438,17039.0,0,0
15,50,17.438,17153.0,0,0
15,50,17.454,17176.0,0,0
15,50,17.454,17248.0,0,0
15,50,17.469,17283.0,0,0
15,50,17.469,17300.0,0,0
15,50,17.485,17317.0,0,0
15,50,17.5,17335.0,0,0
15,50,17.5,17423.0,0,0
15,50,17.516,17572.0,0,0
15,50,17.516,17674.0,0,0
15,50,17.532,17708.0,0,0
15,50,17.532,17780.0,0,0
15,50,17.547,17815.0,0,0
15,50,17.547,17797.0,0,0
15,50,17.563,17797.0,0,0
15,50,17.563,17833.0,0,0
15,50,17.578,17879.0,0,0
15,50,17.578,17939.0,0,0
15,50,17.594,17939.0,0,0
15,50,17.594,18003.0,0,0
15,50,17.61,18035.0,0,0
15,50,17.61,18095.0,0,0
15,50,17.625,18110.0,0,0
15,50,17.625,18157.0,0,0
15,50,17.641,18239.0,0,0
15,50,17.641,18345.0,0,0
15,50,17.656,18399.0,0,0
15,50,17.656,18453.0,0,0
15,50,17.672,18527.0,0,0
15,50,17.672,18634.0,0,0
15,50,17.688,18736.0,0,0
15,50,17.688,18770.0,0,0
15,50,17.703,18936.0,0,0
15,50,17.703,19137.0,0,0
15,50,17.72,19352.0,0,0
15,50,17.72,19352.0,0,0
15,50,17.735,19517.0,0,0
15,50,17.735,19616.0,0,0
15,50,17.751,19681.0,0,0
15,50,17.751,19681.0,0,0
15,50,17.767,19783.0,0,0
15,50,17.767,19995.0,0,0
15,50,17.782,20284.0,0,0
15,50,17.782,20284.0,0,0
15,50,17.798,20546.0,0,0
15,50,17.798,20701.0,0,0
15,50,17.813,20781.0,0,0
15,50,17.813,20783.0,0,0
15,50,17.829,20789.0,0,0
15,50,17.829,20913.0,0,0
15,50,17.845,21217.0,0,0
15,50,17.845,21472.0,0,0
15,50,17.86,21728.0,0,0
15,50,17.876,22231.0,0,0
15,50,17.876,22651.0,0,0
15,50,17.891,22870.0,0,0
15,50,17.891,22943.0,0,0
15,50,17.907,23281.0,0,0
15,50,17.907,23781.0,0,0
15,50,17.923,24426.0,0,0
15,50,17.923,24426.0,0,0
15,50,17.938,25157.0,0,0
15,50,17.938,26061.0,0,0
15,50,17.954,26774.0,0,0
15,50,17.954,26774.0,0,0
15,50,17.969,26983.0,0,0
15,50,17.969,26960.0,0,0
15,50,17.989,26928.0,0,0
15,50,17.992,26928.0,0,0
15,50,17.992,27206.0,0,0
15,50,18.008,27548.0,0,0
15,50,18.008,27698.0,0,0
15,50,18.023,27721.0,0,0
15,50,18.023,27793.0,0,0
15,50,18.039,27910.0,0,0
15,50,18.039,28061.0,0,0
15,50,18.054,28139.0,0,0
15,50,18.054,28217.0,0,0
15,50,18.07,28373.0,0,0
15,50,18.086,28451.0,0,0
15,50,18.086,28512.0,0,0
15,50,18.101,28533.0,0,0
15,50,18.101,28618.0,0,0
15,50,18.117,28705.0,0,0
15,50,18.117,28780.0,0,0
15,50,18.132,28780.0,0,0
15,50,18.132,28847.0,0,0
15,50,18.148,28920.0,0,0
15,50,18.148,28966.0,0,0
15,50,18.164,28966.0,0,0
15,50,18.164,29046.0,0,0
15,50,18.179,29125.0,0,0
15,50,18.179,29182.0,0,0
15,50,18.195,29193.0,0,0
15,50,18.195,29228.0,0,0
15,50,18.21,29264.0,0,0
15,50,18.21,29282.0,0,0
15,50,18.226,29299.0,0,0
15,50,18.226,29317.0,0,0
15,50,18.242,29394.0,0,0
15,50,18.242,29425.0,0,0
15,50,18.257,29424.0,0,0
15,50,18.257,29424.0,0,0
15,50,18.273,29395.0,0,0
15,50,18.273,29429.0,0,0
15,50,18.288,29447.0,0,0
15,50,18.288,29447.0,0,0
15,50,18.304,29404.0,0,0
15,50,18.304,29350.0,0,0
15,50,18.32,29224.0,0,0
15,50,18.32,29224.0,0,0
15,50,18.335,29079.0,0,0
15,50,18.335,28915.0,0,0
15,50,18.351,28739.0,0,0
15,50,18.351,28702.0,0,0
15,50,18.366,28592.0,0,0
15,50,18.366,28489.0,0,0
15,50,18.382,28363.0,0,0
15,50,18.382,28267.0,0,0
15,50,18.398,28171.0,0,0
15,50,18.398,27973.0,0,0
15,50,18.413,27832.0,0,0
15,50,18.413,27664.0,0,0
15,50,18.429,27608.0,0,0
15,50,18.429,27313.0,0,0
15,50,18.444,26833.0,0,0
15,50,18.444,26489.0,0,0
15,50,18.46,26489.0,0,0
15,50,18.46,26105.0,0,0
15,50,18.476,25586.0,0,0
15,50,18.491,25055.0,0,0
15,50,18.491,25055.0,0,0
15,50,18.507,24498.0,0,0
15,50,18.507,24040.0,0,0
15,50,18.522,23564.0,0,0
15,50,18.522,23564.0,0,0
15,50,18.538,22975.0,0,0
15,50,18.538,22396.0,0,0
15,50,18.554,21834.0,0,0
15,50,18.554,21575.0,0,0
15,50,18.569,21311.0,0,0
15,50,18.569,20901.0,0,0
15,50,18.585,20517.0,0,0
15,50,18.585,20200.0,0,0
15,50,18.6,20140.0,0,0
15,50,18.6,19883.0,0,0
15,50,18.616,19713.0,0,0
15,50,18.616,19526.0,0,0
15,50,18.632,19526.0,0,0
15,50,18.632,19334.0,0,0
15,50,18.647,19198.0,0,0
15,50,18.647,19109.0,0,0
15,50,18.663,19109.0,0,0
15,50,18.663,18893.0,0,0
15,50,18.678,18643.0,0,0
15,50,18.678,18363.0,0,0
15,50,18.694,18363.0,0,0
15,50,18.694,18062.0,0,0
15,50,18.71,17748.0,0,0
15,50,18.71,17433.0,0,0
15,50,18.727,17350.0,0,0
15,50,18.727,17103.0,0,0
15,50,18.743,16819.0,0,0
15,50,18.743,16573.0,0,0
15,50,18.758,16499.0,0,0
15,50,18.758,16425.0,0,0
15,50,18.774,16396.0,0,0
15,50,18.774,16465.0,0,0
15,50,18.79,16547.0,0,0
15,50,18.79,16575.0,0,0
15,50,18.805,16657.0,0,0
15,50,18.805,16695.0,0,0
15,50,18.821,16668.0,0,0
15,50,18.821,16668.0,0,0
15,50,18.836,16545.0,16545.0,0
15,50,18.836,16348.0,16348.0,0
15,50,18.852,16164.0,16164.0,0
15,50,18.868,16164.0,16164.0,0
15,50,18.868,16024.0,16024.0,0
15,50,18.883,15915.0,15915.0,0
15,50,18.883,15799.0,15799.0,0
15,50,18.899,15769.0,15769.0,0
15,50,18.899,15682.0,15682.0,0
15,50,18.914,15635.0,15635.0,0
15,50,18.914,15659.0,15659.0,0
15,50,18.93,15713.0,15713.0,0
15,50,18.93,15768.0,15768.0,0
15,50,18.946,15921.0,15921.0,0
15,50,18.946,16082.0,0,0
15,50,18.961,16175.0,0,0
15,50,18.961,16207.0,0,0
15,50,18.977,16112.0,0,0
15,50,18.977,15905.0,0,0
15,50,18.992,15698.0,0,0
15,50,18.992,15698.0,0,0
15,50,19.008,15561.0,0,0
15,50,19.008,15542.0,0,0
15,50,19.024,15668.0,0,0
15,50,19.024,15668.0,0,0
15,50,19.039,15923.0,0,0
15,50,19.039,16170.0,0,0
15,50,19.055,16288.0,0,0
15,50,19.055,16286.0,0,0
15,50,19.07,16282.0,0,0
15,50,19.07,16212.0,0,0
15,50,19.086,16127.0,0,0
15,50,19.086,16067.0,0,0
15,50,19.102,16008.0,0,0
15,50,19.102,15987.0,0,0
15,50,19.117,15982.0,0,0
15,50,19.117,15964.0,0,0
15,50,19.133,15959.0,0,15959.0
15,50,19.133,15858.0,0,0
15,50,19.148,15727.0,0,0
15,50,19.148,15665.0,0,0
15,50,19.164,15665.0,0,0
15,50,19.164,15766.0,0,0
15,50,19.18,15995.0,0,0
15,50,19.195,16277.0,0,0
15,50,19.195,16277.0,0,0
15,50,19.211,16376.0,16376.0,0
15,50,19.211,16267.0,16267.0,0
15,50,19.226,16047.0,16047.0,0
15,50,19.226,16047.0,16047.0,0
15,50,19.242,15842.0,15842.0,0
15,50,19.242,15818.0,15818.0,0
15,50,19.258,15980.0,15980.0,0
15,50,19.258,16055.0,16055.0,0
15,50,19.273,16280.0,16280.0,0
15,50,19.273,16528.0,0,0
15,50,19.289,16625.0,0,0
15,50,19.289,16564.0,0,0
15,50,19.367,16504.0,0,0
15,50,19.367,16261.0,0,0
15,50,19.382,16154.0,0,0
15,50,19.382,16138.0,0,0
15,50,19.398,16133.0,0,0
15,50,19.398,16229.0,0,0
15,50,19.398,16322.0,0,0
15,50,19.398,16382.0,0,0
15,50,19.414,16382.0,0,0
15,50,19.414,16376.0,0,0
15,50,19.414,16333.0,0,0
15,50,19.414,16368.0,0,0
15,50,19.429,16368.0,0,0
15,50,19.429,16438.0,0,0
15,50,19.429,16591.0,0,0
15,50,19.429,16741.0,0,0
15,50,19.429,16741.0,0,0
15,50,19.429,16826.0,0,0
15,50,19.445,16826.0,0,0
15,50,19.445,16765.0,0,0
15,50,19.46,16752.0,0,0
15,50,19.46,16713.0,0,0
15,50,19.476,16722.0,0,0
15,50,19.476,16818.0,0,0
15,50,19.492,16930.0,0,0
15,50,19.492,17043.0,0,0
15,50,19.507,17226.0,0,0
15,50,19.523,17336.0,0,0
15,50,19.523,17348.0,0,0
15,50,19.538,17353.0,0,0
15,50,19.538,17303.0,0,0
15,50,19.554,17271.0,0,0
15,50,19.554,17245.0,0,0
15,50,19.57,17245.0,0,0
15,50,19.57,17306.0,0,0
15,50,19.585,17402.0,0,0
15,50,19.585,17602.0,0,0
15,50,19.601,17602.0,0,0
15,50,19.601,17770.0,0,0
15,50,19.616,17857.0,0,0
15,50,19.616,17963.0,0,0
15,50,19.632,17963.0,0,0
15,50,19.632,18128.0,0,0
15,50,19.648,18370.0,0,0
15,50,19.648,18641.0,0,0
15,50,19.663,18747.0,0,0
15,50,19.663,18812.0,0,0
15,50,19.679,18821.0,0,0
15,50,19.679,18715.0,0,0
15,50,19.694,18603.0,0,0
15,50,19.694,18619.0,0,0
15,50,19.71,18605.0,0,0
15,50,19.71,18668.0,0,0
15,50,19.726,18835.0,0,0
15,50,19.726,18806.0,0,0
15,50,19.743,18897.0,0,0
15,50,19.743,18913.0,0,0
15,50,19.759,18913.0,0,0
15,50,19.759,18913.0,0,0
15,50,19.774,18839.0,0,0
15,50,19.774,18799.0,0,0
15,50,19.79,18839.0,18839.0,0
15,50,19.79,18839.0,18839.0,0
15,50,19.806,18694.0,18694.0,0
15,50,19.806,18565.0,18565.0,0
15,50,19.821,18439.0,18439.0,0
15,50,19.821,18432.0,18432.0,0
15,50,19.837,18413.0,18413.0,0
15,50,19.837,18548.0,18548.0,0
15,50,19.852,18713.0,18713.0,0
15,50,19.852,18765.0,18765.0,0
15,50,19.868,18818.0,18818.0,0
15,50,19.868,18840.0,0,0
15,50,19.884,18794.0,0,0
15,50,19.884,18756.0,0,0
15,50,19.899,18744.0,0,0
15,50,19.899,18741.0,0,0
15,50,19.915,18878.0,0,0
15,50,19.93,19116.0,0,0
15,50,19.93,19116.0,0,0
15,50,19.946,19250.0,0,0
15,50,19.946,19351.0,0,0
15,50,19.962,19458.0,0,0
15,50,19.962,19458.0,0,0
15,50,19.977,19638.0,0,0
15,50,19.977,19843.0,0,0
15,50,19.993,20066.0,0,0
15,50,19.993,20109.0,0,0
15,50,20.008,20241.0,0,0
15,50,20.008,20385.0,0,0
15,50,20.024,20480.0,0,0
15,50,20.024,20517.0,0,0
15,50,20.04,20555.0,0,0
15,50,20.04,20658.0,0,0
15,50,20.055,20733.0,0,0
15,50,20.055,20759.0,0,0
15,50,20.071,20768.0,0,0
15,50,20.071,20831.0,0,0
15,50,20.086,20940.0,0,0
15,50,20.086,21157.0,0,0
15,50,20.102,21157.0,0,0
15,50,20.102,21378.0,0,0
15,50,20.118,21525.0,0,0
15,50,20.118,21600.0,0,0
15,50,20.133,21600.0,0,0
15,50,20.133,21675.0,0,0
15,50,20.149,21896.0,0,0
15,50,20.149,22277.0,0,0
15,50,20.164,22277.0,0,0
15,50,20.164,22640.0,0,0
15,50,20.18,22677.0,0,0
15,50,20.18,22495.0,0,0
15,50,20.196,22447.0,0,0
15,50,20.196,22303.0,0,0
15,50,20.211,22321.0,0,0
15,50,20.211,22615.0,0,0
15,50,20.227,22847.0,0,0
15,50,20.242,23079.0,0,0
15,50,20.242,23423.0,0,0
15,50,20.258,23476.0,0,0
15,50,20.258,23384.0,0,0
15,50,20.274,23354.0,0,0
15,50,20.274,23281.0,0,0
15,50,20.289,23451.0,0,0
15,50,20.289,23988.0,0,0
15,50,20.306,23988.0,0,0
15,50,20.314,24665.0,0,0
15,50,20.322,25160.0,0,0
15,50,20.324,25466.0,0,0
15,50,20.324,25466.0,0,0
15,50,20.339,25528.0,0,0
15,50,20.339,25464.0,0,0
15,50,20.362,25653.0,0,0
15,50,20.37,25781.0,0,0
15,50,20.378,26138.0,0,0
15,50,20.38,26508.0,0,0
15,50,20.38,26643.0,0,0
15,50,20.396,26645.0,0,0
15,50,20.396,26654.0,0,0
15,50,20.411,26749.0,0,0
15,50,20.411,26922.0,0,0
15,50,20.427,27015.0,0,0
15,50,20.427,27046.0,0,0
15,50,20.442,27150.0,0,0
15,50,20.458,27248.0,0,0
15,50,20.458,27381.0,0,0
15,50,20.474,27381.0,0,0
15,50,20.474,27466.0,0,0
15,50,20.489,27582.0,0,0
15,50,20.489,27644.0,0,0
15,50,20.505,27644.0,0,0
15,50,20.505,27700.0,0,0
15,50,20.52,27752.0,0,0
15,50,20.52,27840.0,0,0
15,50,20.536,27840.0,0,0
15,50,20.536,27880.0,0,0
15,50,20.552,27905.0,0,0
15,50,20.552,27931.0,0,0
15,50,20.567,27943.0,0,0
15,50,20.567,27981.0,0,0
15,50,20.583,28013.0,0,0
15,50,20.583,28002.0,0,0
15,50,20.598,27990.0,0,0
15,50,20.598,27978.0,0,0
15,50,20.614,27909.0,0,0
15,50,20.614,27889.0,0,0
15,50,20.63,27835.0,0,0
15,50,20.63,27817.0,0,0
15,50,20.645,27731.0,0,0
15,50,20.645,27752.0,0,0
15,50,20.661,27834.0,0,0
15,50,20.661,27834.0,0,0
15,50,20.676,27845.0,0,0
15,50,20.676,27823.0,0,0
15,50,20.692,27846.0,0,0
15,50,20.692,27846.0,0,0
15,50,20.708,27865.0,0,0
15,50,20.708,27901.0,0,0
15,50,20.723,27902.0,0,0
15,50,20.723,27903.0,0,0
15,50,20.739,27906.0,0,0
15,50,20.739,27892.0,0,0
15,50,20.756,27898.0,0,0
15,50,20.756,27898.0,0,0
15,50,20.772,27898.0,0,0
15,50,20.772,27952.0,0,0
15,50,20.788,27998.0,0,0
15,50,20.788,28019.0,0,0
15,50,20.803,28026.0,0,0
15,50,20.803,28043.0,0,0
15,50,20.819,28109.0,0,0
15,50,20.819,28196.0,0,0
15,50,20.834,28196.0,0,0
15,50,20.834,28255.0,0,0
15,50,20.85,28252.0,0,0
15,50,20.85,28246.0,0,0
15,50,20.866,28246.0,0,0
15,50,20.866,28209.0,0,0
15,50,20.881,28174.0,0,0
15,50,20.897,28116.0,0,0
15,50,20.897,28102.0,0,0
15,50,20.912,28060.0,0,0
15,50,20.912,28013.0,0,0
15,50,20.928,27937.0,0,0
15,50,20.928,27898.0,0,0
15,50,20.945,27859.0,0,0
15,50,20.953,27806.0,0,0
15,50,20.961,27700.0,0,0
15,50,20.968,27643.0,0,0
15,50,20.968,27624.0,0,0
15,50,20.983,27542.0,0,0
15,50,20.983,27438.0,0,0
15,50,20.999,27265.0,0,0
15,50,20.999,27265.0,0,0
15,50,21.014,26958.0,0,0
15,50,21.014,26656.0,0,0
15,50,21.03,26449.0,0,0
15,50,21.03,26449.0,0,0
15,50,21.046,26299.0,0,0
15,50,21.046,26108.0,0,0
15,50,21.061,25901.0,0,0
15,50,21.061,25901.0,0,0
15,50,21.077,25602.0,0,0
15,50,21.077,25391.0,0,0
15,50,21.092,25179.0,0,0
15,50,21.092,24935.0,0,0
15,50,21.113,24717.0,0,0
15,50,21.121,24140.0,0,0
15,50,21.129,23772.0,0,0
15,50,21.138,23550.0,0,0
15,50,21.145,23457.0,0,0
15,50,21.153,23094.0,0,0
15,50,21.161,22721.0,0,0
15,50,21.169,22283.0,0,0
15,50,21.177,22283.0,0,0
15,50,21.185,21811.0,0,0
15,50,21.193,21449.0,0,0
15,50,21.201,21201.0,0,0
15,50,21.209,21201.0,0,0
15,50,21.217,20945.0,0,0
15,50,21.225,20689.0,0,0
15,50,21.233,20440.0,0,0
15,50,21.241,20440.0,0,0
15,50,21.249,20233.0,0,0
15,50,21.254,19786.0,0,0
15,50,21.254,19397.0,0,0
15,50,21.27,19318.0,0,0
15,50,21.27,19082.0,0,0
15,50,21.285,18725.0,0,0
15,50,21.285,18460.0,0,0
15,50,21.305,18361.0,0,0
15,50,21.305,18262.0,0,0
15,50,21.32,18109.0,0,0
15,50,21.32,18093.0,0,0
15,50,21.336,18153.0,0,0
15,50,21.336,18173.0,0,0
15,50,21.352,18181.0,0,0
15,50,21.352,18053.0,0,0
15,50,21.367,17850.0,0,0
15,50,21.367,17850.0,0,0
15,50,21.383,17596.0,0,0
15,50,21.383,17346.0,0,0
15,50,21.398,17154.0,0,0
15,50,21.398,17154.0,0,0
15,50,21.414,17039.0,0,0
15,50,21.414,16950.0,0,0
15,50,21.43,16829.0,0,0
15,50,21.43,16799.0,0,0
15,50,21.445,16711.0,0,0
15,50,21.445,16646.0,0,0
15,50,21.461,16702.0,0,0
15,50,21.461,16762.0,0,0
15,50,21.476,16823.0,0,0
15,50,21.476,16989.0,0,0
15,50,21.492,17052.0,0,0
15,50,21.492,17156.0,0,0
15,50,21.508,17191.0,0,0
15,50,21.508,17384.0,0,0
15,50,21.523,17505.0,0,0
15,50,21.539,17544.0,0,0
15,50,21.539,17544.0,0,0
15,50,21.554,17463.0,0,0
15,50,21.554,17201.0,0,0
15,50,21.57,16835.0,0,0
15,50,21.57,16835.0,0,0
15,50,21.586,16583.0,0,0
15,50,21.586,16443.0,0,0
15,50,21.601,16415.0,0,0
15,50,21.601,16415.0,0,0
15,50,21.617,16422.0,0,0
15,50,21.617,16397.0,0,0
15,50,21.632,16316.0,0,0
15,50,21.632,16280.0,0,0
15,50,21.648,16172.0,0,0
15,50,21.648,16077.0,0,0
15,50,21.664,16070.0,0,0
15,50,21.664,16172.0,0,0
15,50,21.679,16146.0,0,0
15,50,21.679,16259.0,0,0
15,50,21.695,16340.0,0,0
15,50,21.695,16344.0,0,0
15,50,21.71,16346.0,0,0
15,50,21.71,16284.0,0,0
15,50,21.726,16192.0,0,0
15,50,21.726,16146.0,0,0
15,50,21.742,16146.0,0,0
15,50,21.742,16191.0,0,0
15,50,21.757,16300.0,0,0
15,50,21.757,16436.0,0,0
15,50,21.775,16436.0,0,0
15,50,21.775,16527.0,0,0
15,50,21.79,16539.0,0,0
15,50,21.79,16485.0,0,0
15,50,21.806,16461.0,0,0
15,50,21.806,16389.0,0,0
15,50,21.822,16324.0,0,0
15,50,21.822,16367.0,0,0
15,50,21.837,16412.0,0,0
15,50,21.837,16458.0,0,0
15,50,21.853,16570.0,0,0
15,50,21.853,16619.0,0,0
15,50,21.868,16601.0,0,0
15,50,21.868,16596.0,0,0
15,50,21.884,16543.0,0,0
15,50,21.884,16478.0,0,0
15,50,21.9,16465.0,0,0
15,50,21.9,16465.0,0,0
15,50,21.915,16488.0,0,0
15,50,21.915,16539.0,0,0
15,50,21.946,16580.0,0,0
15,50,21.946,16580.0,0,0
15,50,21.946,16575.0,0,0
15,50,21.962,16529.0,0,0
15,50,21.962,16484.0,0,0
15,50,21.978,16468.0,0,0
15,50,21.978,16420.0,0,0
15,50,21.993,16392.0,0,0
15,50,21.993,16352.0,0,0
15,50,22.009,16340.0,0,0
15,50,22.009,16328.0,0,0
15,50,22.024,16311.0,0,0
15,50,22.024,16254.0,0,0
15,50,22.04,16222.0,0,0
15,50,22.04,16212.0,0,0
15,50,22.056,16193.0,0,0
15,50,22.056,16160.0,0,0
15,50,22.071,16156.0,0,16156.0
15,50,22.071,16156.0,0,0
15,50,22.087,16155.0,0,0
15,50,22.087,16163.0,0,0
15,50,22.102,16185.0,0,0
15,50,22.102,16185.0,0,0
15,50,22.118,16225.0,0,0
15,50,22.118,16268.0,0,0
15,50,22.138,16320.0,0,0
15,50,22.147,16320.0,0,0
15,50,22.154,16331.0,0,0
15,50,22.161,16307.0,0,0
15,50,22.17,16312.0,0,0
15,50,22.178,16308.0,0,0
15,50,22.185,16296.0,0,0
15,50,22.195,16328.0,0,0
15,50,22.202,16380.0,0,0
15,50,22.209,16400.0,0,0
15,50,22.217,16421.0,0,0
15,50,22.221,16426.0,0,0
15,50,22.221,16423.0,0,0
15,50,22.236,16423.0,0,0
15,50,22.236,16424.0,0,0
15,50,22.256,16415.0,0,0
15,50,22.265,16467.0,0,0
15,50,22.272,16521.0,0,0
15,50,22.28,16521.0,0,0
15,50,22.288,16569.0,0,0
15,50,22.296,16596.0,0,0
15,50,22.304,16576.0,0,0
15,50,22.312,16576.0,0,0
15,50,22.312,16546.0,0,0
15,50,22.327,16516.0,0,0
15,50,22.327,16516.0,0,0
15,50,22.343,16516.0,0,0
15,50,22.343,16546.0,0,0
15,50,22.359,16579.0,0,0
15,50,22.359,16612.0,0,0
15,50,22.374,16612.0,0,0
15,50,22.374,16613.0,0,0
15,50,22.39,16586.0,0,0
15,50,22.39,16575.0,0,0
15,50,22.405,16574.0,0,0
15,50,22.405,16573.0,0,0
15,50,22.421,16585.0,0,0
15,50,22.421,16604.0,0,0
15,50,22.44,16616.0,0,0
15,50,22.448,16616.0,0,0
15,50,22.458,16627.0,0,0
15,50,22.464,16612.0,0,0
15,50,22.474,16595.0,0,0
15,50,22.48,16595.0,0,0
15,50,22.488,16599.0,0,0
15,50,22.496,16614.0,0,0
15,50,22.504,16623.0,0,0
15,50,22.512,16623.0,0,0
15,50,22.52,16634.0,0,0
15,50,22.528,16635.0,0,0
15,50,22.537,16630.0,0,0
15,50,22.545,16624.0,0,0
15,50,22.552,16607.0,0,0
15,50,22.56,16605.0,0,0
15,50,22.568,16598.0,0,0
15,50,22.576,16590.0,0,0
15,50,22.584,16582.0,0,0
15,50,22.592,16597.0,0,0
15,50,22.6,16585.0,0,0
15,50,22.608,16584.0,0,0
15,50,22.616,16584.0,0,0
15,50,22.624,16589.0,0,0
15,50,22.632,16580.0,0,0
15,50,22.641,16584.0,0,0
15,50,22.648,16584.0,0,0
15,50,22.656,16601.0,0,0
15,50,22.664,16602.0,0,0
15,50,22.672,16612.0,0,0
15,50,22.672,16612.0,0,0
15,50,22.687,16603.0,0,0
15,50,22.687,16600.0,0,0
15,50,22.703,16593.0,0,0
15,50,22.703,16593.0,0,0
15,50,22.718,16579.0,0,0
15,50,22.718,16560.0,0,0
15,50,22.734,16563.0,0,0
15,50,22.734,16558.0,0,0
15,50,22.75,16545.0,0,0
15,50,22.75,16528.0,0,0
15,50,22.765,16476.0,0,0
15,50,22.765,16476.0,0,0
15,50,22.783,16476.0,0,0
15,50,22.783,16472.0,0,0
15,50,22.798,16475.0,0,0
15,50,22.798,16473.0,0,0
15,50,22.814,16473.0,0,0
15,50,22.814,16472.0,0,0
15,50,22.83,16481.0,0,0
15,50,22.83,16492.0,0,0
15,50,22.845,16492.0,0,0
15,50,22.845,16496.0,0,0
15,50,22.861,16492.0,0,0
15,50,22.861,16490.0,0,0
15,50,22.876,16490.0,0,0
15,50,22.876,16492.0,0,0
15,50,22.892,16508.0,0,0
15,50,22.892,16503.0,0,0
15,50,22.908,16509.0,0,0
15,50,22.908,16529.0,0,0
15,50,22.923,16522.0,0,0
15,50,22.923,16521.0,0,0
15,50,22.939,16522.0,0,0
15,50,22.939,16523.0,0,0
15,50,22.954,16532.0,0,0
15,50,22.954,16527.0,0,0
15,50,22.97,16541.0,0,0
15,50,22.97,16546.0,0,0
15,50,22.986,16560.0,0,0
15,50,22.986,16565.0,0,0
15,50,23.001,16573.0,0,0
15,50,23.001,16573.0,0,0
15,50,23.024,16578.0,0,0
15,50,23.032,16563.0,0,0
15,50,23.035,16569.0,0,0
15,50,23.035,16569.0,0,0
15,50,23.05,16582.0,0,0
15,50,23.05,16597.0,0,0
15,50,23.066,16608.0,0,0
15,50,23.066,16608.0,0,0
15,50,23.082,16603.0,0,0
15,50,23.082,16594.0,0,0
15,50,23.097,16572.0,0,0
15,50,23.097,16570.0,0,0
15,50,23.113,16564.0,0,0
15,50,23.113,16583.0,0,0
15,50,23.128,16588.0,0,0
15,50,23.128,16600.0,0,0
15,50,23.144,16613.0,0,0
15,50,23.144,16619.0,0,0
15,50,23.16,16624.0,0,0
15,50,23.175,16632.0,0,0
15,50,23.175,16635.0,0,0
15,50,23.191,16612.0,0,0
15,50,23.191,16620.0,0,0
15,50,23.206,16620.0,0,0
15,50,23.206,16620.0,0,0
15,50,23.222,16639.0,0,0
15,50,23.222,16627.0,0,0
15,50,23.238,16637.0,0,0
15,50,23.238,16637.0,0,0
15,50,23.253,16635.0,0,0
15,50,23.253,16654.0,0,0
15,50,23.269,16667.0,0,0
15,50,23.269,16667.0,0,0
15,50,23.284,16675.0,0,0
15,50,23.284,16672.0,0,0
15,50,23.3,16665.0,0,0
15,50,23.3,16668.0,0,0
15,50,23.316,16677.0,0,0
15,50,23.316,16673.0,0,0
15,50,23.331,16690.0,0,0
15,50,23.331,16695.0,0,0
15,50,23.347,16700.0,0,0
15,50,23.347,16713.0,0,0
15,50,23.362,16725.0,0,0
15,50,23.362,16721.0,0,0
15,50,23.378,16720.0,0,0
15,50,23.378,16722.0,0,0
15,50,23.394,16726.0,0,0
15,50,23.394,16737.0,0,0
15,50,23.409,16737.0,0,0
15,50,23.409,16758.0,0,0
15,50,23.425,16761.0,0,0
15,50,23.425,16777.0,0,0
15,50,23.44,16777.0,0,0
15,50,23.44,16764.0,0,0
15,50,23.456,16781.0,0,0
15,50,23.472,16791.0,0,0
15,50,23.472,16791.0,0,0
15,50,23.487,16802.0,0,0
15,50,23.487,16813.0,0,0
15,50,23.503,16819.0,0,0
15,50,23.503,16824.0,0,0
15,50,23.518,16840.0,0,0
15,50,23.518,16832.0,0,0
15,50,23.534,16832.0,0,0
15,50,23.534,16826.0,0,0
15,50,23.55,16820.0,0,0
15,50,23.55,16823.0,0,0
15,50,23.565,16826.0,0,0
15,50,23.565,16815.0,0,0
15,50,23.581,16812.0,0,0
15,50,23.581,16820.0,0,0
15,50,23.596,16819.0,0,0
15,50,23.596,16826.0,0,0
15,50,23.612,16826.0,0,0
15,50,23.612,16851.0,0,0
15,50,23.628,16865.0,0,0
15,50,23.628,16862.0,0,0
15,50,23.643,16862.0,0,0
15,50,23.643,16855.0,0,0
15,50,23.659,16855.0,0,0
15,50,23.659,16848.0,0,0
15,50,23.674,16848.0,0,0
15,50,23.674,16848.0,0,0
15,50,23.69,16850.0,0,0
15,50,23.69,16867.0,0,0
15,50,23.706,16864.0,0,0
15,50,23.706,16856.0,0,0
15,50,23.721,16869.0,0,0
15,50,23.721,16886.0,0,0
15,50,23.737,16887.0,0,0
15,50,23.737,16888.0,0,0
15,50,23.752,16890.0,0,0
15,50,23.752,16884.0,0,0
15,50,23.768,16884.0,0,0
15,50,23.768,16884.0,0,0
15,50,23.784,16863.0,0,0
15,50,23.784,16854.0,0,0
15,50,23.806,16867.0,0,0
15,50,23.814,16867.0,0,0
15,50,23.822,16875.0,0,0
15,50,23.83,16899.0,0,0
15,50,23.838,16912.0,0,0
15,50,23.845,16912.0,0,0
15,50,23.853,16933.0,0,0
15,50,23.861,16928.0,0,0
15,50,23.869,16909.0,0,0
15,50,23.872,16904.0,0,0
15,50,23.872,16889.0,0,0
15,50,23.888,16877.0,0,0
15,50,23.888,16889.0,0,0
15,50,23.903,16891.0,0,0
15,50,23.903,16894.0,0,0
15,50,23.923,16893.0,0,0
15,50,23.923,16887.0,0,0
15,50,23.939,16898.0,0,0
15,50,23.939,16902.0,0,0
15,50,23.954,16908.0,0,0
15,50,23.954,16925.0,0,0
15,50,23.97,16925.0,0,0
15,50,23.97,16925.0,0,0
15,50,23.985,16922.0,0,0
15,50,23.985,16927.0,0,0
15,50,24.001,16902.0,0,0
15,50,24.001,16902.0,0,0
15,50,24.017,16917.0,0,0
15,50,24.017,16903.0,0,0
15,50,24.033,16896.0,0,0
15,50,24.033,16896.0,0,0
15,50,24.049,16898.0,0,0
15,50,24.049,16902.0,0,0
15,50,24.064,16915.0,0,0
15,50,24.064,16917.0,0,0
15,50,24.08,16923.0,0,0
15,50,24.08,16942.0,0,0
15,50,24.096,16946.0,0,0
15,50,24.096,16950.0,0,0
15,50,24.111,16955.0,0,0
15,50,24.111,16935.0,0,0
15,50,24.127,16927.0,0,0
15,50,24.127,16918.0,0,0
15,50,24.142,16916.0,0,0
15,50,24.158,16920.0,0,0
15,50,24.158,16922.0,0,0
15,50,24.174,16939.0,0,0
15,50,24.174,16939.0,0,0
15,50,24.189,16938.0,0,0
15,50,24.189,16936.0,0,0
15,50,24.205,16950.0,0,0
15,50,24.205,16950.0,0,0
15,50,24.22,16945.0,0,0
15,50,24.22,16945.0,0,0
15,50,24.236,16936.0,0,0
15,50,24.236,16936.0,0,0
15,50,24.253,16922.0,0,0
15,50,24.261,16919.0,0,0
15,50,24.271,16918.0,0,0
15,50,24.277,16918.0,0,0
15,50,24.285,16921.0,0,0
15,50,24.293,16907.0,0,0
15,50,24.301,16916.0,0,0
15,50,24.309,16915.0,0,0
15,50,24.317,16915.0,0,0
15,50,24.325,16906.0,0,0
15,50,24.333,16919.0,0,0
15,50,24.341,16929.0,0,0
15,50,24.344,16933.0,0,0
15,50,24.344,16946.0,0,0
15,50,24.359,16945.0,0,0
15,50,24.359,16953.0,0,0
15,50,24.375,16953.0,0,0
15,50,24.375,16942.0,0,0
15,50,24.39,16937.0,0,0
15,50,24.39,16918.0,0,0
15,50,24.406,16918.0,0,0
15,50,24.406,16942.0,0,0
15,50,24.422,16929.0,0,0
15,50,24.422,16945.0,0,0
15,50,24.437,16945.0,0,0
15,50,24.453,16948.0,0,0
15,50,24.453,16940.0,0,0
15,50,24.468,16944.0,0,0
15,50,24.469,16943.0,0,0
15,50,24.485,16943.0,0,0
15,50,24.485,16946.0,0,0
15,50,24.501,16937.0,0,0
15,50,24.501,16938.0,0,0
15,50,24.516,16940.0,0,0
15,50,24.516,16942.0,0,0
15,50,24.532,16953.0,0,0
15,50,24.532,16950.0,0,0
15,50,24.548,16949.0,0,0
15,50,24.548,16965.0,0,0
15,50,24.563,16950.0,0,0
15,50,24.563,16958.0,0,0
15,50,24.579,16958.0,0,0
15,50,24.579,16941.0,0,0
15,50,24.594,16921.0,0,0
15,50,24.594,16916.0,0,0
15,50,24.61,16916.0,0,0
15,50,24.61,16921.0,0,0
15,50,24.626,16932.0,0,0
15,50,24.626,16938.0,0,0
15,50,24.641,16938.0,0,0
15,50,24.641,16945.0,0,0
15,50,24.657,16955.0,0,0
15,50,24.657,16969.0,0,0
15,50,24.672,16968.0,0,0
15,50,24.672,16968.0,0,0
15,50,24.688,16951.0,0,0
15,50,24.688,16972.0,0,0
15,50,24.704,16967.0,0,0
15,50,24.704,16963.0,0,0
15,50,24.719,16950.0,0,0
15,50,24.719,16950.0,0,0
15,50,24.735,16949.0,0,0
15,50,24.735,16949.0,0,0
15,50,24.75,16942.0,0,0
15,50,24.75,16935.0,0,0
15,50,24.766,16950.0,0,0
15,50,24.766,16950.0,0,0
15,50,24.782,16958.0,0,0
15,50,24.797,16952.0,0,0
15,50,24.797,16960.0,0,0
15,50,24.797,16960.0,0,0
15,50,24.814,16963.0,0,0
15,50,24.814,16964.0,0,0
15,50,24.829,16951.0,0,0
15,50,24.845,16951.0,0,0
15,50,24.845,16953.0,0,0
15,50,24.861,16942.0,0,0
15,50,24.861,16944.0,0,0
15,50,24.876,16945.0,0,0
15,50,24.876,16948.0,0,0
15,50,24.892,16966.0,0,0
15,50,24.892,16981.0,0,0
15,50,24.909,16983.0,0,0
15,50,24.909,16986.0,0,0
15,50,24.925,16992.0,0,0
15,50,24.925,16986.0,0,0
15,50,24.941,16986.0,0,0
15,50,24.941,16986.0,0,0
15,50,24.956,16976.0,0,0
15,50,24.956,16958.0,0,0
15,50,24.972,16948.0,0,0
15,50,24.972,16948.0,0,0
15,50,24.989,16956.0,0,0
15,50,24.989,16957.0,0,0
15,50,25.005,16964.0,0,0
15,50,25.005,16964.0,0,0
15,50,25.021,16960.0,0,0
15,50,25.021,16964.0,0,0
15,50,25.036,16972.0,0,0
15,50,25.036,16972.0,0,0
15,50,25.053,16981.0,0,0
15,50,25.053,16989.0,0,0
15,50,25.068,17006.0,0,0
15,50,25.068,17002.0,0,0
15,50,25.084,16991.0,0,0
15,50,25.084,17002.0,0,0
15,50,25.1,16997.0,0,0
15,50,25.1,16990.0,0,0
15,50,25.115,16983.0,0,0
15,50,25.115,16994.0,0,0
15,50,25.131,16989.0,0,0
15,50,25.131,17001.0,0,0
15,50,25.146,17006.0,0,0
15,50,25.146,16995.0,0,0
15,50,25.162,16995.0,0,0
15,50,25.162,16999.0,0,0
15,50,25.178,16999.0,0,0
15,50,25.178,16980.0,0,0
15,50,25.193,16989.0,0,0
15,50,25.193,16984.0,0,0
15,50,25.21,16984.0,0,0
15,50,25.21,16983.0,0,0
15,50,25.225,16997.0,0,0
15,50,25.225,16990.0,0,0
15,50,25.241,16986.0,0,0
15,50,25.241,16977.0,0,0
15,50,25.257,16971.0,0,0
15,50,25.257,16988.0,0,0
15,50,25.272,16993.0,0,0
15,50,25.272,16998.0,0,0
15,50,25.288,17015.0,0,0
15,50,25.288,17015.0,0,0
15,50,25.303,17016.0,0,0
15,50,25.303,17017.0,0,0
15,50,25.319,16995.0,0,0
15,50,25.319,16976.0,0,0
15,50,25.335,16967.0,0,0
15,50,25.335,16967.0,0,0
15,50,25.35,16985.0,0,0
15,50,25.35,17008.0,0,0
15,50,25.367,17023.0,0,0
15,50,25.367,17023.0,0,0
15,50,25.382,17038.0,0,0
15,50,25.382,17010.0,0,0
15,50,25.398,17015.0,0,0
15,50,25.398,17015.0,0,0
15,50,25.414,16992.0,0,0
15,50,25.414,17002.0,0,0
15,50,25.43,17004.0,0,0
15,50,25.43,17001.0,0,0
15,50,25.446,16992.0,0,0
15,50,25.446,17025.0,0,0
15,50,25.461,16998.0,0,0
15,50,25.461,16993.0,0,0
15,50,25.477,16988.0,0,0
15,50,25.477,16997.0,0,0
15,50,25.493,17000.0,0,0
15,50,25.493,17002.0,0,0
15,50,25.508,17003.0,0,0
15,50,25.508,16998.0,0,0
15,50,25.524,16977.0,0,0
15,50,25.524,16963.0,0,0
15,50,25.539,16963.0,0,0
15,50,25.555,16974.0,0,0
15,50,25.555,16984.0,0,0
15,50,25.571,16999.0,0,0
15,50,25.571,16999.0,0,0
15,50,25.586,16992.0,0,0
15,50,25.586,16996.0,0,0
15,50,25.602,16995.0,0,0
15,50,25.602,16995.0,0,0
15,50,25.617,16990.0,0,0
15,50,25.617,17005.0,0,0
15,50,25.633,17013.0,0,0
15,50,25.633,17014.0,0,0
15,50,25.649,17018.0,0,0
15,50,25.649,17012.0,0,0
15,50,25.664,17006.0,0,0
15,50,25.664,17013.0,0,0
15,50,25.68,17021.0,0,0
15,50,25.68,17012.0,0,0
15,50,25.695,17000.0,0,0
15,50,25.695,17015.0,0,0
15,50,25.711,17020.0,0,0
15,50,25.711,17016.0,0,0
15,50,25.727,17026.0,0,0
15,50,25.727,17015.0,0,0
15,50,25.742,17015.0,0,0
15,50,25.742,16998.0,0,0
15,50,25.758,17004.0,0,0
15,50,25.758,17000.0,0,0
15,50,25.773,17000.0,0,0
15,50,25.789,16990.0,0,0
15,50,25.789,16992.0,0,0
15,50,25.805,16993.0,0,0
15,50,25.805,16993.0,0,0
15,50,25.82,16986.0,0,0
15,50,25.82,17003.0,0,0
15,50,25.82,17011.0,0,0
15,50,25.836,17012.0,0,0
15,50,25.836,17018.0,0,0
15,50,25.851,17014.0,0,0
15,50,25.867,17009.0,0,0
15,50,25.867,17011.0,0,0
15,50,25.883,17013.0,0,0
15,50,25.883,17013.0,0,0
15,50,25.898,17002.0,0,0
15,50,25.898,17005.0,0,0
15,50,25.914,17006.0,0,0
15,50,25.914,17020.0,0,0
15,50,25.929,17010.0,0,0
15,50,25.945,17010.0,0,0
15,50,25.961,17010.0,0,0
15,50,25.961,17006.0,0,0
15,50,25.961,17015.0,0,0
15,50,25.961,17025.0,0,0
15,50,25.978,17025.0,0,0
15,50,25.978,17022.0,0,0
15,50,25.994,17037.0,0,0
15,50,25.994,17020.0,0,0
15,50,26.009,17020.0,0,0
15,50,26.009,17020.0,0,0
15,50,26.025,17016.0,0,0
15,50,26.025,17030.0,0,0
15,50,26.041,17033.0,0,0
15,50,26.041,17044.0,0,0
15,50,26.056,17064.0,0,0
15,50,26.056,17072.0,0,0
15,50,26.072,17063.0,0,0
15,50,26.072,17054.0,0,0
15,50,26.087,17032.0,0,0
15,50,26.087,17020.0,0,0
15,50,26.103,17010.0,0,0
15,50,26.103,17007.0,0,0
15,50,26.119,17015.0,0,0
15,50,26.119,17031.0,0,0
15,50,26.134,17038.0,0,0
15,50,26.134,17038.0,0,0
15,50,26.15,17048.0,0,0
15,50,26.15,17066.0,0,0
15,50,26.165,17081.0,0,0
15,50,26.165,17081.0,0,0
15,50,26.181,17058.0,0,0
15,50,26.181,17053.0,0,0
15,50,26.197,17062.0,0,0
15,50,26.212,17062.0,0,0
15,50,26.212,17059.0,0,0
15,50,26.228,17050.0,0,0
15,50,26.228,17046.0,0,0
15,50,26.243,17046.0,0,0
15,50,26.243,17046.0,0,0
15,50,26.259,17048.0,0,0
15,50,26.259,17045.0,0,0
15,50,26.276,17045.0,0,0
15,50,26.322,17046.0,0,0
15,50,26.338,17035.0,0,0
15,50,26.338,17028.0,0,0
15,50,26.338,17029.0,0,0
15,50,26.338,17030.0,0,0
15,50,26.354,17021.0,0,0
15,50,26.354,17017.0,0,0
15,50,26.354,17012.0,0,0
15,50,26.354,17012.0,0,0
15,50,26.354,17002.0,0,0
15,50,26.354,17021.0,0,0
15,50,26.369,17028.0,0,0
15,50,26.369,17028.0,0,0
15,50,26.385,17032.0,0,0
15,50,26.385,17053.0,0,0
15,50,26.4,17040.0,0,0
15,50,26.4,17040.0,0,0
15,50,26.416,17032.0,0,0
15,50,26.416,17015.0,0,0
15,50,26.432,17001.0,0,0
15,50,26.432,17001.0,0,0
15,50,26.447,17004.0,0,0
15,50,26.447,17005.0,0,0
15,50,26.463,17033.0,0,0
15,50,26.463,17041.0,0,0
15,50,26.478,17050.0,0,0
15,50,26.478,17024.0,0,0
15,50,26.494,17011.0,0,0
15,50,26.494,16990.0,0,0
15,50,26.51,16983.0,0,0
15,50,26.51,16976.0,0,0
15,50,26.525,16962.0,0,0
15,50,26.525,16951.0,0,0
15,50,26.541,16951.0,0,0
15,50,26.541,16946.0,0,0
15,50,26.556,16934.0,0,0
15,50,26.556,16929.0,0,0
15,50,26.572,16929.0,0,0
15,50,26.572,16938.0,0,0
15,50,26.588,16920.0,0,0
15,50,26.588,16915.0,0,0
15,50,26.603,16915.0,0,0
15,50,26.603,16906.0,0,0
15,50,26.619,16870.0,0,0
15,50,26.619,16862.0,0,0
15,50,26.634,16866.0,0,0
15,50,26.634,16879.0,0,0
15,50,26.65,16888.0,0,0
15,50,26.65,16893.0,0,0
15,50,26.666,16877.0,0,0
15,50,26.681,16862.0,0,0
15,50,26.681,16831.0,0,0
15,50,26.697,16784.0,0,0
15,50,26.697,16773.0,0,0
15,50,26.712,16770.0,0,0
15,50,26.712,16750.0,0,0
15,50,26.728,16769.0,0,0
15,50,26.728,16779.0,0,0
15,50,26.744,16779.0,0,0
15,50,26.744,16776.0,0,0
15,50,26.76,16725.0,0,0
15,50,26.76,16684.0,0,0
15,50,26.776,16684.0,0,0
15,50,26.776,16645.0,0,0
15,50,26.791,16658.0,0,0
15,50,26.791,16603.0,0,0
15,50,26.807,16603.0,0,0
15,50,26.807,16477.0,0,0
15,50,26.823,16377.0,0,0
15,50,26.823,16186.0,0,0
15,50,26.84,16122.0,0,0
15,50,26.84,15930.0,0,0
15,50,26.856,15749.0,0,0
15,50,26.856,15643.0,0,0
15,50,26.871,15645.0,0,0
15,50,26.871,15647.0,0,0
15,50,26.887,15716.0,0,0
15,50,26.887,15766.0,0,0
15,50,26.903,15823.0,0,0
15,50,26.903,15843.0,0,0
15,50,26.918,15880.0,0,0
15,50,26.918,15851.0,0,0
15,50,26.934,15800.0,0,0
15,50,26.934,15800.0,0,0
15,50,26.949,15737.0,0,0
15,50,26.949,15651.0,0,0
15,50,26.965,15599.0,0,0
15,50,26.965,15599.0,0,0
15,50,26.981,15546.0,0,0
15,50,26.981,15524.0,0,0
15,50,26.996,15520.0,0,0
15,50,26.996,15525.0,0,0
15,50,27.012,15540.0,0,0
15,50,27.012,15600.0,0,0
15,50,27.027,15654.0,0,0
15,50,27.027,15681.0,0,0
15,50,27.043,15708.0,0,0
15,50,27.043,15747.0,0,0
15,50,27.059,15705.0,0,0
15,50,27.059,15644.0,0,0
15,50,27.074,15624.0,0,0
15,50,27.074,15531.0,0,0
15,50,27.09,15467.0,0,0
15,50,27.09,15420.0,0,0
15,50,27.105,15420.0,0,0
15,50,27.121,15493.0,15493.0,0
15,50,27.121,15670.0,15670.0,0
15,50,27.137,15840.0,15840.0,0
15,50,27.137,15840.0,15840.0,0
15,50,27.152,16120.0,16120.0,0
15,50,27.152,16255.0,16255.0,0
15,50,27.168,16397.0,16397.0,0
15,50,27.168,16397.0,16397.0,0
15,50,27.183,16487.0,16487.0,0
15,50,27.183,16562.0,16562.0,0
15,50,27.199,16557.0,16557.0,0
15,50,27.199,16562.0,16562.0,0
15,50,27.215,16577.0,16577.0,16577.0
15,50,27.215,16622.0,16622.0,0
15,50,27.23,16697.0,16697.0,0
15,50,27.23,16832.0,16832.0,0
15,50,27.246,16878.0,16878.0,0
15,50,27.246,17041.0,17041.0,0
15,50,27.261,17214.0,17214.0,0
15,50,27.261,17307.0,17307.0,0
15,50,27.277,17339.0,17339.0,0
15,50,27.277,17342.0,17342.0,0
15,50,27.293,17256.0,17256.0,0
15,50,27.293,17075.0,17075.0,0
15,50,27.308,17075.0,17075.0,0
15,50,27.308,16938.0,16938.0,0
15,50,27.324,16819.0,16819.0,0
15,50,27.324,16774.0,16774.0,0
15,50,27.339,16774.0,16774.0,0
15,50,27.339,16831.0,0,0
15,50,27.355,16826.0,0,0
15,50,27.355,16824.0,0,0
15,50,27.371,16810.0,0,0
15,50,27.371,16771.0,0,0
15,50,27.386,16686.0,0,0
15,50,27.402,16541.0,0,0
15,50,27.402,16445.0,0,0
15,50,27.417,16349.0,0,0
15,50,27.417,16155.0,0,0
15,50,27.433,15997.0,0,0
15,50,27.433,15887.0,0,0
15,50,27.449,15851.0,0,0
15,50,27.449,15772.0,0,0
15,50,27.464,15808.0,0,0
15,50,27.464,15897.0,0,0
15,50,27.48,15897.0,0,0
15,50,27.48,16092.0,0,0
15,50,27.495,16271.0,0,0
15,50,27.495,16440.0,0,0
15,50,27.511,16440.0,0,0
15,50,27.511,16505.0,0,0
15,50,27.527,16547.0,0,0
15,50,27.527,16572.0,0,0
15,50,27.543,16572.0,0,0
15,50,27.543,16601.0,0,0
15,50,27.559,16645.0,0,0
15,50,27.559,16649.0,0,0
15,50,27.574,16582.0,0,0
15,50,27.574,16638.0,0,0
15,50,27.59,16636.0,0,0
15,50,27.59,16641.0,0,0
15,50,27.606,16680.0,0,0
15,50,27.606,16720.0,0,0
15,50,27.621,16779.0,0,0
15,50,27.621,16789.0,0,0
15,50,27.637,16752.0,0,0
15,50,27.637,16752.0,0,0
15,50,27.652,16655.0,0,0
15,50,27.652,16552.0,0,0
15,50,27.668,16488.0,0,0
15,50,27.668,16488.0,0,0
15,50,27.684,16465.0,0,0
15,50,27.684,16492.0,0,0
15,50,27.699,16493.0,0,0
15,50,27.699,16493.0,0,0
15,50,27.715,16483.0,0,0
15,50,27.715,16477.0,0,0
15,50,27.73,16470.0,0,0
15,50,27.73,16467.0,0,0
15,50,27.746,16461.0,0,0
15,50,27.762,16396.0,0,0
15,50,27.762,16280.0,0,0
15,50,27.777,16233.0,0,0
15,50,27.777,16187.0,0,0
15,50,27.793,16108.0,0,0
15,50,27.793,16080.0,0,0
15,50,27.808,16102.0,0,0
15,50,27.808,16110.0,0,0
15,50,27.824,16170.0,0,0
15,50,27.824,16217.0,0,0
15,50,27.84,16197.0,0,0
15,50,27.84,16197.0,0,0
15,50,27.856,16101.0,0,0
15,50,27.856,16004.0,0,0
15,50,27.872,15950.0,0,0
15,50,27.872,15950.0,0,0
15,50,27.887,15970.0,0,0
15,50,27.887,16056.0,0,0
15,50,27.903,16144.0,0,0
15,50,27.903,16144.0,0,0
15,50,27.965,16159.0,0,0
15,50,27.965,16155.0,0,0
15,50,27.981,16192.0,0,0
15,50,27.981,16235.0,0,0
15,50,27.997,16279.0,0,0
15,50,27.997,16433.0,0,0
15,50,27.997,16610.0,0,0
15,50,28.012,16704.0,0,0
15,50,28.012,16736.0,0,0
15,50,28.012,16805.0,0,0
15,50,28.012,16788.0,0,0
15,50,28.012,16725.0,0,0
15,50,28.028,16725.0,0,0
15,50,28.029,16686.0,0,0
15,50,28.029,16751.0,0,0
15,50,28.029,16876.0,0,0
15,50,28.044,16876.0,0,0
15,50,28.044,17024.0,0,0
15,50,28.06,17102.0,0,0
15,50,28.06,17108.0,0,0
15,50,28.076,17108.0,0,0
15,50,28.076,17036.0,0,0
15,50,28.091,16974.0,0,0
15,50,28.091,16933.0,0,0
15,50,28.107,16938.0,0,0
15,50,28.107,16953.0,0,0
15,50,28.122,17021.0,0,0
15,50,28.122,17079.0,0,0
15,50,28.138,17087.0,0,0
15,50,28.138,17095.0,0,0
15,50,28.154,17050.0,0,0
15,50,28.154,17003.0,0,0
15,50,28.169,16982.0,0,0
15,50,28.169,16976.0,0,0
15,50,28.185,17030.0,0,0
15,50,28.185,17140.0,0,0
15,50,28.2,17233.0,0,0
15,50,28.216,17233.0,0,0
15,50,28.216,17270.0,0,0
15,50,28.232,17249.0,0,0
15,50,28.232,17198.0,0,0
15,50,28.247,17198.0,0,0
15,50,28.247,17176.0,0,0
15,50,28.263,17206.0,0,0
15,50,28.263,17291.0,0,0
15,50,28.278,17355.0,0,0
15,50,28.278,17420.0,0,0
15,50,28.294,17532.0,0,0
15,50,28.294,17589.0,0,0
15,50,28.31,17590.0,0,0
15,50,28.31,17593.0,0,0
15,50,28.325,17598.0,0,0
15,50,28.325,17622.0,0,0
15,50,28.341,17664.0,0,0
15,50,28.341,17706.0,0,0
15,50,28.356,17841.0,0,0
15,50,28.356,17950.0,0,0
15,50,28.372,17993.0,0,0
15,50,28.372,18008.0,0,0
15,50,28.388,18004.0,0,0
15,50,28.388,17964.0,0,0
15,50,28.403,17941.0,0,0
15,50,28.403,17941.0,0,0
15,50,28.419,17990.0,0,0
15,50,28.419,18071.0,0,0
15,50,28.434,18135.0,0,0
15,50,28.434,18135.0,0,0
15,50,28.45,18119.0,0,0
15,50,28.45,18009.0,0,0
15,50,28.466,17870.0,0,0
15,50,28.466,17870.0,0,0
15,50,28.481,17737.0,0,0
15,50,28.481,17694.0,0,0
15,50,28.497,17715.0,0,0
15,50,28.512,17736.0,0,0
15,50,28.512,17802.0,0,0
15,50,28.528,17867.0,0,0
15,50,28.528,17877.0,0,0
15,50,28.544,17815.0,17815.0,0
15,50,28.544,17753.0,17753.0,0
15,50,28.559,17553.0,17553.0,0
15,50,28.559,17385.0,17385.0,0
15,50,28.575,17328.0,17328.0,0
15,50,28.575,17310.0,17310.0,0
15,50,28.59,17281.0,17281.0,0
15,50,28.59,17289.0,17289.0,0
15,50,28.606,17265.0,17265.0,0
15,50,28.606,17265.0,17265.0,0
15,50,28.622,17088.0,17088.0,0
15,50,28.622,16805.0,16805.0,0
15,50,28.637,16509.0,16509.0,0
15,50,28.637,16509.0,16509.0,0
15,50,28.653,16321.0,16321.0,0
15,50,28.653,16279.0,16279.0,0
15,50,28.668,16375.0,16375.0,0
15,50,28.668,16418.0,16418.0,0
15,50,28.684,16547.0,16547.0,0
15,50,28.684,16693.0,0,0
15,50,28.7,16711.0,0,0
15,50,28.7,16640.0,0,0
15,50,28.746,16569.0,0,0
15,50,28.746,16372.0,0,0
15,50,28.746,16142.0,0,0
15,50,28.746,16022.0,0,0
15,50,28.762,15983.0,0,0
15,50,28.762,15870.0,0,0
15,50,28.762,15810.0,0,0
15,50,28.762,15805.0,0,0
15,50,28.778,15805.0,0,0
15,50,28.778,15887.0,0,0
15,50,28.793,15989.0,0,0
15,50,28.809,16054.0,0,0
15,50,28.809,16054.0,0,0
15,50,28.809,16071.0,0,0
15,50,28.824,15963.0,0,0
15,50,28.824,15765.0,0,0
15,50,28.84,15765.0,0,0
15,50,28.84,15523.0,0,0
15,50,28.856,15427.0,0,0
15,50,28.871,15430.0,0,0
15,50,28.872,15461.0,0,0
15,50,28.872,15556.0,0,0
15,50,28.888,15723.0,0,0
15,50,28.888,15866.0,0,0
15,50,28.903,15890.0,0,0
15,50,28.919,15915.0,0,0
15,50,28.919,15867.0,0,0
15,50,28.935,15713.0,0,0
15,50,28.935,15567.0,0,0
15,50,28.95,15519.0,0,0
15,50,28.95,15312.0,0,0
15,50,28.966,15235.0,0,0
15,50,28.966,15247.0,0,0
15,50,28.981,15247.0,0,0
15,50,28.981,15298.0,0,0
15,50,28.997,15396.0,0,0
15,50,28.997,15495.0,0,0
15,50,29.013,15495.0,0,0
15,50,29.013,15602.0,0,0
15,50,29.028,15657.0,0,0
15,50,29.028,15619.0,0,0
15,50,29.044,15605.0,0,0
15,50,29.044,15566.0,0,0
15,50,29.059,15429.0,0,0
15,50,29.059,15270.0,0,0
15,50,29.075,15207.0,0,0
15,50,29.075,15144.0,0,0
15,50,29.091,15093.0,0,0
15,50,29.091,15122.0,0,0
15,50,29.106,15181.0,0,0
15,50,29.122,15201.0,0,0
15,50,29.122,15335.0,0,0
15,50,29.137,15423.0,0,0
15,50,29.137,15497.0,0,0
15,50,29.153,15497.0,0,0
15,50,29.153,15497.0,0,0
15,50,29.169,15436.0,0,0
15,50,29.169,15326.0,0,0
15,50,29.184,15326.0,0,15326.0
15,50,29.184,15183.0,0,0
15,50,29.2,15099.0,0,0
15,50,29.2,15043.0,0,0
15,50,29.215,15043.0,0,0
15,50,29.215,15018.0,0,0
15,50,29.231,15070.0,0,0
15,50,29.231,15163.0,0,0
15,50,29.247,15189.0,0,0
15,50,29.247,15267.0,0,0
15,50,29.263,15333.0,0,0
15,50,29.263,15356.0,0,0
15,50,29.279,15327.0,0,0
15,50,29.279,15298.0,0,0
15,50,29.294,15228.0,0,0
15,50,29.294,15133.0,0,0
15,50,29.31,15003.0,0,0
15,50,29.31,15045.0,0,0
15,50,29.326,14964.0,0,0
15,50,29.326,14957.0,0,0
15,50,29.341,14954.0,0,0
15,50,29.341,14954.0,0,0
15,50,29.357,15010.0,15010.0,0
15,50,29.357,15119.0,15119.0,0
15,50,29.372,15280.0,15280.0,0
15,50,29.372,15280.0,15280.0,0
15,50,29.388,15523.0,15523.0,0
15,50,29.388,15736.0,15736.0,0
15,50,29.404,15858.0,15858.0,0
15,50,29.404,15878.0,15878.0,0
15,50,29.419,15941.0,15941.0,0
15,50,29.419,15946.0,15946.0,0
15,50,29.435,15993.0,15993.0,0
15,50,29.435,16013.0,16013.0,0
15,50,29.45,16034.0,16034.0,0
15,50,29.45,16173.0,16173.0,0
15,50,29.466,16376.0,16376.0,0
15,50,29.466,16582.0,16582.0,0
15,50,29.482,16651.0,16651.0,0
15,50,29.482,16917.0,16917.0,0
15,50,29.497,17183.0,17183.0,0
15,50,29.497,17289.0,17289.0,0
15,50,29.513,17289.0,17289.0,0
15,50,29.513,17208.0,17208.0,0
15,50,29.528,16951.0,16951.0,0
15,50,29.528,16650.0,16650.0,0
15,50,29.544,16650.0,16650.0,0
15,50,29.544,16392.0,16392.0,0
15,50,29.56,16167.0,16167.0,0
15,50,29.575,15993.0,15993.0,0
15,50,29.575,15993.0,15993.0,0
15,50,29.591,15932.0,15932.0,0
15,50,29.591,15926.0,0,0
15,50,29.606,15968.0,0,0
15,50,29.606,15995.0,0,0
15,50,29.622,16076.0,0,0
15,50,29.638,16193.0,0,0
15,50,29.638,16284.0,0,0
15,50,29.638,16303.0,0,0
15,50,29.653,16323.0,0,0
15,50,29.653,16300.0,0,0
15,50,29.669,16207.0,0,0
15,50,29.669,16133.0,0,0
15,50,29.684,16109.0,0,0
15,50,29.684,16031.0,0,0
15,50,29.7,16024.0,0,0
15,50,29.7,16060.0,0,0
15,50,29.716,16060.0,0,0
15,50,29.716,16139.0,0,0
15,50,29.731,16233.0,0,0
15,50,29.731,16315.0,0,0
15,50,29.747,16315.0,0,0
15,50,29.747,16338.0,0,0
15,50,29.762,16311.0,0,0
15,50,29.762,16238.0,0,0
15,50,29.778,16222.0,0,0
15,50,29.778,16175.0,0,0
15,50,29.794,16154.0,0,0
15,50,29.809,16163.0,0,0
15,50,29.809,16185.0,0,0
15,50,29.825,16207.0,0,0
15,50,29.826,16310.0,0,0
15,50,29.841,16360.0,0,0
15,50,29.841,16393.0,0,0
15,50,29.857,16404.0,0,0
15,50,29.857,16490.0,0,0
15,50,29.873,16613.0,0,0
15,50,29.873,16734.0,0,0
15,50,29.873,16734.0,0,0
15,50,29.888,16872.0,0,0
15,50,29.888,17045.0,0,0
15,50,29.904,17129.0,0,0
15,50,29.904,17129.0,0,0
15,50,29.919,17117.0,0,0
15,50,29.935,17143.0,0,0
15,50,29.935,17153.0,0,0
15,50,29.951,17153.0,0,0
15,50,29.951,17202.0,0,0
15,50,29.966,17331.0,0,0
15,50,29.966,17453.0,0,0
15,50,29.982,17470.0,0,0
15,50,29.982,17523.0,0,0
15,50,29.997,17555.0,0,0
15,50,29.997,17529.0,0,0
15,50,30.013,17525.0,0,0
15,50,30.013,17522.0,0,0
15,50,30.029,17567.0,0,0
15,50,30.029,17662.0,0,0
15,50,30.044,17734.0,0,0
15,50,30.044,17758.0,0,0
15,50,30.06,17772.0,0,0
15,50,30.06,17741.0,0,0
15,50,30.075,17668.0,0,0
15,50,30.075,17668.0,0,0
15,50,30.091,17643.0,0,0
15,50,30.091,17711.0,0,0
15,50,30.107,17855.0,0,0
15,50,30.107,17855.0,0,0
15,50,30.122,18038.0,0,0
15,50,30.122,18165.0,0,0
15,50,30.138,18203.0,0,0
15,50,30.138,18189.0,0,0
15,50,30.153,18147.0,0,0
15,50,30.153,18095.0,0,0
15,50,30.169,18108.0,0,0
15,50,30.169,18141.0,0,0
15,50,30.185,18175.0,0,0
15,50,30.185,18271.0,0,0
15,50,30.2,18361.0,0,0
15,50,30.2,18399.0,0,0
15,50,30.216,18412.0,0,0
15,50,30.216,18405.0,0,0
15,50,30.231,18391.0,0,0
15,50,30.247,18401.0,0,0
15,50,30.247,18401.0,0,0
15,50,30.263,18445.0,0,0
15,50,30.263,18439.0,0,0
15,50,30.278,18446.0,0,0
15,50,30.278,18446.0,0,0
15,50,30.294,18398.0,0,0
15,50,30.294,18297.0,0,0
15,50,30.309,18157.0,0,0
15,50,30.309,18157.0,0,0
15,50,30.325,18031.0,0,0
15,50,30.325,17966.0,0,0
15,50,30.341,17983.0,0,0
15,50,30.341,17992.0,0,0
15,50,30.356,18022.0,0,0
15,50,30.356,18050.0,0,0
15,50,30.372,18021.0,0,0
15,50,30.372,17973.0,0,0
15,50,30.387,17926.0,0,0
15,50,30.387,17752.0,0,0
15,50,30.403,17498.0,0,0
15,50,30.403,17203.0,0,0
15,50,30.419,17105.0,0,0
15,50,30.419,16831.0,0,0
15,50,30.434,16618.0,0,0
15,50,30.434,16443.0,0,0
15,50,30.45,16443.0,0,0
15,50,30.45,16388.0,0,0
15,50,30.465,16342.0,0,0
15,50,30.465,16338.0,0,0
15,50,30.481,16338.0,0,0
15,50,30.481,16395.0,0,0
15,50,30.497,16344.0,0,0
15,50,30.497,16257.0,0,0
15,50,30.512,16213.0,0,0
15,50,30.512,16083.0,0,0
15,50,30.528,15905.0,0,0
15,50,30.528,15724.0,0,0
15,50,30.543,15694.0,0,0
15,50,30.543,15664.0,0,0
15,50,30.559,15660.0,0,0
15,50,30.575,15735.0,0,0
15,50,30.575,15831.0,0,0
15,50,30.59,15864.0,0,0
15,50,30.59,15893.0,0,0
15,50,30.606,15901.0,0,0
15,50,30.606,15906.0,0,0
15,50,30.621,15906.0,0,0
15,50,30.621,15808.0,0,0
15,50,30.637,15685.0,0,0
15,50,30.637,15567.0,0,0
15,50,30.653,15567.0,0,0
15,50,30.653,15482.0,0,0
15,50,30.668,15438.0,0,0
15,50,30.668,15433.0,0,0
15,50,30.684,15433.0,0,0
15,50,30.684,15447.0,0,0
15,50,30.699,15507.0,0,0
15,50,30.699,15602.0,0,0
15,50,30.715,15603.0,0,0
15,50,30.715,15608.0,0,0
15,50,30.731,15507.0,0,0
15,50,30.731,15394.0,0,0
15,50,30.746,15355.0,0,0
15,50,30.746,15317.0,0,0
15,50,30.762,15204.0,0,0
15,50,30.762,15081.0,0,0
15,50,30.777,15021.0,0,0
15,50,30.777,15001.0,0,0
15,50,30.793,14954.0,0,0
15,50,30.793,14942.0,0,0
15,50,30.809,14946.0,0,0
15,50,30.824,14946.0,0,0
15,50,30.824,14936.0,0,0
15,50,30.84,14987.0,0,0
15,50,30.84,15080.0,0,0
15,50,30.855,15080.0,0,0
15,50,30.855,15199.0,0,0
15,50,30.855,15218.0,0,0
15,50,30.871,15172.0,0,0
15,50,30.887,15172.0,0,0
15,50,30.887,15125.0,0,0
15,50,30.902,15055.0,0,0
15,50,30.903,14987.0,0,0
15,50,30.919,14987.0,0,0
15,50,30.919,14988.0,0,0
15,50,30.934,14989.0,0,0
15,50,30.934,15068.0,0,0
15,50,30.95,15096.0,0,0
15,50,30.95,15124.0,0,0
15,50,30.967,15197.0,0,0
15,50,30.967,15235.0,0,0
15,50,30.982,15227.0,0,0
15,50,30.982,15225.0,0,0
15,50,30.998,15289.0,0,0
15,50,30.998,15241.0,0,0
15,50,31.013,15219.0,0,0
15,50,31.013,15219.0,0,0
15,50,31.029,15140.0,0,0
15,50,31.029,15093.0,0,0
15,50,31.045,15074.0,0,0
15,50,31.045,15074.0,0,0
15,50,31.06,15009.0,0,0
15,50,31.06,15033.0,0,0
15,50,31.076,15067.0,0,0
15,50,31.076,15067.0,0,0
15,50,31.091,15075.0,0,0
15,50,31.091,15096.0,0,0
15,50,31.107,15070.0,0,0
15,50,31.107,15059.0,0,0
15,50,31.123,15028.0,0,0
15,50,31.123,14944.0,0,0
15,50,31.138,14885.0,0,0
15,50,31.138,14835.0,0,0
15,50,31.154,14786.0,0,0
15,50,31.154,14735.0,0,0
15,50,31.169,14717.0,0,0
15,50,31.169,14747.0,0,0
15,50,31.185,14758.0,0,0
15,50,31.185,14787.0,0,0
15,50,31.201,14821.0,0,0
15,50,31.201,14835.0,0,0
15,50,31.216,14835.0,0,0
15,50,31.216,14841.0,0,0
15,50,31.232,14880.0,0,0
15,50,31.232,14963.0,0,0
15,50,31.247,14963.0,14963.0,0
15,50,31.247,15079.0,15079.0,0
15,50,31.263,15234.0,15234.0,0
15,50,31.279,15345.0,15345.0,0
15,50,31.279,15345.0,15345.0,0
15,50,31.279,15364.0,15364.0,0
15,50,31.294,15353.0,15353.0,0
15,50,31.294,15339.0,15339.0,0
15,50,31.31,15352.0,15352.0,0
15,50,31.31,15391.0,15391.0,0
15,50,31.325,15536.0,15536.0,0
15,50,31.341,15747.0,15747.0,0
15,50,31.341,15858.0,15858.0,0
15,50,31.357,15970.0,15970.0,0
15,50,31.357,16121.0,16121.0,0
15,50,31.372,16210.0,16210.0,0
15,50,31.372,16258.0,16258.0,0
15,50,31.388,16274.0,16274.0,0
15,50,31.388,16370.0,16370.0,0
15,50,31.403,16478.0,16478.0,0
15,50,31.403,16578.0,16578.0,0
15,50,31.419,16578.0,16578.0,0
15,50,31.419,16631.0,16631.0,0
15,50,31.435,16616.0,16616.0,0
15,50,31.435,16580.0,16580.0,0
15,50,31.45,16580.0,16580.0,0
15,50,31.45,16567.0,16567.0,0
15,50,31.466,16617.0,16617.0,0
15,50,31.466,16717.0,16717.0,0
15,50,31.481,16717.0,16717.0,0
15,50,31.481,16847.0,16847.0,0
15,50,31.497,16952.0,16952.0,0
15,50,31.497,16917.0,16917.0,0
15,50,31.513,16821.0,16821.0,0
15,50,31.513,16789.0,16789.0,0
15,50,31.528,16628.0,16628.0,0
15,50,31.528,16512.0,0,0
15,50,31.544,16492.0,0,0
15,50,31.544,16473.0,0,0
15,50,31.559,16522.0,0,0
15,50,31.559,16662.0,0,0
15,50,31.575,16794.0,0,0
15,50,31.575,16839.0,0,0
15,50,31.591,16932.0,0,0
15,50,31.591,16880.0,0,0
15,50,31.606,16788.0,0,0
15,50,31.606,16788.0,0,0
15,50,31.622,16736.0,0,0
15,50,31.622,16764.0,0,0
15,50,31.637,16884.0,0,0
15,50,31.653,16884.0,0,0
15,50,31.653,17015.0,0,0
15,50,31.669,17123.0,0,0
15,50,31.669,17196.0,0,0
15,50,31.684,17185.0,0,0
15,50,31.684,17152.0,0,0
15,50,31.7,17119.0,0,0
15,50,31.7,17149.0,0,0
15,50,31.715,17152.0,0,0
15,50,31.715,17155.0,0,0
15,50,31.731,17194.0,0,0
15,50,31.731,17225.0,0,0
15,50,31.747,17247.0,0,0
15,50,31.747,17255.0,0,0
15,50,31.762,17260.0,0,0
15,50,31.762,17281.0,0,0
15,50,31.778,17382.0,0,0
15,50,31.778,17382.0,0,0
15,50,31.793,17806.0,0,0
15,50,31.793,18318.0,0,0
15,50,31.809,18669.0,0,18669.0
15,50,31.809,18669.0,0,0
15,50,31.825,19007.0,0,0
15,50,31.825,19212.0,0,0
15,50,31.84,19414.0,0,0
15,50,31.84,19414.0,0,0
15,50,31.856,19565.0,0,0
15,50,31.856,19725.0,0,0
15,50,31.871,19828.0,0,0
15,50,31.871,19862.0,0,0
15,50,31.887,19966.0,0,0
15,50,31.903,20122.0,0,0
15,50,31.903,20258.0,0,0
15,50,31.903,20320.0,0,0
15,50,31.918,20383.0,0,0
15,50,31.918,20432.0,0,0
15,50,31.934,20434.0,0,0
15,50,31.934,20394.0,0,0
15,50,31.949,20381.0,0,0
15,50,31.965,20354.0,0,0
15,50,31.965,20309.0,0,0
15,50,31.981,20297.0,0,0
15,50,31.981,20297.0,0,0
15,50,31.996,20242.0,0,0
15,50,31.996,20047.0,0,0
15,50,32.012,19739.0,19739.0,0
15,50,32.012,19739.0,19739.0,0
15,50,32.027,19349.0,19349.0,0
15,50,32.027,18925.0,18925.0,0
15,50,32.043,18575.0,18575.0,0
15,50,32.043,18524.0,18524.0,0
15,50,32.059,18371.0,18371.0,0
15,50,32.059,18263.0,18263.0,0
15,50,32.074,18173.0,18173.0,0
15,50,32.074,18126.0,18126.0,0
15,50,32.09,18080.0,18080.0,0
15,50,32.09,17944.0,17944.0,0
15,50,32.105,17811.0,17811.0,0
15,50,32.105,17738.0,17738.0,0
15,50,32.121,17714.0,17714.0,0
15,50,32.121,17609.0,17609.0,0
15,50,32.137,17501.0,17501.0,0
15,50,32.137,17351.0,17351.0,0
15,50,32.152,17351.0,17351.0,0
15,50,32.152,17112.0,17112.0,0
15,50,32.168,16888.0,16888.0,0
15,50,32.168,16771.0,16771.0,0
15,50,32.183,16771.0,16771.0,0
15,50,32.199,16769.0,16769.0,0
15,50,32.199,16925.0,16925.0,0
15,50,32.215,17192.0,17192.0,0
15,50,32.215,17192.0,17192.0,0
15,50,32.23,17404.0,17404.0,0
15,50,32.23,17392.0,0,0
15,50,32.246,17191.0,0,0
15,50,32.308,17115.0,0,0
15,50,32.324,16888.0,0,0
15,50,32.324,16584.0,0,0
15,50,32.324,16423.0,0,0
15,50,32.324,16442.0,0,0
15,50,32.339,16461.0,0,0
15,50,32.339,16641.0,0,0
15,50,32.339,16893.0,0,0
15,50,32.339,17058.0,0,0
15,50,32.355,17113.0,0,0
15,50,32.355,17220.0,0,0
15,50,32.355,17176.0,0,0
15,50,32.355,16940.0,0,0
15,50,32.355,16940.0,0,0
15,50,32.355,16700.0,0,0
15,50,32.371,16467.0,0,0
15,50,32.371,16285.0,0,0
15,50,32.386,16285.0,0,0
15,50,32.386,16192.0,0,0
15,50,32.402,16144.0,0,0
15,50,32.402,16110.0,0,0
15,50,32.417,16174.0,0,0
15,50,32.417,16160.0,0,0
15,50,32.433,16280.0,0,0
15,50,32.433,16423.0,0,0
15,50,32.449,16460.0,0,0
15,50,32.449,16572.0,0,0
15,50,32.464,16631.0,0,0
15,50,32.464,16604.0,0,0
15,50,32.48,16540.0,0,0
15,50,32.48,16476.0,0,0
15,50,32.495,16322.0,0,0
15,50,32.495,16239.0,0,0
15,50,32.511,16155.0,0,0
15,50,32.511,16128.0,0,0
15,50,32.527,16046.0,0,0
15,50,32.527,16029.0,0,0
15,50,32.542,16000.0,0,0
15,50,32.542,16000.0,0,0
15,50,32.558,15953.0,0,0
15,50,32.558,15868.0,0,0
15,50,32.573,15810.0,0,0
15,50,32.573,15810.0,0,0
15,50,32.589,15773.0,0,0
15,50,32.589,15770.0,0,0
15,50,32.605,15750.0,0,0
15,50,32.62,15737.0,0,0
15,50,32.62,15700.0,0,0
15,50,32.636,15590.0,0,0
15,50,32.636,15490.0,0,0
15,50,32.651,15439.0,0,0
15,50,32.651,15389.0,0,0
15,50,32.667,15380.0,0,0
15,50,32.667,15439.0,0,0
15,50,32.683,15500.0,0,0
15,50,32.683,15521.0,0,0
15,50,32.698,15602.0,0,0
15,50,32.698,15650.0,0,0
15,50,32.714,15649.0,0,0
15,50,32.714,15649.0,0,0
15,50,32.729,15614.0,0,0
15,50,32.729,15593.0,0,0
15,50,32.745,15589.0,0,0
15,50,32.745,15589.0,0,0
15,50,32.761,15600.0,0,0
15,50,32.761,15566.0,0,0
15,50,32.776,15477.0,0,0
15,50,32.776,15477.0,0,0
15,50,32.792,15422.0,0,0
15,50,32.792,15407.0,0,0
15,50,32.807,15488.0,0,0
15,50,32.807,15511.0,0,0
15,50,32.823,15583.0,0,0
15,50,32.823,15705.0,0,0
15,50,32.839,15762.0,0,0
15,50,32.839,15792.0,0,0
15,50,32.854,15803.0,0,0
15,50,32.854,15824.0,0,0
15,50,32.87,15762.0,0,0
15,50,32.87,15712.0,0,0
15,50,32.885,15712.0,0,0
15,50,32.885,15677.0,0,0
15,50,32.901,15700.0,0,0
15,50,32.901,15816.0,0,0
15,50,32.917,15816.0,0,0
15,50,32.932,16046.0,0,0
15,50,32.933,16296.0,0,0
15,50,32.933,16590.0,0,0
15,50,32.949,16590.0,0,0
15,50,32.949,16734.0,0,0
15,50,32.964,16752.0,0,0
15,50,32.98,16672.0,0,0
15,50,32.98,16656.0,0,0
15,50,32.996,16611.0,0,0
15,50,32.996,16594.0,0,0
15,50,33.011,16684.0,0,0
15,50,33.011,16756.0,0,0
15,50,33.027,16828.0,0,0
15,50,33.027,17005.0,0,0
15,50,33.043,17185.0,0,0
15,50,33.043,17275.0,0,0
15,50,33.059,17306.0,0,0
15,50,33.059,17398.0,0,0
15,50,33.077,17447.0,0,0
15,50,33.084,17487.0,0,0
15,50,33.094,17487.0,0,0
15,50,33.1,17518.0,0,0
15,50,33.11,17521.0,0,0
15,50,33.116,17477.0,0,0
15,50,33.126,17477.0,0,0
15,50,33.132,17388.0,0,0
15,50,33.142,17320.0,0,0
15,50,33.148,17309.0,0,0
15,50,33.156,17318.0,0,0
15,50,33.164,17347.0,0,0
15,50,33.172,17445.0,0,0
15,50,33.18,17551.0,0,0
15,50,33.188,17575.0,0,0
15,50,33.197,17600.0,0,0
15,50,33.204,17563.0,0,0
15,50,33.212,17438.0,0,0
15,50,33.22,17339.0,0,0
15,50,33.225,17306.0,0,0
15,50,33.225,17234.0,0,0
15,50,33.24,17243.0,0,0
15,50,33.24,17356.0,0,0
15,50,33.256,17356.0,0,0
15,50,33.256,17471.0,0,0
15,50,33.271,17559.0,0,0
15,50,33.271,17601.0,0,0
15,50,33.287,17601.0,0,0
15,50,33.287,17634.0,0,0
15,50,33.303,17684.0,0,0
15,50,33.303,17780.0,0,0
15,50,33.318,17780.0,0,0
15,50,33.318,17869.0,0,0
15,50,33.334,17893.0,0,0
15,50,33.334,17794.0,0,0
15,50,33.349,17752.0,0,0
15,50,33.349,17629.0,0,0
15,50,33.365,17492.0,0,0
15,50,33.365,17468.0,0,0
15,50,33.381,17515.0,0,0
15,50,33.396,17563.0,0,0
15,50,33.397,17713.0,0,0
15,50,33.397,17828.0,0,0
15,50,33.413,17864.0,0,0
15,50,33.413,17876.0,0,0
15,50,33.428,17827.0,0,0
15,50,33.444,17722.0,0,0
15,50,33.444,17653.0,0,0
15,50,33.46,17653.0,0,0
15,50,33.46,17655.0,0,0
15,50,33.475,17684.0,0,0
15,50,33.475,17717.0,0,0
15,50,33.491,17717.0,0,0
15,50,33.491,17746.0,0,0
15,50,33.506,17772.0,0,0
15,50,33.506,17743.0,0,0
15,50,33.522,17753.0,0,0
15,50,33.522,17784.0,0,0
15,50,33.538,17809.0,0,0
15,50,33.538,17860.0,0,0
15,50,33.553,17860.0,0,0
15,50,33.553,17862.0,0,0
15,50,33.569,17807.0,0,0
15,50,33.569,17724.0,0,0
15,50,33.584,17626.0,0,0
15,50,33.584,17657.0,0,0
15,50,33.6,17685.0,0,0
15,50,33.6,17759.0,0,0
15,50,33.616,17805.0,0,0
15,50,33.616,17821.0,0,0
15,50,33.631,17847.0,0,0
15,50,33.631,17797.0,0,0
15,50,33.647,17703.0,0,0
15,50,33.647,17703.0,0,0
15,50,33.662,17654.0,0,0
15,50,33.662,17627.0,0,0
15,50,33.678,17657.0,0,0
15,50,33.694,17657.0,0,0
15,50,33.694,17743.0,0,0
15,50,33.709,17825.0,0,0
15,50,33.709,17843.0,0,0
15,50,33.725,17843.0,0,0
15,50,33.725,17783.0,0,0
15,50,33.74,17716.0,0,0
15,50,33.74,17682.0,0,0
15,50,33.756,17691.0,0,0
15,50,33.756,17721.0,0,0
15,50,33.772,17795.0,0,0
15,50,33.772,17884.0,0,0
15,50,33.787,17899.0,0,0
15,50,33.787,17915.0,0,0
15,50,33.803,17858.0,0,0
15,50,33.803,17682.0,0,0
15,50,33.818,17578.0,0,0
15,50,33.818,17544.0,0,0
15,50,33.834,17529.0,0,0
15,50,33.834,17618.0,0,0
15,50,33.85,17756.0,0,0
15,50,33.85,17756.0,0,0
15,50,33.865,17829.0,0,0
15,50,33.865,17658.0,0,0
15,50,33.881,17359.0,0,0
15,50,33.881,17359.0,0,0
15,50,33.896,17051.0,0,0
15,50,33.896,16803.0,0,0
15,50,33.912,16670.0,0,0
15,50,33.912,16667.0,0,0
15,50,33.928,16660.0,0,0
15,50,33.928,16721.0,0,0
15,50,33.944,16755.0,0,0
15,50,33.944,16734.0,0,0
15,50,33.96,16713.0,0,0
15,50,33.96,16575.0,0,0
15,50,33.975,16347.0,0,0
15,50,33.975,16141.0,0,0
15,50,33.991,16073.0,0,0
15,50,33.991,15870.0,0,0
15,50,34.007,15786.0,0,0
15,50,34.007,15775.0,0,0
15,50,34.022,15775.0,0,0
15,50,34.022,15856.0,0,0
15,50,34.038,15958.0,0,0
15,50,34.038,16080.0,0,0
15,50,34.053,16080.0,0,0
15,50,34.053,16118.0,0,0
15,50,34.069,16124.0,0,0
15,50,34.069,16010.0,0,0
15,50,34.085,16010.0,0,0
15,50,34.085,15844.0,0,0
15,50,34.1,15626.0,0,0
15,50,34.1,15422.0,0,0
15,50,34.116,15385.0,0,0
15,50,34.131,15276.0,0,0
15,50,34.131,15235.0,0,0
15,50,34.147,15324.0,0,0
15,50,34.147,15404.0,0,0
15,50,34.163,15485.0,0,0
15,50,34.163,15627.0,0,0
15,50,34.178,15686.0,0,0
15,50,34.178,15637.0,0,0
15,50,34.194,15621.0,0,0
15,50,34.194,15491.0,0,0
15,50,34.209,15351.0,0,0
15,50,34.209,15298.0,0,0
15,50,34.225,15298.0,0,0
15,50,34.225,15328.0,0,0
15,50,34.241,15411.0,0,0
15,50,34.241,15498.0,0,0
15,50,34.256,15498.0,0,0
15,50,34.256,15552.0,0,0
15,50,34.272,15588.0,0,0
15,50,34.272,15594.0,0,0
15,50,34.287,15594.0,0,0
15,50,34.287,15562.0,0,0
15,50,34.303,15530.0,0,0
15,50,34.303,15447.0,0,0
15,50,34.319,15432.0,0,0
15,50,34.319,15387.0,0,0
15,50,34.334,15344.0,0,0
15,50,34.334,15299.0,0,0
15,50,34.35,15320.0,0,0
15,50,34.35,15341.0,0,0
15,50,34.381,15406.0,0,0
15,50,34.381,15422.0,0,0
15,50,34.381,15373.0,0,0
15,50,34.397,15373.0,0,0
15,50,34.397,15230.0,0,0
15,50,34.397,15099.0,0,0
15,50,34.421,14977.0,0,0
15,50,34.428,14977.0,0,0
15,50,34.435,14914.0,0,0
15,50,34.443,14907.0,0,0
15,50,34.451,14962.0,0,0
15,50,34.459,14962.0,0,0
15,50,34.467,15017.0,0,0
15,50,34.475,15059.0,0,0
15,50,34.483,15092.0,0,0
15,50,34.491,15099.0,0,0
15,50,34.499,15123.0,0,0
15,50,34.508,15151.0,0,0
15,50,34.515,15144.0,0,0
15,50,34.523,15139.0,0,0
15,50,34.531,15135.0,0,0
15,50,34.539,15057.0,0,0
15,50,34.547,15015.0,0,0
15,50,34.555,14951.0,0,0
15,50,34.563,14930.0,0,0
15,50,34.571,14926.0,0,0
15,50,34.579,14940.0,0,0
15,50,34.587,14981.0,0,0
15,50,34.595,14981.0,0,0
15,50,34.603,15038.0,0,0
15,50,34.611,15088.0,0,0
15,50,34.619,15093.0,0,0
15,50,34.625,15093.0,0,0
15,50,34.625,15087.0,0,0
15,50,34.641,15029.0,0,0
15,50,34.641,15002.0,0,0
15,50,34.656,14996.0,0,0
15,50,34.656,14979.0,0,0
15,50,34.672,14952.0,0,0
15,50,34.672,14975.0,0,0
15,50,34.688,14998.0,0,0
15,50,34.688,15022.0,0,0
15,50,34.703,15060.0,0,0
15,50,34.703,15115.0,0,0
15,50,34.719,15155.0,0,0
15,50,34.719,15169.0,0,0
15,50,34.734,15186.0,0,0
15,50,34.734,15215.0,0,0
15,50,34.75,15238.0,0,0
15,50,34.75,15238.0,0,0
15,50,34.766,15224.0,0,0
15,50,34.766,15217.0,0,0
15,50,34.781,15253.0,0,0
15,50,34.781,15253.0,0,0
15,50,34.797,15291.0,0,0
15,50,34.797,15322.0,0,0
15,50,34.812,15329.0,0,0
15,50,34.812,15329.0,0,0
15,50,34.828,15343.0,0,0
15,50,34.828,15376.0,0,0
15,50,34.844,15400.0,0,0
15,50,34.859,15415.0,0,0
15,50,34.859,15461.0,0,0
15,50,34.875,15497.0,0,0
15,50,34.875,15497.0,0,0
15,50,34.89,15464.0,0,0
15,50,34.89,15431.0,0,0
15,50,34.906,15350.0,0,0
15,50,34.906,15234.0,0,0
15,50,34.922,15179.0,0,0
15,50,34.922,15161.0,0,0
15,50,34.937,15124.0,0,0
15,50,34.937,15168.0,0,0
15,50,34.954,15258.0,0,0
15,50,34.954,15258.0,0,0
15,50,34.969,15341.0,0,0
15,50,34.969,15432.0,0,0
15,50,34.985,15537.0,0,0
15,50,34.985,15537.0,0,0
15,50,35.001,15606.0,0,0
15,50,35.001,15625.0,0,0
15,50,35.016,15642.0,0,0
15,50,35.016,15642.0,0,0
15,50,35.032,15682.0,15682.0,0
15,50,35.032,15785.0,15785.0,0
15,50,35.047,15956.0,15956.0,0
15,50,35.047,16066.0,16066.0,0
15,50,35.063,16142.0,16142.0,0
15,50,35.063,16323.0,16323.0,0
15,50,35.079,16468.0,16468.0,0
15,50,35.079,16515.0,16515.0,0
15,50,35.094,16531.0,16531.0,0
15,50,35.094,16515.0,16515.0,0
15,50,35.11,16464.0,16464.0,16464.0
15,50,35.11,16388.0,16388.0,0
15,50,35.125,16388.0,16388.0,0
15,50,35.125,16341.0,16341.0,0
15,50,35.141,16346.0,16346.0,0
15,50,35.141,16414.0,16414.0,0
15,50,35.157,16414.0,16414.0,0
15,50,35.157,16534.0,16534.0,0
15,50,35.174,16654.0,16654.0,0
15,50,35.174,16782.0,16782.0,0
15,50,35.19,16782.0,16782.0,0
15,50,35.19,16956.0,16956.0,0
15,50,35.205,17098.0,17098.0,0
15,50,35.205,17211.0,17211.0,0
15,50,35.221,17234.0,17234.0,0
15,50,35.221,17306.0,17306.0,0
15,50,35.237,17344.0,17344.0,0
15,50,35.237,17343.0,17343.0,0
15,50,35.252,17353.0,17353.0,0
15,50,35.252,17363.0,17363.0,0
15,50,35.268,17416.0,17416.0,0
15,50,35.268,17540.0,17540.0,0
15,50,35.283,17622.0,17622.0,0
15,50,35.299,17650.0,17650.0,0
15,50,35.299,17704.0,17704.0,0
15,50,35.315,17678.0,17678.0,0
15,50,35.315,17554.0,17554.0,0
15,50,35.33,17554.0,17554.0,0
15,50,35.33,17392.0,17392.0,0
15,50,35.346,17251.0,17251.0,0
15,50,35.346,17056.0,17056.0,0
15,50,35.361,17056.0,17056.0,0
15,50,35.361,16846.0,0,0
15,50,35.377,16625.0,0,0
15,50,35.377,16437.0,0,0
15,50,35.393,16373.0,0,0
15,50,35.393,16280.0,0,0
15,50,35.408,16172.0,0,0
15,50,35.408,16139.0,0,0
15,50,35.424,16138.0,0,0
15,50,35.424,16138.0,0,0
15,50,35.439,16113.0,0,0
15,50,35.439,16077.0,0,0
15,50,35.455,16052.0,0,0
15,50,35.455,16028.0,0,0
15,50,35.471,15907.0,0,0
15,50,35.471,15786.0,0,0
15,50,35.486,15704.0,0,0
15,50,35.486,15677.0,0,0
15,50,35.502,15609.0,0,0
15,50,35.502,15610.0,0,0
15,50,35.517,15633.0,0,0
15,50,35.517,15633.0,0,0
15,50,35.533,15673.0,0,0
15,50,35.533,15746.0,0,0
15,50,35.549,15799.0,0,0
15,50,35.549,15799.0,0,0
15,50,35.564,15830.0,0,0
15,50,35.564,15795.0,0,0
15,50,35.58,15732.0,0,0
15,50,35.58,15706.0,0,0
15,50,35.595,15630.0,0,0
15,50,35.595,15535.0,0,0
15,50,35.611,15475.0,0,0
15,50,35.627,15475.0,0,0
15,50,35.627,15475.0,0,0
15,50,35.642,15542.0,0,0
15,50,35.642,15651.0,0,0
15,50,35.658,15705.0,0,0
15,50,35.658,15724.0,0,0
15,50,35.673,15711.0,0,0
15,50,35.673,15649.0,0,0
15,50,35.689,15528.0,0,0
15,50,35.689,15528.0,0,0
15,50,35.705,15439.0,0,0
15,50,35.705,15359.0,0,0
15,50,35.72,15345.0,0,0
15,50,35.72,15345.0,0,0
15,50,35.736,15350.0,0,0
15,50,35.736,15387.0,0,0
15,50,35.751,15444.0,0,0
15,50,35.751,15444.0,0,0
15,50,35.767,15468.0,0,0
15,50,35.767,15492.0,0,0
15,50,35.783,15407.0,0,0
15,50,35.783,15389.0,0,0
15,50,35.798,15335.0,0,0
15,50,35.798,15253.0,0,0
15,50,35.814,15124.0,0,0
15,50,35.814,15056.0,0,0
15,50,35.829,14989.0,0,0
15,50,35.829,14929.0,0,0
15,50,35.845,14934.0,0,0
15,50,35.845,14990.0,0,0
15,50,35.861,15009.0,0,0
15,50,35.861,15099.0,0,0
15,50,35.876,15180.0,0,0
15,50,35.876,15234.0,0,0
15,50,35.892,15234.0,0,0
15,50,35.892,15236.0,0,0
15,50,35.907,15216.0,0,0
15,50,35.907,15201.0,0,0
15,50,35.923,15201.0,0,0
15,50,35.939,15102.0,0,0
15,50,35.939,15056.0,0,0
15,50,35.954,15058.0,0,0
15,50,35.954,15058.0,0,0
15,50,35.97,15072.0,0,0
15,50,35.971,15132.0,0,0
15,50,35.971,15208.0,0,0
15,50,35.986,15214.0,0,0
15,50,36.002,15234.0,0,0
15,50,36.002,15155.0,0,0
15,50,36.018,15094.0,0,0
15,50,36.018,15056.0,0,0
15,50,36.033,15019.0,0,0
15,50,36.033,14950.0,0,0
15,50,36.049,14897.0,0,0
15,50,36.049,14864.0,0,0
15,50,36.064,14853.0,0,0
15,50,36.064,14850.0,0,0
15,50,36.08,14837.0,0,0
15,50,36.08,14859.0,0,0
15,50,36.096,14859.0,0,0
15,50,36.096,14905.0,0,0
15,50,36.111,14986.0,0,0
15,50,36.111,15047.0,0,0
15,50,36.127,15047.0,0,0
15,50,36.127,15082.0,0,0
15,50,36.142,15073.0,0,0
15,50,36.142,15038.0,0,0
15,50,36.158,15036.0,0,0
15,50,36.158,15032.0,0,0
15,50,36.174,15033.0,0,0
15,50,36.174,15047.0,0,0
15,50,36.189,15038.0,0,0
15,50,36.189,15029.0,0,0
15,50,36.205,15031.0,0,0
15,50,36.205,15015.0,0,0
15,50,36.22,15023.0,0,0
15,50,36.22,15026.0,0,0
15,50,36.236,15039.0,0,0
15,50,36.252,15057.0,0,0
15,50,36.252,15026.0,0,0
15,50,36.267,15026.0,0,0
15,50,36.267,14958.0,0,0
15,50,36.283,14888.0,0,0
15,50,36.283,14828.0,0,0
15,50,36.298,14828.0,0,0
15,50,36.298,14790.0,0,0
15,50,36.314,14810.0,0,0
15,50,36.314,14863.0,0,0
15,50,36.33,14863.0,0,0
15,50,36.33,14943.0,0,0
15,50,36.345,15000.0,0,0
15,50,36.345,15019.0,0,0
15,50,36.361,15020.0,0,0
15,50,36.361,15025.0,0,0
15,50,36.376,15057.0,0,0
15,50,36.376,15041.0,0,0
15,50,36.392,15025.0,0,0
15,50,36.392,15010.0,0,0
15,50,36.408,14976.0,0,0
15,50,36.408,14957.0,0,0
15,50,36.423,14951.0,0,0
15,50,36.423,14950.0,0,0
15,50,36.439,14997.0,0,0
15,50,36.439,15066.0,0,0
15,50,36.454,15154.0,0,0
15,50,36.454,15154.0,0,0
15,50,36.47,15224.0,0,0
15,50,36.47,15254.0,0,0
15,50,36.486,15295.0,0,0
15,50,36.486,15295.0,0,0
15,50,36.501,15284.0,0,0
15,50,36.501,15290.0,0,0
15,50,36.517,15304.0,0,0
15,50,36.517,15319.0,0,0
15,50,36.532,15365.0,0,0
15,50,36.532,15421.0,0,0
15,50,36.548,15471.0,0,0
15,50,36.548,15485.0,0,0
15,50,36.564,15500.0,0,0
15,50,36.564,15521.0,0,0
15,50,36.579,15518.0,0,0
15,50,36.579,15527.0,0,0
15,50,36.595,15531.0,0,0
15,50,36.61,15520.0,0,0
15,50,36.61,15532.0,0,0
15,50,36.626,15504.0,0,0
15,50,36.626,15504.0,0,0
15,50,36.642,15485.0,0,0
15,50,36.642,15469.0,0,0
15,50,36.657,15487.0,0,0
15,50,36.657,15487.0,0,0
15,50,36.673,15498.0,0,0
15,50,36.673,15539.0,0,0
15,50,36.688,15580.0,0,0
15,50,36.688,15580.0,0,0
15,50,36.704,15621.0,0,0
15,50,36.704,15640.0,0,0
15,50,36.72,15643.0,0,0
15,50,36.72,15639.0,0,0
15,50,36.735,15630.0,0,0
15,50,36.735,15607.0,0,0
15,50,36.751,15608.0,0,0
15,50,36.751,15601.0,0,0
15,50,36.766,15595.0,0,0
15,50,36.766,15633.0,0,0
15,50,36.782,15646.0,0,0
15,50,36.782,15664.0,0,0
15,50,36.798,15670.0,0,0
15,50,36.798,15733.0,0,0
15,50,36.813,15729.0,0,0
15,50,36.813,15744.0,0,0
15,50,36.829,15744.0,0,0
15,50,36.829,15749.0,0,0
15,50,36.844,15740.0,0,0
15,50,36.844,15694.0,0,0
15,50,36.86,15694.0,0,0
15,50,36.86,15705.0,0,0
15,50,36.876,15714.0,0,0
15,50,36.876,15714.0,0,0
15,50,36.891,15714.0,0,0
15,50,36.891,15739.0,0,0
15,50,36.907,15768.0,0,0
15,50,36.922,15778.0,0,0
15,50,36.922,15761.0,0,0
15,50,36.922,15710.0,0,0
15,50,36.938,15658.0,0,0
15,50,36.938,15616.0,0,0
15,50,36.954,15630.0,0,0
15,50,36.969,15644.0,0,0
15,50,36.969,15677.0,0,0
15,50,36.985,15703.0,0,0
15,50,36.986,15694.0,0,0
15,50,37.001,15691.0,0,0
15,50,37.001,15697.0,0,0
15,50,37.017,15715.0,0,0
15,50,37.017,15662.0,0,0
15,50,37.033,15662.0,0,0
15,50,37.033,15660.0,0,0
15,50,37.048,15686.0,0,0
15,50,37.048,15715.0,0,0
15,50,37.064,15715.0,0,0
15,50,37.064,15787.0,0,0
15,50,37.079,15849.0,0,0
15,50,37.079,15827.0,0,0
15,50,37.095,15827.0,0,0
15,50,37.095,15781.0,0,0
15,50,37.111,15761.0,0,0
15,50,37.111,15759.0,0,0
15,50,37.126,15771.0,0,0
15,50,37.126,15808.0,0,0
15,50,37.142,15862.0,0,0
15,50,37.142,15882.0,0,0
15,50,37.157,15860.0,0,0
15,50,37.157,15838.0,0,0
15,50,37.173,15783.0,0,0
15,50,37.173,15701.0,0,0
15,50,37.189,15683.0,0,0
15,50,37.189,15677.0,0,0
15,50,37.204,15700.0,0,0
15,50,37.204,15789.0,0,0
15,50,37.22,15801.0,0,0
15,50,37.22,15806.0,0,0
15,50,37.235,15846.0,0,0
15,50,37.251,15808.0,0,0
15,50,37.251,15817.0,0,0
15,50,37.267,15817.0,0,0
15,50,37.267,15854.0,0,0
15,50,37.282,15832.0,0,0
15,50,37.282,15801.0,0,0
15,50,37.282,15801.0,0,0
15,50,37.298,15821.0,0,0
15,50,37.313,15816.0,0,0
15,50,37.313,15833.0,0,0
15,50,37.329,15897.0,0,0
15,50,37.329,15916.0,0,0
15,50,37.345,15876.0,0,0
15,50,37.345,15874.0,0,0
15,50,37.36,15852.0,0,0
15,50,37.36,15787.0,0,0
15,50,37.376,15666.0,0,0
15,50,37.376,15648.0,0,0
15,50,37.391,15641.0,0,0
15,50,37.391,15634.0,0,0
15,50,37.407,15679.0,0,0
15,50,37.407,15678.0,0,0
15,50,37.423,15699.0,0,0
15,50,37.423,15706.0,0,0
15,50,37.438,15725.0,0,0
15,50,37.438,15719.0,0,0
15,50,37.454,15723.0,0,0
15,50,37.454,15723.0,0,0
15,50,37.469,15731.0,0,0
15,50,37.469,15770.0,0,0
15,50,37.485,15787.0,0,0
15,50,37.485,15787.0,0,0
15,50,37.501,15825.0,0,0
15,50,37.501,15774.0,0,0
15,50,37.516,15748.0,0,0
15,50,37.516,15748.0,0,0
15,50,37.532,15743.0,0,0
15,50,37.532,15685.0,0,0
15,50,37.547,15656.0,0,0
15,50,37.547,15653.0,0,0
15,50,37.563,15647.0,0,0
15,50,37.563,15632.0,0,0
15,50,37.579,15637.0,0,0
15,50,37.579,15631.0,0,0
15,50,37.594,15614.0,0,0
15,50,37.594,15626.0,0,0
15,50,37.61,15632.0,0,0
15,50,37.61,15638.0,0,0
15,50,37.625,15645.0,0,0
15,50,37.625,15622.0,0,0
15,50,37.641,15613.0,0,0
15,50,37.641,15611.0,0,0
15,50,37.657,15611.0,0,0
15,50,37.672,15532.0,0,0
15,50,37.672,15480.0,0,0
15,50,37.688,15435.0,0,0
15,50,37.688,15435.0,0,0
15,50,37.703,15430.0,0,0
15,50,37.703,15447.0,0,0
15,50,37.719,15451.0,0,0
15,50,37.719,15451.0,0,0
15,50,37.735,15482.0,0,0
15,50,37.735,15494.0,0,0
15,50,37.75,15499.0,0,0
15,50,37.75,15499.0,0,0
15,50,37.766,15479.0,0,0
15,50,37.766,15463.0,0,0
15,50,37.781,15414.0,0,0
15,50,37.781,15410.0,0,0
15,50,37.797,15398.0,0,0
15,50,37.797,15355.0,0,0
15,50,37.813,15355.0,0,0
15,50,37.813,15370.0,0,0
15,50,37.828,15386.0,0,0
15,50,37.828,15409.0,0,0
15,50,37.844,15424.0,0,0
15,50,37.844,15445.0,0,0
15,50,37.859,15466.0,0,0
15,50,37.859,15495.0,0,0
15,50,37.875,15483.0,0,0
15,50,37.875,15466.0,0,0
15,50,37.891,15461.0,0,0
15,50,37.891,15443.0,0,0
15,50,37.906,15437.0,0,0
15,50,37.906,15394.0,0,0
15,50,37.922,15394.0,0,0
15,50,37.922,15421.0,0,0
15,50,37.937,15451.0,0,0
15,50,37.953,15518.0,0,0
15,50,37.953,15518.0,0,0
15,50,37.969,15590.0,0,0
15,50,37.969,15637.0,0,0
15,50,37.969,15651.0,0,0
15,50,37.984,15651.0,0,0
15,50,37.984,15700.0,0,0
15,50,38.009,15722.0,0,0
15,50,38.016,15718.0,0,0
15,50,38.02,15727.0,0,0
15,50,38.02,15757.0,0,0
15,50,38.035,15783.0,0,0
15,50,38.035,15843.0,0,0
15,50,38.051,15870.0,0,0
15,50,38.051,15898.0,0,0
15,50,38.067,15951.0,0,0
15,50,38.067,16000.0,0,0
15,50,38.082,16024.0,0,0
15,50,38.082,16032.0,0,0
15,50,38.098,16079.0,0,0
15,50,38.098,16077.0,0,0
15,50,38.113,16095.0,0,0
15,50,38.113,16102.0,0,0
15,50,38.129,16099.0,0,0
15,50,38.129,16094.0,0,0
15,50,38.145,16099.0,0,0
15,50,38.145,16099.0,0,0
15,50,38.16,16105.0,0,0
15,50,38.16,16138.0,0,0
15,50,38.176,16163.0,0,0
15,50,38.176,16163.0,0,0
15,50,38.191,16187.0,0,0
15,50,38.191,16220.0,0,0
15,50,38.207,16227.0,0,0
15,50,38.223,16227.0,0,0
15,50,38.223,16191.0,0,0
15,50,38.238,16194.0,0,0
15,50,38.238,16185.0,0,0
15,50,38.254,16190.0,0,0
15,50,38.254,16205.0,0,0
15,50,38.269,16195.0,0,0
15,50,38.269,16222.0,0,0
15,50,38.285,16224.0,0,0
15,50,38.285,16227.0,0,0
15,50,38.301,16239.0,0,0
15,50,38.301,16259.0,0,0
15,50,38.316,16279.0,0,0
15,50,38.316,16286.0,0,0
15,50,38.332,16337.0,0,0
15,50,38.332,16313.0,0,0
15,50,38.347,16347.0,0,0
15,50,38.347,16347.0,0,0
15,50,38.363,16352.0,0,0
15,50,38.363,16348.0,0,0
15,50,38.379,16382.0,0,0
15,50,38.379,16382.0,0,0
15,50,38.394,16406.0,0,0
15,50,38.394,16453.0,0,0
15,50,38.41,16488.0,0,0
15,50,38.41,16488.0,0,0
15,50,38.425,16493.0,0,0
15,50,38.425,16502.0,0,0
15,50,38.441,16519.0,0,0
15,50,38.441,16521.0,0,0
15,50,38.457,16530.0,0,0
15,50,38.457,16519.0,0,0
15,50,38.472,16547.0,0,0
15,50,38.472,16542.0,0,0
15,50,38.488,16537.0,0,0
15,50,38.488,16530.0,0,0
15,50,38.503,16516.0,0,0
15,50,38.503,16520.0,0,0
15,50,38.519,16525.0,0,0
15,50,38.535,16542.0,0,0
15,50,38.535,16540.0,0,0
15,50,38.535,16559.0,0,0
15,50,38.55,16566.0,0,0
15,50,38.55,16592.0,0,0
15,50,38.568,16617.0,0,0
15,50,38.568,16644.0,0,0
15,50,38.583,16644.0,0,0
15,50,38.583,16648.0,0,0
15,50,38.599,16647.0,0,0
15,50,38.599,16625.0,0,0
15,50,38.615,16625.0,0,0
15,50,38.615,16637.0,0,0
15,50,38.63,16657.0,0,0
15,50,38.63,16670.0,0,0
15,50,38.646,16670.0,0,0
15,50,38.661,16661.0,0,0
15,50,38.661,16655.0,0,0
15,50,38.677,16676.0,0,0
15,50,38.677,16674.0,0,0
15,50,38.693,16670.0,0,0
15,50,38.693,16686.0,0,0
15,50,38.709,16727.0,0,0
15,50,38.709,16760.0,0,0
15,50,38.725,16794.0,0,0
15,50,38.725,16913.0,0,0
15,50,38.74,17042.0,0,0
15,50,38.74,17134.0,0,0
15,50,38.756,17165.0,0,0
15,50,38.756,17245.0,0,0
15,50,38.772,17378.0,0,0
15,50,38.772,17498.0,0,0
15,50,38.787,17498.0,0,0
15,50,38.787,17647.0,0,0
15,50,38.803,17802.0,0,0
15,50,38.803,17914.0,0,0
15,50,38.818,17914.0,0,0
15,50,38.818,18049.0,0,0
15,50,38.834,18169.0,0,0
15,50,38.834,18241.0,0,0
15,50,38.85,18241.0,0,0
15,50,38.85,18260.0,0,0
15,50,38.865,18264.0,0,0
15,50,38.865,18308.0,0,0
15,50,38.881,18316.0,0,0
15,50,38.881,18340.0,0,0
15,50,38.896,18411.0,0,0
15,50,38.896,18465.0,0,0
15,50,38.912,18499.0,0,0
15,50,38.912,18534.0,0,0
15,50,38.928,18616.0,0,0
15,50,38.928,18672.0,0,0
15,50,38.943,18710.0,0,0
15,50,38.943,18723.0,0,0
15,50,38.959,18729.0,0,0
15,50,38.959,18694.0,0,0
15,50,38.974,18672.0,0,0
15,50,38.974,18665.0,0,0
15,50,38.99,18607.0,0,0
15,50,39.006,18606.0,0,0
15,50,39.006,18572.0,0,0
15,50,39.021,18572.0,0,0
15,50,39.022,18591.0,0,0
15,50,39.022,18588.0,0,0
15,50,39.038,18570.0,0,0
15,50,39.038,18570.0,0,0
15,50,39.053,18565.0,0,0
15,50,39.053,18547.0,0,0
15,50,39.069,18529.0,0,0
15,50,39.069,18529.0,0,0
15,50,39.085,18529.0,0,0
15,50,39.1,18553.0,0,0
15,50,39.1,18557.0,0,0
15,50,39.116,18558.0,0,0
15,50,39.116,18564.0,0,0
15,50,39.131,18556.0,0,0
15,50,39.131,18558.0,0,0
15,50,39.147,18565.0,0,0
15,50,39.147,18572.0,0,0
15,50,39.163,18603.0,0,0
15,50,39.163,18544.0,0,0
15,50,39.178,18516.0,0,0
15,50,39.178,18507.0,0,0
15,50,39.194,18517.0,0,0
15,50,39.194,18499.0,0,0
15,50,39.209,18470.0,0,0
15,50,39.209,18470.0,0,0
15,50,39.225,18463.0,0,0
15,50,39.225,18452.0,0,0
15,50,39.241,18447.0,0,0
15,50,39.241,18447.0,0,0
